iter,GWP_IL_A,MSP_IL_A,GWP_IL_B,MSP_IL_B,GWP_FA_A,MSP_FA_A,GWP_FA_B,MSP_FA_B,GWP_BC_A,MSP_BC_A,GWP_BC_B,MSP_BC_B,GWP_LC3_A,MSP_LC3_A,GWP_LC3_B,MSP_LC3_B,in_cao_field,in_CE,in_ce0_field,in_util,in_ta_retained,in_grind_e,in_crush_alloc,in_dry_MJ_per_kg_water,in_labor_rate,in_labor_fte_bc_A,in_labor_fte_bc_B,in_price_il,in_price_fa,in_price_lc3_factor,in_price_elec,in_price_ta,in_price_co2,in_price_rcf,in_plant_common_A_cost,in_plant_common_B_cost
0,0.20568819132896357,4.9439732039363555,0.20568819132896357,5.5673924951754525,0.14853792188994894,4.289952841769811,0.14853792188994894,4.913493389671532,0.1649666300735038,7.4848623782015204,0.14543116637859854,6.6780036056040855,0.145077574985614,4.44616963760737,0.145077574985614,5.06968122260762,0.167467062766085,0.8214143084193171,0.13850322587796277,0.9518810801231374,0.7921906523953728,0.0381181464016538,0.6637302342385907,4.415232467805136,35.059136129410575,1.8011870839931137,1.668579688441386,151.731891114752,58.179515981092806,0.8596655743955405,0.060291956548372556,13.602719748444855,52.27379372249419,28.05578845183846,924750.7405765678,2077184.5191318032
1,0.20939238307498861,4.879989850033885,0.20939238307498861,5.239382603121955,0.15224211363597398,4.254199715679237,0.15224211363597398,4.613592468767308,0.1634316511676809,7.3198555833602335,0.14570590485749468,5.965688067464506,0.14878176673163904,4.452206081619779,0.14878176673163904,4.811598834707849,0.3847972980639938,0.7421430302038884,0.26298147001083205,0.9866586086967354,0.8776206486522677,0.03275923129377188,0.5277488944480444,3.8275691109275014,23.973657049881858,3.51546112168477,1.5997261404441396,146.33736428192833,56.56209641935736,0.874935892459235,0.10658051146807578,10.168020071790933,95.53495775229766,6.035805414670373,1754326.9662219104,1791412.538500134
2,0.21057441408271654,5.665816049459495,0.21057441408271654,6.069272076911501,0.1534241446437019,4.829275022940588,0.1534241446437019,5.232731050392596,0.1672296779716716,7.771170744067729,0.14669843860439247,6.4974037409549465,0.14996379773936697,5.299148332402699,0.14996379773936697,5.702604359854706,0.42104857027916565,0.8032645904385455,0.34912691948653124,0.9188676433274717,0.6033811091534658,0.039960480289000684,0.3390413178212536,4.415765768765815,27.765507638831384,1.8875294479228901,1.758070044172781,178.90718405960695,59.08703049025998,0.9123183912621731,0.10462616815813648,12.139058876241824,72.27099765910194,25.460570144200663,1738972.367917487,1885526.6648093371
3,0.21030029554582158,4.903058012609065,0.21030029554582158,5.398868067702872,0.15315002610680695,4.396465463893503,0.15315002610680695,4.892275518987311,0.16917878369404735,7.080137119184406,0.1477372100964487,5.832947249422883,0.149689679202472,5.257482977140315,0.149689679202472,5.753271237510156,0.3501597121130507,0.7892010667759322,0.2950792252101768,0.8523566342307854,0.7817560335524056,0.04140816331247372,0.8830924181734805,4.665339780075946,24.00831641537161,3.4734098443613193,1.4018286722524906,151.06027371686332,78.35266884719869,1.10037162267082,0.0927418029398625,8.269431116370862,77.34400246455678,21.025041596416788,1241683.4782172828,1944950.0595560898
4,0.2059861323527794,5.279996307786823,0.2059861323527794,6.024778862245427,0.14883586291376477,4.631365402948043,0.14883586291376477,5.376268214853271,0.164233434116789,6.847622405386581,0.1460930925839704,6.0188526092590875,0.14537551600942983,5.652898835490424,0.14537551600942983,6.3976122530863115,0.17158491091177708,0.7392010765347349,0.1297009780073025,0.8340447218231148,0.482424338033455,0.03928033175746944,0.720381319651987,4.1261270387979545,23.122831557031578,1.8101346223832917,0.6721515633819443,169.2187846167303,76.35623194801693,1.0942605228059914,0.07601436939000443,10.377597037009966,111.37842672388305,14.655286955299271,999488.3181867034,2601101.980569565
5,0.20651197405685603,5.698398371001368,0.20651197405685603,5.977212934028793,0.14936170461784143,4.777822722074826,0.14936170461784143,5.056637285102251,0.1595033450786073,6.650848939822758,0.1450135645011102,5.411839512892974,0.14590135771350649,5.830582812333372,0.14590135771350649,6.109397375360797,0.270395714707152,0.7789117422689142,0.2908226703006129,0.9779164371361682,0.3520822018681282,0.04250423915457868,0.2779063597345546,3.234478150229638,23.450195455224343,1.4914356068060721,0.7176891880419348,178.79755432207637,47.128375430365885,1.0316287756592772,0.07763778400184324,4.008766923380809,52.20055600927793,21.69314895809725,2125617.7736666882,1747500.6766222701
6,0.21292404266154835,5.581975604209529,0.21292404266154835,5.9973713177012105,0.15577377322253372,4.868829527789692,0.15577377322253372,5.284225241281372,0.16288195403219358,7.505302986681641,0.14793816416981936,6.335663469209124,0.15231342631819877,5.535156111691411,0.15231342631819877,5.950551825183094,0.2959736305466687,0.8360745405590122,0.10338839341576568,0.8657061409257357,0.5446756912496487,0.036916082727035206,0.9325727742149954,3.160716255067955,22.696211138567875,2.8751456451027417,1.7566014522417024,171.99584367737015,69.83358902374201,0.988354118551745,0.09245540379604653,11.628813592294252,80.50888388507464,26.828123004207917,2406375.7538483264,2325232.730173945
7,0.21029664281855104,5.104116303303254,0.21029664281855104,5.674006131635699,0.15314637337953643,4.413649137662492,0.15314637337953643,4.9835389659949385,0.17009491603488042,7.110577173597051,0.1476348484462146,5.893710301294894,0.1496860264752015,4.894750298982023,0.1496860264752015,5.464640127314469,0.3837255698594673,0.7791498668386259,0.3407075217834904,0.8292896400610283,0.8387995669374915,0.028234246894907417,0.5967048360615764,4.902312640675219,29.230840309704796,1.7901078081506494,0.6650697742386736,151.5314656331884,52.56466258531155,0.9408891838239888,0.10020162715550224,6.953913858451605,105.83465956196619,6.621103459994485,2135222.323640256,2599836.4580094363
8,0.20604505316495506,5.627260753891894,0.20604505316495506,6.265213728373352,0.14889478372594042,4.856058472433442,0.14889478372594042,5.494011446914899,0.15898415180868117,7.989903330163236,0.14551134542963573,7.122303742544762,0.14543443682160548,5.744533958118236,0.14543443682160548,6.382486932599693,0.2816435348303453,0.7253108179000254,0.29022301701097963,0.9682117271686838,0.797502728419268,0.04207174585327943,0.4748727025051205,3.025562485594489,25.573478582300442,1.9252653982929715,1.2084128300238988,175.65978296443248,65.23746665451478,1.028562095346438,0.08861770679023606,13.99115326575928,45.54024878124455,21.072266350387352,2049510.7732401122,2801209.0210109022
9,0.21023219865772397,4.947536700963651,0.21023219865772397,5.655641963282455,0.15308192921870933,4.384062203264978,0.15308192921870933,5.09216746558378,0.16527551793241171,6.893673574021307,0.14737382116167433,6.000571758885063,0.1496215823143744,4.361594579686981,0.1496215823143744,5.069699842005783,0.29021194212792023,0.7525303794942511,0.17011870360572007,0.8378630807745024,0.701986219624804,0.028854946489804537,0.7255000978489423,3.9035397654648287,22.159298253469917,3.0238410149899697,1.7471415847539977,152.5282521136378,71.74484637574984,0.8356506312034935,0.0855434919275857,8.453428987253236,103.16316923389213,15.21328117799433,1378710.5238692362,2695093.2408140902
10,0.21187485747806614,5.045342342692159,0.21187485747806614,5.568066960371921,0.1547245880390515,4.442390551030067,0.1547245880390515,4.965115168709829,0.1671666514375124,7.423222012036909,0.14670607607905886,6.14677663024729,0.15126424113471656,4.962404562739116,0.15126424113471656,5.485129180418878,0.30768453499824067,0.831180100258141,0.126943803415858,0.9352265033155612,0.5260779201062667,0.04001227928318768,0.7306621343492894,4.331321639978858,25.266339675155507,3.297810133737576,0.9296394635137941,155.80366305388557,69.32948295763302,0.9772260502996891,0.09774673996922614,13.74439477446799,114.32883471614285,29.42730580007643,1372819.6580655328,2085747.6595122088
11,0.21015557154255962,5.4913474587724656,0.21015557154255962,6.0237204361539325,0.153005302103545,4.545782118491076,0.153005302103545,5.078330405548032,0.16743038622763176,8.15686855327896,0.14594086312293283,7.037743462956546,0.14954495519921004,5.323766817226908,0.14954495519921004,5.856170864389211,0.32896243738242587,0.76247628060514,0.16290345370517478,0.9829093973043022,0.8368645935680903,0.0358588987463948,0.5963166233727393,4.60487375408033,25.3725038559106,3.8631579488289725,1.4742533694738147,178.1724872228372,43.02187932432821,0.9597684935785074,0.06618020844284288,14.592939813535416,111.49602908432085,13.367517665058116,916654.5022395367,1878661.9469214452
12,0.21524680343824829,5.01765030005808,0.21524680343824829,5.793240997974018,0.15809653399923365,4.261244734027904,0.15809653399923365,5.036975671024812,0.16514192059785077,6.334479503684413,0.14850116405280472,5.647642632763204,0.1546361870948987,4.637651619008782,0.1546361870948987,5.413312769428237,0.3817641216885204,0.7651638529596319,0.10145665840634177,0.8656640874380135,0.6380178354619763,0.029980383210020414,0.5790479177160182,3.4432589616539047,28.100715551502788,1.3783239264439324,1.9439036484336563,156.7235056518585,48.52041716479065,0.8962875150411596,0.07079648414650515,4.496765813314272,42.105417985192275,12.028844604867349,964892.4650312657,2633380.590162388
13,0.21014688654661748,5.379691675468741,0.21014688654661748,5.765981988007959,0.15299661710760287,4.620710719117007,0.15299661710760287,5.007001031656225,0.16883944865007303,7.28368631579104,0.14753141310802256,6.033354599197517,0.14953627020326793,5.48684659288177,0.14953627020326793,5.873136905420987,0.2466377194752073,0.8374443296701635,0.15053601479294892,0.8461986900967259,0.6554396592395569,0.03934366233039881,0.30247738176661026,4.646894202966821,31.631978875326126,1.1143027182369494,1.1688490497275734,163.7224537689771,55.027893652199765,1.0280006089221112,0.09163698719490013,8.669264928179437,44.508134184468034,29.898172333179488,1979654.808013984,1926364.9932093895
14,0.2044529059249258,4.790149762702822,0.2044529059249258,5.195045517754685,0.14730263648591116,4.169437468358918,0.14730263648591116,4.574333223410782,0.15923029526555318,6.370013740520776,0.1447493077949601,5.201165835679621,0.14384228958157622,5.26384398929535,0.14384228958157622,5.6687292213907305,0.1879647670901979,0.8214368250523331,0.3255247404882636,0.9509960317866113,0.41771644892289966,0.03781978633667158,0.9750902281518212,3.3171448261154914,27.194035573777743,1.798869938373873,0.9534336082232475,145.12331567166345,56.08211913462726,1.1396416161351053,0.10459385815069389,7.798741164648108,77.29669022616955,25.306612263343897,1259525.209879653,1640901.6814014232
15,0.21047597530244427,4.9506089772727675,0.21047597530244427,5.6288895424721614,0.15332570586342964,4.270249210289161,0.15332570586342964,4.948529775488552,0.16509006872581067,6.94232537253954,0.14810313695962768,5.991647445866455,0.1498653589590947,5.307976431143743,0.1498653589590947,5.986256996343135,0.25532111577498734,0.7895500722926379,0.14091614891374668,0.8037343501975475,0.8263931154493482,0.03140406482532549,0.2232843595862117,3.7116913251867256,23.748897379104942,1.6841573993696328,1.0347519695486764,149.67747727389522,52.159084633163516,1.1021461866714097,0.09879771239248808,7.435203267633033,52.724603828532736,24.73441261070685,1720119.604363706,2766892.5922066374
16,0.20875741318045715,4.913529992947529,0.20875741318045715,5.539990702754889,0.15160714374144255,4.444675786063929,0.15160714374144255,5.071223422364211,0.16114760858427107,6.644512081460323,0.14622574876644087,5.687217993430176,0.1481467968371076,4.28721924092019,0.1481467968371076,4.913796069973904,0.2905860710585436,0.7059177550905135,0.1643983344474403,0.897869528302014,0.4547614867497912,0.03685476441769503,0.890883552840374,3.2766619480160672,29.399501095843554,3.104486665305115,1.8717592178320728,151.71887357112942,84.35653725106138,0.8234233202927033,0.10252146807803786,7.974090668956464,90.75949960123069,26.236491085479443,985921.1972530553,2164366.358752338
17,0.21408627253383175,5.147820201637714,0.21408627253383175,5.531369472788243,0.15693600309481714,4.675230917777537,0.15693600309481714,5.058780188928066,0.16525299026739299,6.39275836330971,0.1479776487002806,5.266467529056729,0.1534756561904822,4.433884600914566,0.1534756561904822,4.817433872065096,0.36044125786571574,0.7929497241153577,0.1415921616449842,0.8644585106476073,0.33773118386490447,0.03407492298193853,0.9655769582555163,3.6153408044190662,22.282356466905984,1.622758817069709,1.6884820581616709,156.65650473974506,88.91686539274247,0.8050271135132376,0.06897280307285072,4.144216466874439,115.21211204184159,16.573308840558518,1981113.3703452165,2008205.576122791
18,0.2082340053908699,5.065382941524382,0.2082340053908699,5.428740504900499,0.15108373595185526,4.315902886754866,0.15108373595185526,4.679260450130984,0.16061335746146382,7.2197715376439335,0.14531050849752333,5.941063946262709,0.14762338904752031,5.466342840261284,0.14762338904752031,5.829700403637402,0.27611079234326463,0.7538424008328583,0.17541007443100648,0.9625363472982711,0.621284248944737,0.028266708956791592,0.4922885060269234,3.355473324497947,31.171385312310125,2.4901031625855907,0.6164947015484027,154.21530915636976,46.89705533562123,1.1112338747403645,0.08735568858054155,14.181466622836542,54.168686319240734,2.1966357590912566,1459903.834981858,1584312.1746005812
19,0.20787913579002265,5.319235457672064,0.20787913579002265,6.000025242704665,0.15072886635100802,4.527101511583546,0.15072886635100802,5.207891296616149,0.1603447132901861,6.553477124025055,0.14654636860341316,5.6319095522336955,0.14726851944667307,5.681224981090682,0.14726851944667307,6.362014766123282,0.20031433837937046,0.8149059752233014,0.17109849525739076,0.8094542850380183,0.37422626381850016,0.030774153714294546,0.3154524876343529,3.0857880946690797,34.30839975986427,3.3924747347495683,0.5701763427101678,159.5438947291847,46.261531678963124,1.097068747710351,0.06362459066578319,6.65617713631738,103.59168317539334,1.15817095212302,2085294.3166383293,2876773.3629267085
20,0.2097340419034165,5.783348968341721,0.2097340419034165,6.146121298561109,0.15258377246440186,5.141401860449833,0.15258377246440186,5.504174190669223,0.1683434472694866,8.767219869418524,0.14668001552219778,7.3914954336084335,0.1491234255600669,6.067506997509649,0.1491234255600669,6.430279327729038,0.34460424530528144,0.8306086700625128,0.31697919067417846,0.9175258966779742,0.9869889550020201,0.031485944799043805,0.8600214526977508,4.701801266614772,31.23333439908975,3.124827047747216,0.9787499151540235,179.98708473880333,88.02934265221089,1.067543288934756,0.08225424213826601,14.640526568736632,95.1197513785576,8.926818198347027,2133843.706024875,1940267.2491691958
21,0.21335674767684265,5.45346643384277,0.21335674767684265,5.871732916709789,0.15620647823782802,4.616818599536998,0.15620647823782802,5.035218399922177,0.1637686832566871,7.078801679089939,0.1460559393523294,5.748084320411548,0.15274613133349307,4.942883114373799,0.15274613133349307,5.361244260387058,0.36142754829942103,0.8037496382281133,0.10156422818094386,0.9807715590168082,0.5894014502530223,0.03038340413646994,0.5506895902682696,3.664732792159678,22.423905274263596,3.0270628828982646,1.0865487929646944,175.8024531392864,55.99426745881202,0.8757704877617799,0.10298868767386932,6.69607643399521,56.39360918800409,25.547938887726698,1143890.397995667,1665634.8166236416
22,0.20317121175999117,4.998010716497702,0.20317121175999117,5.6276102249017566,0.14602094232097654,4.541615677408457,0.14602094232097654,5.171215185812511,0.16531774565427856,6.3817487352018505,0.14506383210685808,5.514599326300405,0.1425605954166416,4.4463911117410655,0.1425605954166416,5.075990620145119,0.21343866477370793,0.7097695626224234,0.38952214487446146,0.9101850989383855,0.7731654237053021,0.03761999354151999,0.5419696335379429,4.723023750145334,32.50103433174662,1.1139305516400064,1.7633521532157124,152.64886459176745,87.11344353386905,0.8453999146322418,0.09001329086265697,2.805784286494825,40.83513576915657,26.251139075015985,1224109.0079463657,2273408.694133365
23,0.20613911108895658,5.292525143083901,0.20613911108895658,6.112998190327042,0.14898884164994197,4.571407462058318,0.14898884164994197,5.392014205939084,0.16120143323882655,7.23794997104734,0.14590261315003655,6.578595365933793,0.14552849474560703,4.853326074498527,0.14552849474560703,5.673880550113573,0.1860549118808522,0.7464996035840432,0.12546186534797887,0.9013635653964231,0.7223341693373067,0.03960057350201413,0.8893682950163133,3.4529023269051526,25.487710778894993,1.086276924525063,1.644339679250714,169.8691658851447,66.57562463125004,0.8894064128958852,0.09516383494228342,11.008802102991186,79.13787228789748,13.702515109207015,884151.2786702343,2750504.970632013
24,0.20997467868605652,5.265784101685143,0.20997467868605652,6.016372737398103,0.15282440924704188,4.557354934470164,0.15282440924704188,5.308074914345302,0.16716867620030434,6.546591023790733,0.1468328427588611,5.6307248716580744,0.14936406234270694,5.151396589802257,0.14936406234270694,5.902006433185098,0.3384038418635169,0.7935666237278158,0.2863315953279696,0.8706344492498028,0.5031234118593693,0.0340231834026178,0.6291856625384036,4.428140310911765,24.899413112867123,2.7705114315720376,0.7390808949644563,167.40458616410473,66.02912735277359,0.9707723195620446,0.073375691761651,5.110383796456051,60.88262233252956,9.64780546816092,1090469.3904401313,2651243.237711036
25,0.20704751617289235,4.988145714194657,0.20704751617289235,5.627542745369116,0.14989724673387775,4.232325594490118,0.14989724673387775,4.871834700787722,0.16606991614093902,6.768023712019122,0.14599412804992346,5.786153486718866,0.1464368998295428,4.944849280768522,0.1464368998295428,5.5842543391869714,0.3134804169966511,0.8173900318309371,0.3856693554287465,0.9363349706675119,0.8186254098094121,0.04150955247239323,0.593187553554271,4.475200300798825,32.01496458582139,2.852680829257862,1.5067723244382853,153.53024385176417,45.35006152772446,0.9879373904296241,0.08210978036650682,5.966953718844913,74.42048991447349,11.960531535848345,1065485.3015062367,2225741.0302550225
26,0.20918598268353236,5.3174998434066785,0.20918598268353236,5.916575772796481,0.15203571324451773,4.791041947997146,0.15203571324451773,5.390117877386948,0.1639300638171717,7.180109234726076,0.14807999644746375,6.259753980416521,0.14857536634018279,5.4053838457771,0.14857536634018279,6.004459775166902,0.29323672855220545,0.7107351202639144,0.2115872547125692,0.8006822922724924,0.8583394489811114,0.042291291370291015,0.6387265112794158,3.5059040022126364,28.6972819856219,1.6592278281084216,0.8848720703633538,161.07117046810322,85.63726134750988,1.02334294396426,0.07141317551848506,7.68166532121044,59.04718133130302,23.72966732762735,2101398.871395124,2681954.143295555
27,0.2069730357018994,5.024107996954094,0.2069730357018994,5.816160647893673,0.14982276626288477,4.388629460445313,0.14982276626288477,5.180799930356535,0.1668624135935309,6.990628375440837,0.14587987176671574,6.13843871377646,0.14636241935854982,5.399381013001667,0.14636241935854982,6.191364087585324,0.2468184434647269,0.7184566576896507,0.20532346329350926,0.8847928104832014,0.4109378361111876,0.038767238663249534,0.8526954318725355,4.704541096836136,33.28984060580829,3.059715099365396,1.3143878831047162,155.91099503444815,64.9189921516371,1.1029564792657025,0.07696013119112267,15.486598141011651,53.933479651096405,12.886114516646732,895988.3370774226,2599414.3625586955
28,0.2109211758998064,5.3846306087354145,0.2109211758998064,6.011189606142859,0.15377090646079178,4.817385101454838,0.15377090646079178,5.443944098862282,0.16922833032635168,7.473005527524242,0.14645830855207045,6.262896254437342,0.15031055955645684,5.212524911792899,0.15031055955645684,5.839083909200344,0.3080861421620004,0.8261051011246628,0.17045756416424712,0.9420209403771508,0.9404403296928725,0.028109422770586638,0.2310941054562089,4.865325270012004,29.35957759755511,3.548445910044449,0.5825917919473484,163.74628643135878,82.42968895421893,0.9550336743024832,0.08462699153004274,7.092905946346296,69.90168478634936,15.253269247111508,2100572.96970882,2758702.695589246
29,0.20610095729764144,5.026456966372754,0.20610095729764144,5.622301759473728,0.1489506878586268,4.517305384384712,0.1489506878586268,5.113150177485687,0.1587572381438382,6.39194514627057,0.14494893875656062,5.373067887250479,0.14549034095429186,4.863343525744617,0.14549034095429186,5.45918831884559,0.2406551822122578,0.724399983518465,0.2088584833542937,0.9725442580260002,0.35201343665720525,0.04150156529573689,0.28421575806782795,3.098009706314532,23.90333642577478,3.066202120231598,0.9071081816073272,153.08316794330796,79.98125934809775,0.95441458398727,0.098615081614563,8.781788882742559,61.14724765736506,3.0992109224021025,1691650.7546544005,2494383.6334862444
30,0.207133672720205,4.877650435715091,0.207133672720205,5.280143592377865,0.14998340328119036,4.468972964748338,0.14998340328119036,4.871466121411113,0.16639847734103855,7.526846461178309,0.1459690731310621,6.3376451218465135,0.14652305637685542,4.242829459846557,0.14652305637685542,4.645322616509331,0.2996844521982387,0.7468252737223762,0.28805487274075225,0.9410922673787032,0.9245681257226877,0.037885255454814956,0.5917759113920118,4.547786838373249,23.847068720310535,2.5560289324799896,1.1801942938404109,143.86191527980583,85.23083620272857,0.8112143213680788,0.07012149438747395,12.003485684190006,94.41688642302253,15.18148574662964,2084650.7904795837,2107390.0144758215
31,0.20742793780014318,5.753568546820724,0.20742793780014318,6.365058153649532,0.15027766836112855,4.819779440694032,0.15027766836112855,5.4312690475228385,0.16479897482806347,7.047088672251488,0.14660619700726715,5.901245934511371,0.1468173214567936,5.484497023337745,0.1468173214567936,6.095986630166553,0.23047178062447826,0.800544031230532,0.24510853195772325,0.8462719298517078,0.7590828536078595,0.03431539135712516,0.4787767318702774,4.074117357651721,28.92624227656934,3.9722038138518148,0.7327980884474767,179.9505271995898,46.324085115700356,0.9360297232823035,0.09222280830785892,3.1238691007555572,86.6929736091941,11.102460929443549,2061238.5024838864,2693831.79754919
32,0.2116617473352962,5.24836826525042,0.2116617473352962,5.963571589310709,0.15451147789628156,4.724482968297802,0.15451147789628156,5.439686292358091,0.16455834927890928,6.603014088567018,0.14592431862101551,5.6855104046918195,0.1510511309919466,4.8190334807207496,0.1510511309919466,5.534236804781038,0.35605963805033647,0.8012987107646843,0.1770777612161058,0.9750844746936282,0.5356945411326349,0.03437437045643445,0.9112003894577747,3.9303446955375594,29.429781937272644,1.9628112096882173,1.8102018987477213,163.14567324726696,87.9287761720733,0.8874140670944615,0.10138513227523155,2.7388951654896143,82.95696732095043,20.645549831866646,1382155.481024622,2649585.048597149
33,0.20824175821554397,5.158130105289092,0.20824175821554397,5.6722819648502565,0.15109148877652934,4.319552876298395,0.15109148877652934,4.833708249589371,0.16319558422078384,6.336989915895116,0.14581854407017023,5.2188760677227215,0.1476311418721944,5.403532298243683,0.1476311418721944,5.9176386597552,0.33012146494855465,0.8456103088863574,0.38402269644859977,0.9179495917965412,0.385024879528454,0.037760811727877534,0.43641449050548353,3.8296106161765895,29.263877000579523,3.084049872225466,0.5145749107537763,160.34206552605747,40.43130187222333,1.0654657358668225,0.06477285393259472,4.86304011799945,64.88995737307823,8.923576947334277,1244465.0618614045,1959425.536296937
34,0.20788497704481265,4.891893408500964,0.20788497704481265,5.239683165967789,0.15073470760579802,4.192846647121615,0.15073470760579802,4.54063640458844,0.1597922964619778,6.5442837542340895,0.14568349338239703,5.464030405892399,0.14727436070146308,4.4231599396299615,0.14727436070146308,4.770949697096786,0.2519604609542391,0.8175691014667411,0.2531477251848478,0.8913839471142132,0.40535570063637544,0.028081760528150534,0.2886253905997408,3.1281679103048887,26.50483729935232,1.0529880611181106,1.0233852463873148,143.07424308467841,43.0677900027619,0.859838698226292,0.06342869761432436,13.816994922881623,114.6099156928124,2.759916953308459,2164378.8056494407,1956395.0647857622
35,0.21565750535431347,4.925801736897493,0.21565750535431347,5.606451532963397,0.15850723591529883,4.459838168483012,0.15850723591529883,5.1404879645489165,0.16765144296873283,6.290426003071797,0.14911495393323657,5.339201649598455,0.1550468890109639,4.290557797380768,0.1550468890109639,4.971207593446672,0.36310470944205125,0.800567591558095,0.11907462962605175,0.824901555087061,0.42913946784179063,0.028957005006434472,0.9360512406729824,3.850224889063416,22.080657954655415,1.755315513631599,0.716111645346712,151.39194009656532,84.57042799897889,0.8204847323818589,0.0743226935641413,2.0328118082495643,117.71570159359746,29.226775584257823,1410254.42211485,2629044.460862644
36,0.2061170663409869,5.777118729245078,0.2061170663409869,6.387108622174574,0.1489667969019723,5.0033443733053025,0.1489667969019723,5.613334266234799,0.1607467887088433,7.923229029377393,0.14628555374337848,6.960677814739012,0.14550644999763734,5.103746071411757,0.14550644999763734,5.713735964341253,0.2596535884655985,0.7485602017425549,0.3411384266874953,0.8282136023849657,0.6778825428058951,0.03600900233151149,0.3457784058968885,3.2846689732717476,34.89031936704874,3.254712884971239,1.1593175055198557,176.00137168409924,65.25636257544585,0.8363172019523797,0.07979684527028424,13.548059979209253,109.59360757039833,9.38356786215357,2489416.60899443,2863405.3591265613
37,0.20985270597663633,4.907958118044928,0.20985270597663633,5.566826482700434,0.1527024365376217,4.356132288596746,0.1527024365376217,5.015000653252252,0.16883569351179306,6.752947016715709,0.14743521576345153,5.794811725143048,0.14924208963328675,5.0887657402852335,0.14924208963328675,5.747634104940739,0.3354298462983282,0.7851849751539673,0.2963518164469018,0.8413259936975076,0.7168240306049096,0.03518773686222804,0.639992228330891,4.683392521149196,25.05257347848674,1.5740916710260942,1.8055195775736563,149.50097380076804,70.34657544906126,1.0517411799335337,0.09197950143337653,6.525531669393082,95.24139667849235,18.09182397065639,1439944.895296877,2547039.109728688
38,0.20955407529018982,4.73503274215105,0.20955407529018982,5.308345150736993,0.1524038058511752,4.050378938462463,0.1524038058511752,4.623818283211386,0.16120194059068263,6.723535546079922,0.14605276747740736,5.860040158268329,0.14894345894684025,4.11124918284131,0.14894345894684025,4.684677242163198,0.3118227199809781,0.7663878593901822,0.19117720427550494,0.9454396724964644,0.4616882226820574,0.04189037135003022,0.6816537729516752,3.2802657781344693,22.574369219022753,1.5965719649148475,1.608418900655734,146.34079996493986,48.41321718421004,0.8176727474132256,0.06178378398786654,15.080228872760113,65.65812462051134,26.234485921750615,963145.5118893691,2056352.2198704425
39,0.205626987201835,4.9326325465489855,0.205626987201835,5.471181447895498,0.14847671776282037,4.228242227238486,0.14847671776282037,4.766921723936831,0.1594244174631051,7.441096595035888,0.14602920265681016,6.6163029369125645,0.14501637085848543,4.385601255884112,0.14501637085848543,4.924251577908777,0.292381877137742,0.7369853309905658,0.3804231156019682,0.8761411160830413,0.9764456320030843,0.03367770110382841,0.35935711927012726,3.044959800388092,30.56633373995915,2.008758366709199,1.9995363966626027,152.69381063862465,51.9128570456852,0.8467594069672347,0.06964728974501866,11.749616913509746,48.799838343754665,18.811975364435163,915081.7392387867,1848364.1226333186
40,0.20893679490140465,5.50955654228311,0.20893679490140465,5.9008210469245865,0.15178652546239002,4.78063906572635,0.15178652546239002,5.171903570367828,0.16714926028619956,7.178284913101134,0.1467168428004857,6.023774984421768,0.14832617855805508,4.865574735205929,0.14832617855805508,5.256839239847405,0.33440629883637707,0.7077941650443436,0.23064686419318764,0.8939849181908586,0.6549361926134187,0.04206511688742129,0.6815543609661404,4.48379298352567,35.655798576955036,1.6014226067611097,1.8770917206895525,165.85048149566052,61.4528144091682,0.8338805530000043,0.08971390781418065,6.091653598061233,67.78439467432136,27.48696873110044,2279992.485981498,2064427.67356425
41,0.21129047154704234,5.531376123769578,0.21129047154704234,6.3604536233173175,0.15414020210802773,4.888596424852578,0.15414020210802773,5.717723620363618,0.16239559677458945,7.228496269838676,0.1476055268302582,6.489380173353461,0.1506798552036928,5.144712297756839,0.1506798552036928,5.973839493267881,0.3676545109989094,0.7910084360728384,0.2919068424807193,0.8309758488615246,0.4725250803519603,0.0304414485104218,0.5865927233974748,3.193926296365995,34.94893838057688,1.2418855876050472,0.6855077243500587,174.32629024690593,82.22807944826955,0.9051191756292671,0.088018643361768,12.24995703836759,73.55899373344589,20.58230989122668,1277333.8500873933,2899089.517109392
42,0.2091009764556009,4.785796338972851,0.2091009764556009,5.2940933374643055,0.15195070701658628,4.313637769110911,0.15195070701658628,4.82202230673069,0.1677278526641308,7.789499503490433,0.14661354124660925,6.490111387349702,0.14849036011225134,5.027614584964912,0.14849036011225134,5.535866749877528,0.3395841294371392,0.8447945441331022,0.3652734246850651,0.8974324750305085,0.9301711936389636,0.0298851450242429,0.29996211392509786,4.623996974352883,28.936430709444927,3.0786546158459456,0.8418233175638365,147.6314013873324,79.8072476081474,1.070063755594574,0.10065704584661608,13.449080338091955,75.77773182290103,13.097924597428158,816255.8601301932,1712272.0284835135
43,0.21253196513894082,5.106237691097827,0.21253196513894082,5.880548225666226,0.1553816956999262,4.379333355413542,0.1553816956999262,5.153643889981941,0.16400298748052233,6.625383357809674,0.14704896451290103,5.826782908364517,0.15192134879559124,4.9313474623402245,0.15192134879559124,5.7056579969086245,0.37811116281999524,0.7082458398153126,0.11546770991276216,0.9202328990592782,0.4262433754246877,0.04269200530710365,0.5362437588412237,3.571073773683772,23.33900371862212,3.796422246248015,1.8151719159122628,158.25303760875096,54.25409106044801,0.9527200394063382,0.06738759674724659,9.096505614867642,73.32554921139815,6.890974291687252,1474947.5451117791,2943748.0226042746
44,0.21580298804964493,5.413351363860406,0.21580298804964493,6.041350406876834,0.1586527186106303,4.754045728590623,0.1586527186106303,5.382114567316556,0.17268120111769783,7.585019529526512,0.150318159307499,6.332521410698247,0.15519237170629535,5.760789055198915,0.15519237170629535,6.388723682583418,0.42796282451642725,0.7580503698453271,0.18625303893903036,0.8088286143180271,0.9519080409513432,0.037139193381803055,0.2566250829405043,4.654560529455113,30.499059986573812,3.9842407487393903,0.9802579840122587,171.05324489648115,76.57008976151204,1.0868817783636717,0.09423629860470908,6.851960723918036,68.50080860492824,20.83895300235345,1220721.043138428,2284616.2065234315
45,0.20837078391530378,5.592454600228314,0.20837078391530378,6.376404048011543,0.15122051447628915,4.732218983730938,0.15122051447628915,5.516168431514165,0.16764768715632256,8.133217983683721,0.1457705493545582,7.310768136925576,0.1477601675719542,5.043864874921574,0.1477601675719542,5.827814322704802,0.2493768092966162,0.8288771317138369,0.18191059918305613,0.9581447981717482,0.8220813349140843,0.0327731638710972,0.6136827706181969,4.796004788477051,28.552414065794885,2.6522804604593158,1.5813400467266736,177.8242124476719,54.781934207944744,0.8680162722731104,0.07324586385436874,14.570836192618323,113.20249529224536,3.4969027032575917,1424718.7534203557,2898147.4876496047
46,0.20448654519954274,4.9203753741959275,0.20448654519954274,5.805126975564055,0.1473362757605281,4.421004459291094,0.1473362757605281,5.305848645009884,0.16220664139938462,7.59414427551022,0.14522084866519908,6.818962208257501,0.14387592885619316,4.387566582470779,0.14387592885619316,5.272416967637756,0.26559034382938146,0.7154975946240978,0.3775537492881018,0.9103124482436054,0.7181305411673085,0.033994080807606394,0.9521670092165413,3.9017442678227057,32.77186426846524,3.7478534732373596,1.3028185508774104,152.30486148424848,80.64050069755271,0.850362410052538,0.09270545664465898,15.745538257035648,94.55299346007477,7.310697775166355,803586.8784734473,2840739.840617842
47,0.21046286734422168,5.28265676326946,0.21046286734422168,5.575705856490113,0.15331259790520707,4.611877881338278,0.15331259790520707,4.904926974558929,0.16453174839896745,7.410196261507167,0.1470990885189478,6.1176065546886145,0.14985225100087213,4.730856808295926,0.14985225100087213,5.023905901516577,0.34564570700167063,0.7685254743349687,0.25768827664475547,0.8573868072652361,0.6258995480607694,0.02826089770669308,0.8661235073031877,3.7827977872729557,22.073136696742797,2.8308161623398638,1.9280915103048333,160.50887782081233,64.40862815838003,0.8529225074298424,0.0884303258366971,11.249174603422038,100.78636987514378,27.97601876053315,2252080.119182053,1869778.1590193445
48,0.20712733175231243,5.075495415271738,0.20712733175231243,5.914375056771508,0.1499770623132978,4.506767929291831,0.1499770623132978,5.345658674167344,0.16871185641216654,6.688854393333927,0.1465280741780574,5.959407000088305,0.14651671540896286,5.414816294552761,0.14651671540896286,6.253633025293544,0.27063083565961804,0.8126649663369995,0.36251379838867837,0.8352433299742252,0.8449668612831573,0.02867714690501787,0.8642758514223259,4.990307820544571,23.99361835451264,1.5634700660238652,1.0424373392043158,158.65872687426744,77.21577558668224,1.0914807480282367,0.06794618367907906,5.3318798176446425,76.18474922113745,20.38249258970918,1211969.207822467,2998681.0024546813
49,0.20922590868679844,4.778864820753888,0.20922590868679844,5.399895096449544,0.1520756392477838,4.263855719613307,0.1520756392477838,4.884885995308963,0.16481452838803048,6.901122056909744,0.14662381066808727,5.802168410804565,0.14861529234344886,4.373971807066575,0.14861529234344886,4.995002082762231,0.3542254772432555,0.7240470343503201,0.24916684561926128,0.915531682430641,0.7915653337070006,0.03948428581382097,0.8105320818462782,3.968759992194769,30.27866390379944,2.929461099885827,0.6025423773039396,144.1544341132734,70.27439956272205,0.8798355805496139,0.08717504256937555,8.327780836897594,71.48177082793391,16.671653733469146,1196716.437636409,2253156.7265983373
50,0.20990041309271376,4.68127709853243,0.20990041309271376,5.086342408319423,0.15275014365369913,4.16028495682609,0.15275014365369913,4.565372132245073,0.16309749850494615,6.235585920049472,0.14558698312456814,5.018558609220216,0.14928979674936418,4.101140665625031,0.14928979674936418,4.506227841044013,0.29873963288564387,0.8287266367008247,0.1969298716071721,0.9629316682029077,0.38983574298287055,0.03440400053256496,0.9396884002936032,3.770597599116462,22.636183694982805,1.100482444553644,0.6432510630491359,143.004020238971,68.26445480219594,0.8264481932155354,0.08905957137881004,9.658961222439904,94.11899095630707,2.8698546960421076,1103137.881597049,1602900.659792285
51,0.20850143138628843,5.428658642961255,0.20850143138628843,6.096321969268483,0.15135116194727383,4.74652514595669,0.15135116194727383,5.414188472263921,0.1615159091579431,6.932516166002074,0.1456061646107731,6.12977150553266,0.14789081504293888,5.6730480735169,0.14789081504293888,6.340711399824128,0.24476319033215205,0.8471780039042103,0.15923005291004338,0.9859388225550785,0.6168078144606456,0.042642222116271174,0.7395705240395765,3.469572311296874,30.85425602867934,2.551743094238118,1.9566176173570629,167.31045997055185,69.67260707403959,1.06249178663005,0.07210032348137832,7.325205529961178,94.42393329742268,6.686424200016583,1807963.1107847982,2719329.82379686
52,0.2101971477120304,5.377430741256276,0.2101971477120304,6.127565036591752,0.15304687827301577,4.705948274681141,0.15304687827301577,5.4560825700166165,0.16429169008781294,7.821078785193222,0.1458130737842289,6.959771294376684,0.14958653136868083,5.2597503712230855,0.14958653136868083,6.009884666558561,0.3707948469391959,0.8163878172784533,0.28590355874790874,0.9766433627570845,0.6857254752147232,0.03494947648666831,0.3241199629095213,3.959740007594791,30.84226481369327,1.8004828516279374,1.088477670724943,165.33301520654604,69.15918673035677,0.9695485446003302,0.08307879945340658,15.387547500601514,108.22053861322007,8.885087492143422,1779157.2086517552,2958559.5894592227
53,0.20324842391208586,5.098203491216796,0.20324842391208586,5.522049261110669,0.14609815447307123,4.441539747946158,0.14609815447307123,4.865385517840029,0.16305923483419224,6.956475456992818,0.14469500674202668,5.8770490733135015,0.14263780756873629,4.978009474285261,0.14263780756873629,5.401855244179131,0.19779619855214325,0.7157009557660262,0.3422938455558606,0.9655500028390644,0.5019787723002912,0.04286492392002089,0.8323377042069107,4.26523316795215,25.94429261048206,2.3110350089548364,1.5234722793530162,154.9786338693994,60.96842632073389,0.9668201333387477,0.07300682461695208,12.431683013978098,41.85101730760607,23.041492297209487,1766724.2161006264,1985285.2541545993
54,0.2171644324218122,4.877956233429519,0.2171644324218122,5.44447405249404,0.16001416298279755,4.164888881809051,0.16001416298279755,4.731406700873572,0.17357487150980447,7.0954613856465825,0.14975333765166676,5.732857853681379,0.1565538160784626,4.504872722205184,0.1565538160784626,5.071390541269705,0.3728480977404852,0.837406257339643,0.10461493945576317,0.8342987285796958,0.6999203460550394,0.02890787920553767,0.825073786641606,4.874815754269244,31.20713513658734,3.8393617181365447,0.6368108640518952,146.6258138904897,44.48954128981187,0.8911422798231835,0.08950434253905164,8.668889939558982,61.419497719611094,10.903297392352698,1399700.1668269057,2182642.6764741554
55,0.20477044286852406,5.597708459946663,0.20477044286852406,6.143742812795868,0.14762017342950945,4.7968939473053345,0.14762017342950945,5.342928300154542,0.16661167665614185,6.839545288160539,0.14472210742003533,5.744737268626969,0.1441598265251745,5.84298635785944,0.1441598265251745,6.388988451992435,0.16338333323216597,0.7665041620011557,0.1412924669257261,0.9848501712348202,0.44189071450758666,0.04136637682324001,0.21375144061219498,4.989052521670227,30.574034419523045,2.2371963235091923,0.8780266126383214,177.8163235163496,63.233729318471724,1.0590056069632623,0.07608804481141762,4.98582158490381,42.83228833983208,25.26067579203718,1371799.474447079,2112155.0207492635
56,0.20859251710128432,5.632485429169085,0.20859251710128432,5.93534237500022,0.15144224766226969,4.696186980603347,0.15144224766226969,4.999043926434482,0.1614943057138775,7.578722809202911,0.1472165353587139,6.325905491683261,0.14798190075793474,4.824191967694894,0.14798190075793474,5.127048913526029,0.2874051725612095,0.7144499322991897,0.22746807927753593,0.8130219928410939,0.6529017080577142,0.034061710238767966,0.8179243410319994,3.1703948562075484,32.17507732395407,3.450196343214385,1.001495644218214,174.32023803880128,40.48854562378512,0.8016259452412778,0.06170266518430207,11.3101149213004,44.730412385854244,28.107118977514844,1986619.0278038224,1670642.9725962006
57,0.20960534508342926,4.898853231304848,0.20960534508342926,5.110495724035469,0.15245507564441463,4.2727414128319525,0.15245507564441463,4.484383905562573,0.16399640675136873,7.29096789209812,0.14646818808853546,5.9769948725554505,0.14899472874007968,4.978793036216602,0.14899472874007968,5.190435528947222,0.2946771505123925,0.8252301381217655,0.21326266255182572,0.9459257835289299,0.8531473352671506,0.04082694680388136,0.5740096094283997,3.7945141706617607,26.25533145864803,2.423853826977278,1.6792546091113172,143.25504082778798,53.60904904257202,1.0238735380610708,0.07155038255007418,11.113337688753209,82.55940683204557,11.344689978795031,2190842.3290312584,1548637.6348530874
58,0.2154061555628111,5.331661752326373,0.2154061555628111,5.783182257987055,0.15825588612379646,4.635901093037244,0.15825588612379646,5.087421598697925,0.1706365193815288,7.267442165908568,0.15005632113688097,5.8281821738434925,0.15479553921946151,5.2555206930918095,0.15479553921946151,5.707041198752489,0.3385901749594943,0.817448912116969,0.1140572882761673,0.8064540969991655,0.8336694268941471,0.035849887126599714,0.8452754760283292,4.2998055741384515,34.58709536767515,3.960050658092663,1.1463885483202099,157.48274932016324,57.72811986238992,0.9793152850151061,0.10678853220787793,4.469489946858932,104.83535337890893,13.294131910326852,2428374.494272167,2337436.8901116215
59,0.21212841893243836,4.940721249592819,0.21212841893243836,5.206993764615593,0.15497814949342376,4.25745453920334,0.15497814949342376,4.5237270542261125,0.16436594030953175,6.9546193221685755,0.14730328523970004,5.574777083943706,0.1515178025890888,5.307277982086238,0.1515178025890888,5.573550497109012,0.3573297046946094,0.8399597634704492,0.2504839296706587,0.8919358744231558,0.43226435225550414,0.04098908209355324,0.23424765333922384,3.624041186533129,25.68444026607345,1.165435679504482,0.9879073141597787,145.2720762252032,47.316191983802895,1.1079500063007413,0.10338564736455896,15.663312126003861,48.8205226757043,7.7500119353812025,2183876.6524694143,1714864.8128076114
60,0.20948220383992958,5.025357745301115,0.20948220383992958,5.773069668437174,0.15233193440091494,4.562541188684551,0.15233193440091494,5.31025311182061,0.16621903603383245,6.993592709974977,0.14665781141183257,5.95231730435313,0.14887158749658,5.3466249294527195,0.14887158749658,6.094336852588778,0.31530476366110555,0.7408081150480019,0.21391601956279568,0.882296401675305,0.4774722154754509,0.03775817335190554,0.9261470640098022,4.27415830260839,32.432604241929994,3.2790468632473138,1.014577441754569,149.89084361704477,83.37455871803533,1.0916969473277964,0.10303474955586503,10.605970402230685,55.85157704119436,15.27709437485688,1764437.5064840594,2925466.8146519046
61,0.20619403778439999,4.9318029763694415,0.20619403778439999,5.371689993528406,0.14904376834538535,4.225218888233554,0.14904376834538535,4.66510590539252,0.1604904919125032,6.842138758674135,0.14479540296795249,5.677372750015757,0.1455834214410504,4.700654297979432,0.1455834214410504,5.140541315138397,0.2746506220938315,0.8091501113406281,0.36373877590691117,0.9467141537331472,0.3700661382046367,0.02953393553133526,0.5667576762588449,3.5266756048870413,33.14224206395537,2.9844455195414397,1.3247397514175248,144.0234223066381,42.79458316483747,0.9313371377664837,0.0929300475873848,13.98388042597178,40.718769887532325,24.213395723482655,1989862.9723971155,2084132.1720300897
62,0.20985929211893237,4.99406236494245,0.20985929211893237,5.2675269674028184,0.15270902267991773,4.289621569019266,0.15270902267991773,4.563086171479636,0.169110774447677,7.841085448220405,0.14757242408122814,6.576603024214266,0.1492486757755828,4.938126847812175,0.1492486757755828,5.211591450272544,0.35372984246868544,0.7108763219068799,0.23738748094498197,0.8586944200480358,0.8053832070147908,0.04250857420948077,0.45543207156973226,4.703019296124603,32.04290079913983,1.793712023842184,1.7204511425739217,146.41080562610384,45.58569724743583,0.9836552552716551,0.07331380292884601,15.279973013128636,50.88801828522516,20.342927707929267,2073745.2341307467,1624981.0394727646
63,0.20674542224024403,5.105054181482536,0.20674542224024403,5.7623407074062465,0.14959515280122943,4.453360892371628,0.14959515280122943,5.11064741829534,0.16034415340073882,6.462241669254993,0.14576045187671643,5.461574462360499,0.14613480589689448,5.56817629107465,0.14613480589689448,6.225462816998363,0.2844860197086263,0.781655622486356,0.32708421211689487,0.9296699372883257,0.7229957355522623,0.038440950994683275,0.302735216821013,3.2611995140944248,32.902894270251984,2.942505147929312,0.948028096086647,152.03709493995095,58.58219426858427,1.13031954863907,0.10371025544103935,2.7441413676618986,112.5172124184945,6.175451054679516,1917581.9631193746,2721455.226739814
64,0.20826474771371542,5.329602931002973,0.20826474771371542,5.942256208129481,0.1511144782747008,4.727889810152721,0.1511144782747008,5.3405430872792286,0.16357959296511354,7.598496972417908,0.14621765905684794,6.595602303344432,0.14765413137036584,5.8381127162644635,0.14765413137036584,6.450765993390971,0.24070543641898806,0.7752150730864994,0.12784451655473109,0.936215849092461,0.8925211640234689,0.0376378590468658,0.4978367906482357,3.817767209126461,34.843726045639556,2.102350099250828,0.8384394349188222,158.11331533898846,71.89592989666629,1.1375924121373848,0.0817165582363636,9.480433241743823,95.90163155826814,22.420355208850346,2319284.388209584,2781544.9483388057
65,0.20916038962577377,5.310631793888787,0.20916038962577377,5.510250280783169,0.15201012018675913,4.6233836427210715,0.15201012018675913,4.823002129615455,0.16321429302885423,7.594172915669758,0.145988209833275,6.306384500623937,0.1485497732824242,4.819216055937355,0.1485497732824242,5.018834542831739,0.27865481038859286,0.8367542767017122,0.21500459274659023,0.9487473914884629,0.6474406854559749,0.03699711632241095,0.9800182650901115,3.745750964560842,30.42574542436055,1.0294985847954763,1.4838441610457518,158.54183307272848,60.13352579970447,0.8673922822385779,0.0803135921613107,13.904569829902112,114.3143273716262,21.456512794134397,2334815.6618193537,1547931.4510221367
66,0.20381975166904986,5.495071306132026,0.20381975166904986,5.854393852117975,0.14666948223003523,4.800607085375767,0.14666948223003523,5.159929631361717,0.16361054716230153,7.52859278178894,0.14449413325703814,6.241741271540764,0.1432091353257003,4.809993149174983,0.1432091353257003,5.169315695160934,0.18262458122763037,0.8030955577616476,0.3726100079137429,0.9070175947542204,0.4181414323421468,0.027251258265265813,0.9587322215692637,4.425866612656206,26.971648094566927,2.823617404949399,1.8579340715761608,168.78342033430414,69.2082367026888,0.8263503340427328,0.10787573806133219,15.490154883338302,97.29781155610051,27.760386723668947,2157961.654798002,1977545.4990231674
67,0.2054390448717827,5.336987960200995,0.2054390448717827,5.838195398493949,0.14828877543276806,4.8041536386573,0.14828877543276806,5.305361076950254,0.15862624765344457,6.670838446626975,0.1446656320536009,5.64308807072744,0.1448284285284331,5.874374792445724,0.1448284285284331,6.375582230738678,0.2827391671559665,0.716743620362285,0.3123410319832701,0.9882007773833644,0.3505987025596477,0.03960584245134979,0.8143310445445349,3.152563837270453,32.46241106925919,3.5087869629474002,1.3479067062335608,161.48913305547313,85.15476183171828,1.1423663440326686,0.06964036077327722,10.053776409320498,63.65787750151711,1.3857221295491984,2000441.4753452463,2290086.8860371467
68,0.20597474632623644,5.242436879294514,0.20597474632623644,5.843892905852395,0.1488244768872218,4.56709473681042,0.1488244768872218,5.168550763368299,0.16322484250750857,7.123522319893835,0.14489451330916903,6.172765700210789,0.14536412998288686,4.935593367002278,0.14536412998288686,5.537049393560159,0.2937423511617814,0.7729365889516685,0.3543318311148075,0.9812455943792426,0.4586321073295595,0.03837711323326102,0.9095014879437373,4.118701198676531,33.71483756614108,1.0164725003699813,1.2809060873409246,158.9058910412357,62.118502195187105,0.9173884896305817,0.09570712856651128,12.005385106425635,106.98105742890074,28.99942235910346,1747910.5854197808,2451836.004528187
69,0.21056965472819214,5.276621182616141,0.21056965472819214,6.02141994556352,0.1534193852891775,4.637121955414177,0.1534193852891775,5.381920718361556,0.1678684813598199,6.6155292564827315,0.14726662824773953,5.709809116647321,0.14995903838484256,4.833386154928445,0.14995903838484256,5.5781849178758245,0.29641589338817237,0.7383496694900884,0.12158665698495758,0.8792808874412696,0.8286971491003624,0.03367374042120136,0.8310383936330938,4.454492667597997,24.92784568047463,1.8134863036270814,1.8077315894303865,166.36830317535117,74.67647698523288,0.8860204069558921,0.09888829093986314,3.1065412207452274,76.00960750644155,2.4551056513640535,1295334.159002575,2737250.106625889
70,0.20473204780926668,4.87895724193108,0.20473204780926668,5.356755235237277,0.14758177837025205,4.329086136589092,0.14758177837025205,4.806884129895287,0.1602824153032209,6.927769759304393,0.14568817045365873,5.854439501590723,0.14412143146591713,4.292843036598449,0.14412143146591713,4.770641029904645,0.1910737585551613,0.7514640711757846,0.27935845020939565,0.876051798668531,0.7841289434055397,0.0373089459083645,0.8670238877940741,3.34998445398331,22.552754754044606,3.3016276620645577,1.8164837536286491,146.31892834119174,67.41135885810701,0.8286258354555678,0.09836539050429363,8.321512975980466,101.08501484169824,22.376816365187267,1810374.336117698,2203228.748848647
71,0.20554614556723627,4.9571246679248,0.20554614556723627,5.253082562883406,0.14839587612822164,4.274389345658921,0.14839587612822164,4.570347240617526,0.16694556694814777,6.558205736860533,0.14574567760131288,5.0648237453564,0.1449355292238867,4.957672216852985,0.1449355292238867,5.25363011181159,0.23469032243472066,0.7113273738419051,0.28216304482632315,0.8569950472342872,0.45922158991073025,0.03910982456986011,0.7383704187778499,4.836199893757203,28.270123203247067,2.8103144699203573,0.9480279330771788,145.23950839417833,47.33423835498086,1.0001612878964952,0.10841879307394076,5.402157492466429,58.11744331756331,13.20911971955606,2175954.037962882,1778272.6859395695
72,0.20639752507486922,5.639435547324235,0.20639752507486922,6.078426208004836,0.1492472556358546,4.928632363097267,0.1492472556358546,5.36762302377787,0.1643021753982694,7.0997649434170125,0.14483658816630138,5.780050207454809,0.14578690873151964,6.18514666836231,0.14578690873151964,6.62413732904291,0.2818929254663065,0.7224140249435023,0.2623997372922404,0.9757379674663044,0.6414788826320583,0.02727935165979048,0.5891180561793734,4.355047863295336,27.31347793972099,2.6589038292979335,0.9443475659560387,174.00084037242522,72.08881822337493,1.1341760719273795,0.10923170160119211,5.9623593577296266,57.49025282966579,1.9486352515046446,2274822.719890951,2283603.4862810136
73,0.20800467708204068,4.866210050255748,0.20800467708204068,5.336091983222618,0.15085440764302604,4.171812399209982,0.15085440764302604,4.641694332176851,0.16613032474928427,6.475699892373016,0.14573706840995504,5.329182461646219,0.1473940607386911,4.3778894945393265,0.1473940607386911,4.847771427506195,0.3062742364070204,0.7513004985301734,0.2701635935184602,0.9111910490088958,0.623474349293239,0.027146437698194924,0.2779346203258446,4.510607483968336,34.812419494256346,1.4414578979667416,1.3540496810997331,140.66966359441,41.167820198700404,0.8514857342984202,0.09510635885078933,3.9863669576828826,76.02282491326076,23.527299924891636,1994762.6320606996,2164175.3487416715
74,0.21075401813161185,5.288563398443631,0.21075401813161185,6.068563774646093,0.15360374869259721,4.484238996271632,0.15360374869259721,5.264325283554218,0.16239927747325555,6.64520330013089,0.14757656638871633,5.818399887764363,0.15014340178826227,4.5066005999742025,0.15014340178826227,5.2866868872567885,0.3149526088106289,0.7696899491098129,0.18525688371438573,0.8714119370509801,0.7445638040035063,0.04144740484902943,0.43508487756817593,3.199839403142179,22.158644802371622,3.540175038684503,1.0282878088802712,168.67337409857436,53.59065298011336,0.8016850486059673,0.07845642895109309,3.7058498874023575,61.182274227575064,23.531380793971493,1165435.2815699491,2806606.5757704764
75,0.2064371257493602,5.1057913303102955,0.2064371257493602,5.533838831304502,0.14928685631034558,4.618044130838942,0.14928685631034558,5.046091631833148,0.1624343770041602,6.90405561581372,0.1457552704732382,5.853719394244741,0.14582650940601063,5.639033421573589,0.14582650940601063,6.067080922567796,0.28328098731190543,0.7537239124906461,0.3324796875817328,0.8936554202465634,0.537580307442007,0.03756629336300371,0.6644794487154984,3.7558451226882843,28.638948765003896,1.5872849439923946,1.9367985284794342,153.41597395338087,83.40788543317184,1.1487022214436096,0.09033615380961435,9.739004302730908,68.65809185922888,25.15725640435077,1911988.0084022789,2047890.5349866129
76,0.20652974740710478,5.2051366230442175,0.20652974740710478,5.842228993759638,0.14937947796809015,4.39255016951692,0.14937947796809015,5.029642540232341,0.1624082873811937,7.352820902134227,0.14643767181216102,6.292838215566636,0.1459191310637552,4.457651096504498,0.1459191310637552,5.09474346721992,0.2558994480546439,0.7184020181588902,0.2785434761664425,0.8329574101545402,0.5199270079713965,0.04246363834556074,0.748014155125085,3.612126080275827,32.564662455047134,2.949623122839476,0.6736015517978164,160.5566170924307,44.176159006845694,0.8008234553745724,0.09990741518843252,14.668335677002858,63.71509659364881,18.85974330800309,1351915.3539147736,2362347.080621881
77,0.2084107636299613,4.924203197404235,0.2084107636299613,5.259063486699093,0.15126049419094667,4.240438261669089,0.15126049419094667,4.575298550963948,0.16777182148119943,7.263615989843411,0.1456967151630706,5.9026981353698655,0.14780014728661173,4.691891574132982,0.14780014728661173,5.026751863427841,0.2459348450226804,0.8352068384908518,0.16085993647158697,0.9805106752808491,0.9221591513956342,0.03406866838343646,0.3914707370458918,4.825520138662575,24.513172419687542,3.6133247378321443,1.0180921656464073,143.4958997994526,45.627206937194856,0.9307379944927858,0.0717372375434362,9.06162148072324,94.1883636403287,11.293197780628956,2379317.9303196007,2047295.534263969
78,0.20966436059059068,4.9603806152412515,0.20966436059059068,5.630307748866471,0.15251409115157605,4.312000414494912,0.15251409115157605,4.981927548120131,0.1644669023630732,6.498283148578373,0.1466033483532216,5.463745786419691,0.1490537442472411,5.473835617669074,0.1490537442472411,6.143762751294294,0.3292151943963839,0.837301081877345,0.33547944788311646,0.8625180831272756,0.38075964369721144,0.031322804138053315,0.5888953217940314,3.9047207621249287,22.608460001859655,3.9806774791139343,1.9382823359449692,150.92942278043813,57.92591313343158,1.1455432582854743,0.10792629900395942,7.3095959145379155,96.65101405395515,1.2500749897336416,1653830.9107007752,2714844.8017799417
79,0.20878791156282273,5.089858968133786,0.20878791156282273,5.95333498495337,0.1516376421238081,4.294969244988562,0.1516376421238081,5.158592635927603,0.1656241543275319,7.238997073081366,0.14596277918703868,6.37934467327711,0.14817729521947315,4.801673595415528,0.14817729521947315,5.665203042370524,0.2700063094379128,0.816711785190389,0.197536739271154,0.9504584841453775,0.8113851223774995,0.03377632012965761,0.7321237733958825,4.2932045721402385,22.66129488497026,1.7312859627650923,0.8728224044739508,161.06320724997724,47.20247138844429,0.9234652479963174,0.10490358962005722,8.981578509023354,63.25552348442898,24.26667941309358,1022031.1411685605,2981231.1724142535
80,0.20788001492593694,4.866201521130919,0.20788001492593694,5.700333914319984,0.1507297454869223,4.283702010735679,0.1507297454869223,5.117834403924744,0.16160297539089538,7.7139135497578675,0.14594044121699865,7.035952090941717,0.14726939858258736,4.99845507522259,0.14726939858258736,5.8325874684116545,0.2292414315059449,0.8147101667290082,0.16080054446682776,0.9397239675126805,0.8745921266130696,0.03367280094875359,0.456024682662614,3.456376298117838,28.022048316485993,1.6401513045885734,0.7790856704874664,147.9409478627539,64.53917240894047,1.0382456961047004,0.06659554326879046,15.383561458127714,81.63529479868834,16.840822212139297,1284473.4663180998,2985514.40202228
81,0.21070984445637592,5.3030260486763465,0.21070984445637592,6.169244948971885,0.15355957501736128,4.5414847241953815,0.15355957501736128,5.407844815751615,0.1664441196102954,7.177734066456614,0.1475264335945831,6.385371581885285,0.15009922811302634,5.684902033341467,0.15009922811302634,6.551050133077703,0.2980253489177497,0.7390698667442792,0.1255448865218371,0.8689314904968036,0.890922379171148,0.034601379575050065,0.2664820491912642,4.0895251287460574,25.816507899206787,3.6510363721356835,0.8836283936748088,169.12803380365386,60.20815364006538,1.0965805859390243,0.06770244449065127,7.017983373504611,93.17908302149893,17.0686434610889,1033913.0577576109,2972950.5459363386
82,0.20672141797204466,5.363370870827451,0.20672141797204466,5.6586894639157315,0.14957114853303002,4.792401137072654,0.14957114853303002,5.0877197301609325,0.15855998493110945,7.273406531666822,0.1451039602637014,6.049623593599491,0.14611080162869508,5.507768166937172,0.14611080162869508,5.803086760025454,0.390380742965361,0.7004744532173085,0.3665491874139607,0.93997840098903,0.4255786082783509,0.03151578065290304,0.7970693949627812,3.006238605361968,27.382002033587394,2.0113526435518776,1.5989533968647935,163.99767546377132,82.05121795752515,1.0376690774148594,0.10437847349002022,15.188663730009342,79.93660430244506,26.095248590597667,2024632.5282968772,1704812.1502403766
83,0.2095799454603627,5.01351329297267,0.2095799454603627,5.3031629878421045,0.15242967602134808,4.282887211799738,0.15242967602134808,4.572536906669173,0.16146989514560514,6.303408658816441,0.1453841393691564,4.957135017210032,0.14896932911701313,4.581516060142625,0.14896932911701313,4.87116575501206,0.3034910534253107,0.7107081606707791,0.11376409460592335,0.9525295076187164,0.3453982989306396,0.028286615338061108,0.8076774305371868,3.4796556442109314,22.356978294536198,3.42814020283139,1.0315241627541916,149.39690534903136,44.79037924416431,0.8762905208375468,0.08275374562781203,4.210293346171325,61.34382362366705,17.438699761075334,2185094.6686082357,1821961.428154273
84,0.2110924917597464,5.751389785130878,0.2110924917597464,5.9267112969736875,0.1539422223207318,4.901604670686474,0.1539422223207318,5.076926182529283,0.17023970887740067,7.6039922642800715,0.1480585170531421,6.038035694244373,0.15048187541639685,5.261581045268864,0.15048187541639685,5.436902557111672,0.2792730933952662,0.7821457431440744,0.14323778869228374,0.8214252790668444,0.6412341705769787,0.036287978315052635,0.5930897223855449,4.810025126102844,26.164356411638156,3.1825868307354503,0.7830010309742105,177.5252725990321,55.944646884206726,0.881959794491953,0.0789793489036325,8.826146031490147,70.06305772688309,26.10417696847661,2496116.2307684477,1597467.607274377
85,0.2115139994399929,4.933420171050297,0.2115139994399929,5.41936231760465,0.15436373000097828,4.333425563734614,0.15436373000097828,4.819367710288966,0.16795387615462642,7.342387058344811,0.1481736817195618,6.161318612502778,0.15090338309664333,4.903666820376398,0.15090338309664333,5.3896089669307505,0.3021844421816874,0.7150668741116596,0.10392829715054716,0.8213898009114372,0.621852077945251,0.03616257456865294,0.383958038985596,4.271452434864699,27.558853277444154,1.0325643785317218,0.6332356531963794,145.68339763427713,59.663361707783,0.9912624548213093,0.09126123814406711,14.514249998295469,61.59211679111878,19.07704061584844,2006274.7130478844,2287503.2610420072
86,0.20866111756962774,5.014296855517093,0.20866111756962774,5.632751405357356,0.1515108481306131,4.368831836740805,0.1515108481306131,4.987406057066184,0.16935622629528227,7.337763709892668,0.14702346093564728,6.433169933473888,0.14805050122627816,5.527980708742501,0.14805050122627816,6.14634002058516,0.3962659901876093,0.7395352765017901,0.3716154532549273,0.8406592193421876,0.5795507239477655,0.03905698662931528,0.6108746329883854,4.945511136765751,32.16700445146982,1.786493171686887,1.6132623151715828,155.98325982882272,63.61581705650205,1.1408643225103359,0.06727146712557407,15.914650770014084,75.73474248466363,17.39658683080908,875662.4990250783,2061395.231849622
87,0.20718547691787936,5.373012877174157,0.20718547691787936,5.983281482107133,0.15003520747886473,4.739300697881879,0.15003520747886473,5.349569302814854,0.1604788624271604,6.566706247249783,0.1463228137997064,5.644989351650265,0.14657486057452979,4.710344988742653,0.14657486057452979,5.32061359367563,0.3577228146932837,0.7323263735975184,0.3977091499198332,0.8149785626650826,0.5060602448004562,0.028557000576960805,0.40446641618629997,3.18546653050724,26.985255945273902,3.364078110939616,1.0373317098257626,163.3807366371861,72.68441477231627,0.826476343253025,0.06484271047935966,3.5816834108134357,91.40619845514219,21.072713201950535,2182122.802011274,2776322.7710082
88,0.20827535919284962,5.414619324542847,0.20827535919284962,6.066093170215995,0.15112508975383498,4.566788427215483,0.15112508975383498,5.218419462405997,0.1681973465783579,7.966460074804095,0.146987891955252,6.865156039456523,0.14766474284950004,4.7051665339800515,0.14766474284950004,5.356771913597169,0.2995863511470672,0.8092688027098986,0.33418580718438584,0.8547740854848804,0.7044938646848844,0.041600902281355996,0.8216435367543906,4.706890625689515,22.923870973753402,3.979385402765748,1.6622437124186955,174.43048263156425,53.04835976949643,0.8260260566961379,0.09949926181177031,13.828495252783346,105.86779581569124,26.988094334257866,1083014.6877018313,2353660.625913044
89,0.20553084917370468,5.319693101177435,0.20553084917370468,5.963090337789057,0.14838057973469004,4.452434813252864,0.14838057973469004,5.095832049864486,0.16135405571485364,6.953279846637971,0.14537542240150156,6.103425832776673,0.1449202328303551,4.950274802184505,0.1449202328303551,5.593672038796127,0.2371523885156,0.8241791645533104,0.3779515008167521,0.9022589736541692,0.6437683909817115,0.03191229293932341,0.6076162168282193,3.6302534588571675,23.963010415781092,1.0031326226189246,1.5473885408506876,166.96580292882737,42.82074030807026,0.9053426179599933,0.09350561982196313,9.247895600215614,115.02950179519816,4.396756092196671,1506164.0327410009,2543908.919938625
90,0.2146368451464924,5.3915974808020195,0.2146368451464924,5.8589288652065585,0.15748657570747776,4.794488656200406,0.15748657570747776,5.261837530666528,0.16909148954773648,6.563390754507617,0.14697065289568018,5.430879123750974,0.15402622880314282,5.184256307511563,0.15402622880314282,5.651605181977686,0.4116540296806608,0.8161745733513909,0.16826488437453216,0.9459695754103126,0.40971441791611707,0.03874890013716384,0.9031561196114171,4.543686822802379,29.456359174083005,2.4614926268467805,1.7726403517937004,169.99389606287073,84.50867841345374,0.9478229882069176,0.06710327601204766,3.2782834735291324,41.20281176492795,17.165114626971093,1282346.651172893,1832023.8472799414
91,0.20620191636010216,5.576530026888074,0.20620191636010216,5.886190397192711,0.14905164692108755,4.92763420975535,0.14905164692108755,5.237294580059987,0.16508722822812127,7.471451743034664,0.14556829573188343,6.006414608616825,0.1455913000167526,5.741585778113191,0.1455913000167526,6.051246148417828,0.201400758355212,0.8285069263244292,0.24242436456530334,0.9126958152109863,0.4420444482460537,0.04178109676959114,0.5377118404502976,4.40072960180165,32.95983290630132,2.5534827812437286,0.7617846373421648,173.67540156099585,80.59530117901994,1.04065893182408,0.10853829344443036,13.171773468151095,80.51205763975426,17.986272442311396,1714398.1827854468,1532790.1122889975
92,0.2044833787624701,4.905305100748883,0.2044833787624701,5.436138585690823,0.14733310932345547,4.366066408469782,0.14733310932345547,4.89689989341172,0.1650811621594633,6.305914301694774,0.14527719444807619,5.1488168488814035,0.14387276241912053,4.673782490437006,0.14387276241912053,5.204615975378944,0.20690615034529286,0.7797310137082206,0.3778692222671093,0.8440881552594168,0.4868103560432353,0.031958950997317076,0.5930481013544747,4.571227416875044,33.319585567745094,3.326364736328632,0.9221482090766688,143.13039802629982,65.81879504546563,0.9307969642398738,0.08242445487864043,4.560291338160852,63.90386634440272,2.0174368641085163,1949505.2268591402,2345180.057431984
93,0.20862410053471087,5.046648689123001,0.20862410053471087,5.489740474264788,0.15147383109569623,4.517814367423901,0.15147383109569623,4.960906152565688,0.1661294867404102,6.729147818284523,0.14544912965354823,5.502296789270027,0.1480134841913613,4.704359318101478,0.1480134841913613,5.147451103243266,0.30229694127289786,0.8180488482263873,0.26543052484214846,0.9658240169088672,0.49994705404823303,0.03505123921676588,0.7127206752257937,4.516551525556823,35.62506920177936,1.4667637549718457,1.0995827541783936,150.4182757672575,74.51712267822968,0.9026454122100954,0.09708272775944278,6.920330136966049,67.67762830127941,20.68808489244896,1683063.2201462365,1907823.7946174804
94,0.20673917520015772,5.143983322851262,0.20673917520015772,5.637863361094976,0.1495889057611431,4.3038259673066825,0.1495889057611431,4.797861772378015,0.16614005073644778,7.151279217232405,0.1455598480474659,5.889406723655377,0.14612855885680814,4.631255930502536,0.14612855885680814,5.125231029414127,0.36029298684128575,0.711941045105895,0.3471083595388583,0.9456127426988762,0.5902426779277244,0.04102648501692585,0.39959591956675133,4.599603327869989,25.955635337502045,3.889043749500455,1.8156485203179524,163.35091981614516,43.022679569989336,0.8657395729253603,0.10754308020343595,10.140879749959742,86.59860457507294,11.733042794941824,887050.3965017323,1731436.0725082788
95,0.20939503940296858,5.266440456753144,0.20939503940296858,5.992869976954277,0.15224476996395395,4.408591409069836,0.15224476996395395,5.135020929270969,0.16239900372963456,6.519129731848368,0.14705317439453777,5.768262154566032,0.148784423059619,5.428753832144205,0.148784423059619,6.15518335234534,0.2514802641741234,0.8454708193141971,0.18445872134521948,0.8901874480369099,0.7944365297670333,0.042684305936756387,0.2784040575367504,3.350876879333629,29.443297843634824,1.4329187759241258,1.4407669553583435,164.09841248083993,41.368483158643045,1.0423168707104655,0.0788446018026894,2.9807603984801734,76.4360608227446,19.193268487456635,1357018.569192456,2674521.826059183
96,0.21404838228254974,5.646651094630347,0.21404838228254974,5.898588579856907,0.15689811284353514,4.796819675391858,0.15689811284353514,5.048757160618417,0.17018267315841445,8.171913176477515,0.14875939872238012,6.693913548683729,0.1534377659392002,4.896926334092057,0.1534377659392002,5.148863819318616,0.36803930781786015,0.7507829389831467,0.13455474460670125,0.837530995786989,0.8007767666392563,0.028847891215833848,0.6632339070651119,4.507438608667669,23.110408032106594,1.572378621077954,0.9063038511555367,177.75273655812265,56.091679294516396,0.8195532046501472,0.0937449764941995,12.555788087282673,99.14900965004244,29.524816016874684,1979904.2921839387,1587328.1093476058
97,0.2160546096041493,5.100419732778878,0.2160546096041493,5.465961553195429,0.15890434016513466,4.408342346291036,0.15890434016513466,4.773884166707585,0.17337176902143675,6.913024011915223,0.14963523346512825,5.467253100672626,0.15544399326079972,5.053892014347426,0.15544399326079972,5.419433834763977,0.3810987134028979,0.8422475423344704,0.19293073580861425,0.8057552176122343,0.48534713582394695,0.028133307502455275,0.43529652113236267,4.932788382904256,31.041964587648955,3.397160630914418,1.837463268627822,148.8014053080168,49.61072363642225,0.9866227039375159,0.09905143866758065,4.307736244069137,103.45588120756389,23.084032382328548,2411203.4889113484,2095143.1259210575
98,0.20512305733492922,4.881823376497354,0.20512305733492922,5.762244767174033,0.1479727878959146,4.207683017720074,0.1479727878959146,5.088229395346354,0.16397418473097697,7.22635639785363,0.14562148999635072,6.455961980683686,0.14451244099157964,4.3254643366883885,0.14451244099157964,5.205988877426273,0.20390141201919687,0.7347764952986114,0.23481069745444716,0.9267624543226621,0.9818429018152537,0.03548967293402961,0.8607694300754274,4.181941853798994,25.69693680695513,3.94569919200622,1.7024253118137689,151.71677451024078,55.132190930486004,0.8431427357013228,0.09298756404206024,8.773769108158142,65.49717844502268,16.151158788602853,955735.6740386178,2972665.6529582804
99,0.21046224259106203,5.728237414242334,0.21046224259106203,6.168456281308005,0.1533119731520474,4.8947948996233,0.1533119731520474,5.335013766688972,0.16663700120414668,7.222943866327363,0.147094441954993,5.931813029695224,0.14985162624771245,5.00218228966777,0.14985162624771245,5.4424011567334425,0.4055201838449128,0.718867098252695,0.27839062248797,0.8673087288612481,0.5380850591930115,0.0352365838101346,0.4220997071257582,4.236224108943848,33.84822995488457,3.341462419590278,1.179939756726217,178.54753459374606,59.241347991941296,0.8260280015707364,0.09020698053462818,4.6900641275423425,107.87622552471485,24.599919213162142,1898575.5704151276,2030663.2653169911
100,0.2072454628935539,5.125725533685065,0.2072454628935539,5.388957417552696,0.15009519345453928,4.5113790657821715,0.15009519345453928,4.7746109496498015,0.16602179735759962,7.091177624580827,0.14602643347234454,5.845775102259425,0.14663484655020434,4.708576545726628,0.14663484655020434,4.971808429594258,0.30077596086322334,0.7771140284549445,0.31853294629476614,0.9313889385683815,0.9567075247536823,0.03525943281885861,0.4732158036213009,4.449672620736728,35.14927741132872,2.0328535780542722,1.680902151478096,151.3686438503175,63.39711112890562,0.8820986197655978,0.0722240112594477,6.007227076239947,102.29235760319317,27.694367297696143,2035874.5452880794,1544699.4238500868
101,0.20576844457240526,5.2696797346781095,0.20576844457240526,5.604512674513023,0.14861817513339062,4.6492544777873945,0.14861817513339062,4.984087417622307,0.16258500171338536,6.832022704029897,0.14627420014443474,5.593560791488178,0.14515782822905568,4.564361391813708,0.14515782822905568,4.89919433164862,0.23827227350283164,0.7911817518065447,0.3437977903227251,0.877174497086396,0.9599997966555744,0.040236334946291766,0.5953000643752229,3.703996684617208,30.060307313886977,3.04677132539849,1.0010191769111463,157.15230933435294,68.31431421041447,0.8079881525819964,0.07214031413488069,3.7808042629644802,75.44291757253211,26.162289212363998,2300536.304397771,1954311.6993582193
102,0.21031974770586703,5.021637021282153,0.21031974770586703,5.626295381970383,0.1531694782668524,4.307828007034396,0.1531694782668524,4.912486367722626,0.16083758498131615,6.342597631594432,0.14648777188508064,5.396290190499338,0.14970913136251746,4.841744989766269,0.14970913136251746,5.446403350454499,0.283814132883372,0.7969054542037618,0.14067994427601063,0.9152814837158427,0.3469371391178412,0.04259430512512864,0.698495480891897,3.0932078199064295,31.36355316633199,1.3420507413648326,0.9607023154077088,148.50495726539697,46.249011827021214,0.9481755633167058,0.09228557975770041,5.997842976258259,112.53489717422339,6.951087661715683,1977104.0236842856,2605545.173166031
103,0.20784643159813776,5.303537717005393,0.20784643159813776,5.918335391212044,0.15069616215912313,4.591716693921141,0.15069616215912313,5.206625014437657,0.16185197498183035,6.553100216304846,0.145224709655151,5.562955950827404,0.14723581525478818,5.620780606572184,0.14723581525478818,6.235519463322597,0.25517261606063946,0.7518949919411757,0.15548342340883894,0.9575286016670655,0.5285993951475989,0.029643366678080943,0.5056099695980201,3.664424306667465,29.436934526912694,3.9010756478930095,1.549851507024252,167.25976972433767,65.37897491649512,1.0811303764008677,0.07711174148945149,4.0513107643233806,77.70326672763858,8.751300674626995,1141235.404877203,2214032.2762413896
104,0.20999221584902752,4.826516210547352,0.20999221584902752,5.528105826791011,0.1528419464100129,4.15504224860765,0.1528419464100129,4.856631864851308,0.16604262179165288,6.796392344264543,0.14626813723144097,5.841059528604789,0.14938159950567795,4.2899620223654935,0.14938159950567795,4.991551638609153,0.33786564626325694,0.7281671626769977,0.17387358330700237,0.947586080806059,0.6015091271837028,0.041844478812510064,0.33169194178481887,4.26321924570318,23.77767762289187,1.9981616077221513,1.2021451365599296,147.42415936519683,51.22033365760099,0.8442928541223614,0.08932081069073393,11.237448934179941,46.49901856914241,2.468467712866118,1300813.9115108503,2618049.0223020352
105,0.20991330610111772,5.274416380517505,0.20991330610111772,5.769692322162046,0.15276303666210309,4.569397797888517,0.15276303666210309,5.064804451366148,0.16922563304817537,6.767025009508874,0.14615219515563171,5.503858900854993,0.14930268975776814,5.168717444329153,0.14930268975776814,5.664012982764539,0.2666910957163767,0.8045171535714759,0.10578871621698072,0.9497022462809905,0.6192185564424009,0.038791062262300134,0.6343928341041267,4.978894864327005,28.561947355812595,3.364662482996681,1.8414088045015817,167.31356490470938,66.30666867454644,0.9729776850091071,0.09692012742856912,2.5053964727462743,112.26391537733397,21.803614304276866,999476.3539862202,1772907.7812321642
106,0.2146175981855301,5.2901220234299595,0.2146175981855301,5.94271566939258,0.15746732874651548,4.511942446756772,0.15746732874651548,5.164536092719393,0.17307122056823787,6.565848408210339,0.14969255596822933,5.599584730660697,0.15400698184218053,4.693578664646168,0.15400698184218053,5.3461723106087895,0.3543313476259353,0.7951020472588795,0.16004543061925902,0.8008655562307587,0.6835504104236076,0.035770231834978995,0.9577982510067455,4.925017452682661,32.8490854097394,1.992745896746818,1.2638055640859274,161.9117225249175,50.605337488952756,0.8423741879380088,0.06642852938635722,2.2982780678439,95.06561098748003,8.668259086682855,1652063.7724544269,2572354.8129631933
107,0.21056711045722645,5.429340210736241,0.21056711045722645,6.092660474727937,0.15341684101821185,4.685735223505131,0.15341684101821185,5.349055487496828,0.16653268469361796,7.985806802678935,0.1473342710941644,7.1326539447719846,0.1499564941138769,5.300071313015433,0.1499564941138769,5.96339157700713,0.2700961462745135,0.7932484994380713,0.1107176700463945,0.8867632488866638,0.7425823610000514,0.04170665140807282,0.5442365537174734,4.146407843151779,34.27661719605708,1.052092888594625,1.5943035543589117,166.79939403673907,60.33472216159525,0.9668439189953482,0.08420503585329517,15.263544565741537,52.96604956716298,21.606610258009916,1738403.0060161373,2635551.6853165757
108,0.2129182695286521,5.515705116662007,0.2129182695286521,6.15331806742165,0.15576800008963745,4.937023304444794,0.15576800008963745,5.574636255204436,0.16618659370125088,6.950475917214814,0.1483899887146119,5.929938509406964,0.1523076531853025,4.770133282066472,0.1523076531853025,5.407746232826114,0.3048173860151787,0.8354116130342362,0.14078503200692605,0.8458433134911572,0.940121593410822,0.028295869849095455,0.46860447401980515,3.7777489626611276,28.88040393227776,3.0005962037401623,1.3076639786981241,168.25158507765718,85.29795202066182,0.8104193779304313,0.085853540928343,3.698323840166485,66.26415848487768,3.975347610896316,2271496.1671490017,2887927.9369693366
109,0.21112621826497863,4.86297777118383,0.21112621826497863,5.206739480848898,0.15397594882596402,4.2814507436387945,0.15397594882596402,4.625212453303864,0.16480243925684557,6.444535448954605,0.1473289487574213,5.147280759037833,0.15051560192162908,4.385044969053824,0.15051560192162908,4.728806678718894,0.30458002043397386,0.7929960672948043,0.17177227213858287,0.8681465864282017,0.6975504513202734,0.031304565499382916,0.3194761480645387,3.761493769325245,27.92363137280869,1.0586580162028576,0.5897324083486739,145.80671728891753,62.406686155587614,0.8597661293601687,0.09398334838652267,5.732486073240138,84.33235003499274,1.7808592702049963,1561751.1906787397,1606332.179939941
110,0.20633616733587698,5.146695052733403,0.20633616733587698,5.34097459519194,0.14918589789686235,4.360949751532993,0.14918589789686235,4.5552292939915295,0.15991193100089118,7.495431249869641,0.14602637264832857,6.24170236049198,0.1457255509925274,5.366407982928337,0.1457255509925274,5.560687525386873,0.2017306577299689,0.843377194549686,0.2696566347345771,0.8787580508889208,0.6997615590895794,0.03738829910188529,0.5372644578833154,3.1326502071224493,25.57626285627985,1.0689732772957652,1.474768600398572,153.54065799756575,41.04372403955681,1.061220353589903,0.0887525047863798,14.868177290285336,89.1055565033155,11.885872729361864,2262769.8945665755,1536426.7356805846
111,0.20867801066111463,4.773170662622927,0.20867801066111463,5.264073421347053,0.1515277412221,4.402878229742348,0.1515277412221,4.893780988466474,0.16246248999161342,6.237820220277444,0.1465866466146284,5.242572756772886,0.14806739431776506,4.753721075897039,0.14806739431776506,5.244623834621167,0.29406148679299254,0.824189339080981,0.30711081159486964,0.8749294493665127,0.7619820189293234,0.030610637207401023,0.7052349679768699,3.498703823888187,31.745754495710134,1.8026966744091077,1.1922202322983038,142.16097047398858,89.01517387726429,0.9941467966418855,0.06786384639209976,3.455058963268903,102.97463298874362,20.641113010993205,1374640.0468564166,1932952.7931092638
112,0.2133405799562878,5.3089162830945265,0.2133405799562878,5.833074829860164,0.15619031051727317,4.737914162676889,0.15619031051727317,5.262072709442527,0.16622931852691075,6.664631126551192,0.1481745115274535,5.567886089260214,0.15272996361293822,4.718652707291242,0.15272996361293822,5.242811254056878,0.4021103309536426,0.718420792937809,0.15147220100846395,0.8832315367593802,0.8367182541404703,0.03901060216742408,0.4182718647709438,3.7945776316157995,28.265916624250554,2.794337672760059,1.4821884634757554,161.0114369360085,79.18201637988484,0.8431614301174323,0.08004736727458797,3.163877122539704,74.86526623978492,2.725120748809454,2077409.9376687913,2439179.2638272867
113,0.2119479400902326,5.03150767865735,0.2119479400902326,5.620986542653181,0.15479767065121797,4.543184388369979,0.15479767065121797,5.1327537884651235,0.16513922488234253,6.411153128985676,0.14808999354082972,5.402630811256967,0.15133732374688302,5.523878893142407,0.15133732374688302,6.1132664705458115,0.40132021346621227,0.722325845152924,0.23683398072234366,0.8371995734571804,0.6529376673752401,0.03473952416227953,0.5026793045458515,3.6570025806959467,25.178905810417543,1.5232533254903746,1.8218232727735468,158.8709592643557,88.70875611424866,1.1325657171114836,0.10731033113531407,3.3276196362165877,89.21182430787728,11.897228782713189,874252.6816702788,2028687.1965901495
114,0.20766929104662094,5.4137258580346135,0.20766929104662094,6.260066469912343,0.1505190216076063,4.830618042718939,0.1505190216076063,5.677066763933509,0.16033779252921013,6.826059400511619,0.1461775961554925,6.016837677970343,0.14705867470327136,5.7877825042953175,0.14705867470327136,6.634053765334478,0.326679228142998,0.7931374957390708,0.3601004809950542,0.9086611152401577,0.8900629756604608,0.03243691381851493,0.7201241581384037,3.1411276641207158,35.758599557538645,3.690202880483308,1.0751125988693695,172.21005477311593,88.61538438742865,1.0929098928701382,0.09090820151075028,3.406890378777277,99.56645573762103,11.938916346874967,842397.2996771898,2715035.282386646
115,0.21074417427924225,4.979615540893008,0.21074417427924225,5.65087382030069,0.1535939048402276,4.303213221693716,0.1535939048402276,4.9744715011014,0.16327635348919323,6.778285237480178,0.14595547573402431,5.852202630441739,0.15013355793589267,5.095159008033477,0.15013355793589267,5.76641728744116,0.3432903677996615,0.7760068793181208,0.18491499786489812,0.9604632553411985,0.5145116857062499,0.035394671964334726,0.7991511966317963,3.6967097853901603,27.15936550471038,2.8889864892213843,1.8167965081483353,150.9218373830199,54.02521137844608,1.0327534405351741,0.08731673052270986,9.208370673573569,80.31724547480573,15.107661776434663,1576675.6796630924,2639402.5360894855
116,0.2136606518521999,5.2111454448951315,0.2136606518521999,5.6933303395350725,0.15651038241318527,4.609472790916892,0.15651038241318527,5.091657685556833,0.17079510490452546,7.5224002890042625,0.14802041704274435,6.205746161816809,0.15305003550885032,5.736210237588612,0.15305003550885032,6.218395132228553,0.37831845037963774,0.7910177010255613,0.18957491737991955,0.8623746772425487,0.6088948632115596,0.02943330739293106,0.4671790045275012,4.790163471598974,27.493715906418252,1.9381802971156268,1.2200436309775236,158.7106988709416,72.38008173153509,1.1415371053425178,0.10551707352682335,14.342270315177284,45.588533678943016,0.4651453477115852,1852256.5691220846,2192489.00536898
117,0.20822127321651285,5.364746244076559,0.20822127321651285,6.288568300957451,0.15107100377749821,4.746795190734903,0.15107100377749821,5.670731816957555,0.1660073052633509,7.290020405202198,0.14571505442450366,6.5322064898066845,0.14761065687316327,5.793927617998334,0.14761065687316327,6.717670103807631,0.2943193228305871,0.7056671899967843,0.14737028214186126,0.991409122567815,0.8456024445918364,0.04151210535845845,0.34314425084526184,4.439390362352356,34.49138908883302,1.4291150863366506,0.6101300452692301,170.67242062435076,82.12094332319276,1.107562430265972,0.08867243452547696,7.948856470183834,95.72757063118001,15.02247826301027,819148.2290795869,2955364.223238689
118,0.21504827063442772,4.720254246779501,0.21504827063442772,5.582058255308216,0.15789800119541308,4.011641858018904,0.15789800119541308,4.8735070859528244,0.1637426422606429,7.403767978710373,0.14895818878828984,6.586413059926899,0.15443765429107814,5.107924788137911,0.15443765429107814,5.969656921785108,0.34702621788506993,0.8291568259647496,0.11620144297937152,0.855980806775185,0.7385014597892834,0.03672809221710611,0.6358179754171989,3.069184588037168,33.15355441989742,3.030897958701402,0.8116653192128778,141.7066806149752,40.23833369337131,1.1170187794896036,0.08472749735045419,14.811103878315297,85.99258406290016,3.554689058526775,1067658.0183126323,2906557.769167112
119,0.20544474488257342,5.398770152338452,0.20544474488257342,5.8747436436115565,0.14829447544355878,4.743440817763004,0.14829447544355878,5.219535808384792,0.15885513994720266,7.246024950653493,0.14520631772440046,6.219290327718749,0.14483412853922384,5.031383156328055,0.14483412853922384,5.507424761873443,0.25740030571190414,0.7445496327712116,0.31996709241960763,0.9439614134595875,0.4882707515531749,0.041699193327387904,0.5700384531855369,3.092346439717819,29.735764078549746,3.0350923569061408,1.8995692540001892,172.73193252165782,78.8274693180163,0.9090224501429793,0.09338263629002513,12.93860501505256,81.84711892566867,25.2961525644926,936400.0016153776,1669477.4483764037
120,0.20631582718138727,5.400317771203987,0.20631582718138727,6.233433007744746,0.14916555774237264,4.56916480467695,0.14916555774237264,5.402308904002191,0.16656350470088574,7.112071418401128,0.14624649900391756,6.1819306134134955,0.1457052108380377,4.795967913512153,0.1457052108380377,5.629112012837394,0.29507440591449385,0.7205967567365389,0.3211080333734395,0.8973871151656767,0.9461169624489234,0.040410327449413246,0.24768584194459972,4.58153711498529,28.254111620924764,3.0009213480050967,0.5057319000407033,170.8316901365189,51.844788306560574,0.8486568183399683,0.09247458103054307,5.859857093407537,92.50540104352798,0.9132287928739191,1269095.9009371584,2968095.659185702
121,0.20895806235541958,5.355940679752417,0.20895806235541958,5.842942383119649,0.15180779291640495,4.451456900200906,0.15180779291640495,4.938626296641386,0.159296278406788,7.510020386044945,0.1452944732828272,6.482990736303205,0.14834744601207,4.638091345962338,0.14834744601207,5.12522614000918,0.3721114915267513,0.7427036972761797,0.2748380143792084,0.972596773025878,0.5248146762348438,0.02997581270846053,0.7110736447704042,3.0412819718486137,27.878140394689808,1.959764649892835,1.8473883416656736,170.4856028973109,41.01837423687694,0.8198937929088026,0.10099484146493817,15.88001925553452,110.34435343854517,22.489637898187148,1071589.0833141122,1790994.387066051
122,0.2140544886724802,4.9745412842650865,0.2140544886724802,5.514036281431179,0.15690421923346556,4.422360435273462,0.15690421923346556,4.961855432439554,0.16562952486983343,8.078431343051884,0.14745418521404452,6.952959705821131,0.15344387232913062,4.572093859095733,0.15344387232913062,5.111588856261825,0.3634062916156368,0.8291402450910954,0.12358396025297877,0.9449780326924684,0.9364164580583068,0.038376904254218844,0.9403459679266974,3.754776711863612,24.578857116074204,2.2969430522679435,1.0122723083473275,153.67845128160835,74.51651044667523,0.8879634329669429,0.08336230831560855,15.38271669985692,82.63565511152893,12.669211628805506,1277973.847835515,2096091.7414937424
123,0.20545315562651933,5.196012066442022,0.20545315562651933,5.4031931194500515,0.1483028861875047,4.5456542303352165,0.1483028861875047,4.752835283343246,0.16465102713805074,7.1117360625651465,0.1450205077745657,5.552851258419628,0.14484253928316976,5.029889171150586,0.14484253928316976,5.237070224158615,0.27310308971054403,0.7910007208800911,0.3925105192143771,0.938806969038614,0.6059954896420107,0.030719295202550574,0.9930428318312372,4.453183220030686,35.32003717868636,3.935039242648463,1.5712690229517097,152.43730865089762,59.151812419208525,0.9533768261978357,0.10791848981577891,6.667951635929154,97.0749091544853,21.504433250193998,2293936.7988579995,1500370.8785590106
124,0.20754303777527858,5.064081913284026,0.20754303777527858,5.581864200242744,0.15039276833626394,4.492825220017024,0.15039276833626394,5.010607506975742,0.16579694406599493,7.388187835709013,0.14607806034387405,6.219980223586651,0.146932421431929,5.33437057389408,0.146932421431929,5.8521528608528,0.33942012475200883,0.7702797615938846,0.36063749466423567,0.9063315244726967,0.9576421922326117,0.027471662884870858,0.7635007469229955,4.3848310694236705,28.209442231644864,2.5239170743298027,1.409634887317939,155.07778615907472,73.1069681994592,1.0745661720544528,0.10106604855396015,8.709553189537573,57.64469935639549,19.447485148301375,1458452.3394140992,2088228.9979478307
125,0.21316086479052748,5.429393512049472,0.21316086479052748,5.863764094555383,0.15601059535151288,4.523382030391073,0.15601059535151288,4.957920589198076,0.16363334884070768,6.685533449239046,0.14661036690766943,5.5575407347759365,0.15255024844717793,5.504306287762686,0.15255024844717793,5.93866298129251,0.3517703535832219,0.8139229350483943,0.10937465105433661,0.9712880829258449,0.6924079749614676,0.039941447428724804,0.5182856717835456,3.534314658755637,22.12504741821796,1.6873655412916722,0.650128474529371,175.55052366212158,46.06877516253916,1.018253109044129,0.060334532360714864,5.267888692514024,60.851003791841535,9.822375847244261,1049570.6483336436,1675256.739219697
126,0.20949596499611467,4.808033871471428,0.20949596499611467,5.249818288628334,0.15234569555710004,4.2074178229500285,0.15234569555710004,4.649202240106934,0.16202616580328674,6.37959324648234,0.14693107270481442,5.222883444585475,0.1488853486527651,4.789222065637828,0.1488853486527651,5.231006482794734,0.37085998342158577,0.7270079085472804,0.2816383794926566,0.8760893901179871,0.7102742884941438,0.03618959729855978,0.37548074931157266,3.298216815222575,33.16878182206902,3.8768917675795556,1.1641465379827949,140.39324961325545,54.4144776096916,0.9942674496758181,0.06528401846335986,4.894891968318362,45.248922051552185,8.388784762455831,1760938.4548071963,1972662.9855452916
127,0.20395999948711194,5.063305401049993,0.20395999948711194,5.421546685707042,0.1468097300480973,4.601158356364507,0.1468097300480973,4.959399641021555,0.15974177550716478,6.22606670050891,0.14451700000780954,5.050091906636909,0.14334938314376236,5.467515560531666,0.14334938314376236,5.825756845188716,0.24670435813853725,0.7303447106643479,0.37169639987602676,0.9917157556279701,0.7010589494529011,0.031606997205057455,0.3460043499339258,3.4992402952153423,24.73449172235033,2.390144387333591,0.5215164215839694,150.97394352917976,84.73111069203344,1.1145430757338453,0.06743982145167494,2.5238866726230427,84.28093583044293,15.535914150086729,2161111.1171204504,2002780.33713758
128,0.20653839616213684,5.388965896776374,0.20653839616213684,6.032848512044022,0.1493881267231222,4.5480878872880925,0.1493881267231222,5.19197050255574,0.16339401334312748,7.641788256339332,0.14589450140318858,6.555380867553515,0.14592777981878727,4.9498118491435426,0.14592777981878727,5.59369446441119,0.27507904232593683,0.8208100918068354,0.3641478704114054,0.9278776559755312,0.7976975922291107,0.04087407863411257,0.2393337671511306,3.924694946273136,24.994207523967766,2.9846313716366057,0.6902251016016,167.35322670770432,46.9123911373538,0.8877344742343602,0.10506531037162309,11.610463028639174,67.8171001916445,5.959681269154643,1815432.3116916982,2698191.415966188
129,0.20726743385987076,5.649202356087915,0.20726743385987076,6.056590028163898,0.15011716442085613,4.792991225718011,0.15011716442085613,5.200378897793994,0.16746650262157106,7.474978875474737,0.14621415835355053,6.311095202491665,0.14665681751652118,4.9767711739844795,0.14665681751652118,5.384158846060462,0.2963767228996468,0.8418747334471379,0.375704008718059,0.9304801518217043,0.9405289771895446,0.041068024711114245,0.3321299123732522,4.729271701405891,29.811808289031255,2.354949913359852,1.4547489732591712,175.45807978593663,53.00272448479953,0.8360399329395195,0.07064565557504153,7.797008879293566,58.89326568054607,3.981745651926901,2027865.0680231457,2037499.550349167
130,0.21261510234900635,5.462157900341773,0.21261510234900635,6.088548682808644,0.15546483290999172,4.713783604415063,0.15546483290999172,5.340174386881933,0.163286290997975,7.587659112240448,0.14637042172818904,6.68355058147756,0.15200448600565677,5.3835462089236685,0.15200448600565677,6.009936991390538,0.35489947617538115,0.8389734345650519,0.15601537595950507,0.9881187831223199,0.9282238446847364,0.035104413990310196,0.7922663126161009,3.523621624536662,29.33151601478285,1.1360845730890268,1.2147348495095012,165.33761720548162,58.23898042566121,0.9796586823749621,0.07497018077762821,9.401018835179341,52.508744100539495,18.9015827281155,2337841.1917854613,2885829.105195225
131,0.20579305588771957,5.429681384401563,0.20579305588771957,5.890237781758955,0.14864278644870493,4.699500317226857,0.14864278644870493,5.1600567145842495,0.16237125255106596,7.608615408096197,0.14576078289506614,6.508840211034464,0.14518243954437,5.032470365859052,0.14518243954437,5.493026763216445,0.28073551494474874,0.7326295730107112,0.33528696514572015,0.9143531298687001,0.6634622931244777,0.04293720367528973,0.9340112309950899,3.759764987706257,31.788060549766712,3.159648443963281,1.4918762274216286,167.2151925812944,62.6913951147895,0.8983729851814278,0.07890048452378068,12.869856803496031,66.79019330057648,20.433907438347344,1787836.759421994,2055801.7350182913
132,0.2084531770731437,5.137951832480214,0.2084531770731437,5.9538747521817195,0.1513029076341291,4.423405466306961,0.1513029076341291,5.239460864311381,0.16054732379372147,6.7295269717600625,0.14582164534421244,6.002001015505843,0.14784256072979415,4.750731299665906,0.14784256072979415,5.566726010816462,0.2715963428721323,0.841806132783833,0.2552620621838186,0.9379613759886837,0.37733747602751083,0.04274847923367524,0.4706702774034122,3.2294132892499503,32.71183616313786,2.8927747280332126,1.9303727427554414,160.95799571386254,58.59057557924274,0.8970967926799931,0.0973286162274428,11.304769007107332,64.92443599890223,8.563347608088646,895947.263702205,2675715.039167456
133,0.20828272381810295,4.897384611977252,0.20828272381810295,5.276122227072958,0.15113245437908834,4.495422096706115,0.15113245437908834,4.874159711801822,0.16432238995470366,7.0410847880926175,0.14689445766184925,5.874261787949477,0.1476721074747534,4.288992960577291,0.1476721074747534,4.667730575672998,0.24985110985470554,0.8119509841643885,0.26543962696577617,0.8196594355861763,0.6172677307077851,0.031067063821301706,0.8391199406132805,3.8806265662551525,28.817492732558037,1.6765115651072495,1.799361445736011,142.88020543210848,85.06606897308563,0.8178308655412545,0.09825357690269393,10.202806036275215,114.53877131509343,27.700757642315654,2126118.018093734,2005471.3792073545
134,0.20999963740555874,5.511039087226971,0.20999963740555874,6.083800375658542,0.15284936796654414,4.5777836730461186,0.15284936796654414,5.150544961477688,0.16231153419602587,6.84940900414584,0.1468119254143923,5.8740532555823055,0.1493890210622092,5.51165484390503,0.1493890210622092,6.084416132336601,0.3033938590003716,0.7503948985736515,0.18798785543382812,0.8635568676539953,0.4613386287238228,0.03219607466286266,0.48013837559198286,3.3750477075030445,29.278232506541876,2.6911098650656866,1.3964181097501436,174.70799109632037,41.231405183329734,1.0001507856372043,0.0774732687430865,5.3674660342678076,87.27222009859236,29.385360927287987,1344085.0839169496,2192160.899633392
135,0.21371516393718207,5.006187073464356,0.21371516393718207,5.647527330749062,0.15656489449816743,4.422386898191022,0.15656489449816743,5.06372715547573,0.16368282267572482,6.6855642617442035,0.1482866547982252,5.701057813184807,0.1531045475938325,5.184542521799297,0.1531045475938325,5.8258827790840035,0.41616449241050896,0.7851932337697725,0.21591902955745507,0.894139810098445,0.9311674513764236,0.04128554767071067,0.40010827275377486,3.216928713834208,33.637210922318005,3.7841906587775735,1.084221963469003,146.93188062197746,63.373202968454734,1.051931869637857,0.060879070422127,4.224051041323507,109.73835514518649,4.353421990270395,2006583.9039020303,2719106.688871464
136,0.20913229483504053,5.419333979485797,0.20913229483504053,5.987900960183669,0.1519820253960259,4.633899945552928,0.1519820253960259,5.202466926250799,0.16447227909997716,6.62603251035884,0.147316068104687,5.584810672303942,0.14852167849169096,5.729793858232676,0.14852167849169096,6.298360838930547,0.37587081605316147,0.7277130092541276,0.33633927939313124,0.8089260799848216,0.6547774315882535,0.03033005190795909,0.30436737112402157,3.793768677654306,24.25505368509905,3.7555938087684506,1.8012797756608794,171.24005187192833,58.79600368292643,1.077564634043582,0.08705316022883959,2.9665570670748305,51.724226312846575,12.631591308127616,1492362.286704576,2302517.5495212385
137,0.20614712611907146,4.990999844598206,0.20614712611907146,5.541277195521322,0.14899685668005683,4.33693714621631,0.14899685668005683,4.887214497139425,0.16107824168279203,6.509814957010461,0.14549335525908286,5.424882988421809,0.14553650977572188,5.102976800840628,0.14553650977572188,5.653254151763744,0.23853106238783278,0.8399233023207611,0.37821743617703674,0.858410317923253,0.3912880019904127,0.029126043470975308,0.4211814793690061,3.5303687796777923,32.92701496315527,2.045618157091569,0.534609837361131,149.21722748852326,55.468766332843664,1.0321050467706383,0.09484324675020288,7.987247115331702,84.73284019197027,17.929313353459257,1634754.7321111388,2240247.2415159154
138,0.20985392181954945,5.07503149009526,0.20985392181954945,5.551529566212401,0.15270365238053482,4.564347214640203,0.15270365238053482,5.040899809463542,0.16685418166116378,6.924045661230044,0.14733919195014922,5.8984610572223515,0.14924330547619988,4.6173140810919735,0.14924330547619988,5.093866675915312,0.2592212500979171,0.7490602059137556,0.1292230829792772,0.8244779254451076,0.48864157647813355,0.03423411903872367,0.49202090925470865,4.278984220588404,27.01681119083294,2.100173289175876,1.9482317879477988,158.10801788344315,84.93360640270905,0.8761615750437866,0.07095589788328467,13.338413444050557,42.92665698805554,12.574143169613558,1157608.3604986598,1816272.805280052
139,0.21122784186730062,5.5888641172932765,0.21122784186730062,6.050952984481469,0.154077572428286,4.8027148932581545,0.154077572428286,5.264803760446347,0.1669387735762708,6.502423378646557,0.14676000069265757,5.407772857661141,0.15061722552395107,5.15493040010863,0.15061722552395107,5.617019267296824,0.38061366553089954,0.7332715792172777,0.2230114409272615,0.8834737539662112,0.41813185114375584,0.028888936467599723,0.6729864420498548,4.331644641801043,32.02236902650543,1.4170515788975915,1.0171804522549048,175.66527582032245,63.22106604030188,0.8943179839094024,0.06668718422368625,3.179955708525049,40.64412001857666,2.668656037090704,1553630.74023142,1936066.752268762
140,0.20325583214635537,5.381162329070186,0.20325583214635537,5.813157922657616,0.14610556270734074,4.671722279729703,0.14610556270734074,5.103717873317134,0.16301333127771964,7.079085146105671,0.14484892107143457,5.958331171560145,0.1426452158030058,4.9259786867614075,0.1426452158030058,5.35797428034884,0.18292255462032528,0.7186379059610449,0.3415061443873381,0.9005382790554886,0.7846581911481211,0.028805919296130463,0.7071220286844095,4.232896658508857,29.38806559160657,2.0524092511958796,1.331221830487144,160.8034989101504,59.19587847466656,0.8788970374780923,0.08723000999524771,6.149883525242773,102.04765650250273,24.20652104070967,2481732.3410096103,2356010.378751812
141,0.20770441018108604,4.895709919236699,0.20770441018108604,5.54138774926906,0.15055414074207144,4.262541354076504,0.15055414074207144,4.908219184108865,0.16773419849834592,7.450105978655973,0.14615775863480374,6.306264581384781,0.1470937938377365,5.226794851021789,0.1470937938377365,5.872472681054151,0.3232896324769429,0.8049958157347362,0.36690137611483875,0.9060785298600817,0.6431380648872489,0.03947246242681604,0.44738505472728063,4.79067272789275,25.87045652615543,3.5651565365739644,1.4524864275777305,144.4085443238586,53.58725145437359,1.0980867038447144,0.10534160164826847,14.27752946793136,99.66217435115965,4.515102697217342,2030745.5101371922,2809890.231293137
142,0.20923035730480488,5.133918675202181,0.20923035730480488,5.842358152641361,0.15208008786579025,4.4698927576220076,0.15208008786579025,5.178332235061188,0.16163349323834436,7.433836159372566,0.14778362105269632,6.647411741700592,0.1486197409614553,4.714920860871867,0.1486197409614553,5.423360338311048,0.25378140309455144,0.7734938496107201,0.19251960863080098,0.8030192948378869,0.6197693736052828,0.04211936201871106,0.44778947233418187,3.0601608254180794,33.12290883367113,2.185227332696921,1.3390350225571916,154.59981371112377,59.50553037207734,0.88405116051064,0.07984173113490134,14.535963627468563,90.32188130723966,21.180022542054214,1726673.409732321,2780750.6509798397
143,0.20565799823268602,4.99269106659566,0.20565799823268602,5.534378467687052,0.1485077287936714,4.476691126414147,0.1485077287936714,5.018378527505537,0.15955461540395965,6.958540539481666,0.14575062682812995,6.026991191158799,0.14504738188933647,5.48947670771094,0.14504738188933647,6.03116410880233,0.20084591821506223,0.7142182669836333,0.19384743979623015,0.8742719142590529,0.6905499736423255,0.034200052758507696,0.6925256159798018,3.137624771548487,28.10011560242207,1.2217054849296431,1.7445787997234943,146.65689343144706,72.52560767595894,1.1449206149982902,0.10916506825605149,8.920023746904487,102.39803355041347,24.356372541879306,2197342.3790828353,2554206.2667156253
144,0.2142602891002635,5.47392846814306,0.2142602891002635,5.723182668537104,0.15711001966124888,4.7006240601937685,0.15711001966124888,4.949878260587812,0.17170906465840796,6.971203069119899,0.14918997468122946,5.547325469268677,0.15364967275691394,5.060254122042699,0.15364967275691394,5.309508322436742,0.3460871748577822,0.8339674440419158,0.1839893388419661,0.8192957562710811,0.4925256129865806,0.04098010516430525,0.485643101010305,4.743817265002471,27.809671043219446,1.47846879122757,1.1807462278934515,166.74859261779102,56.05021774329761,0.8938646571954759,0.08387361985668573,4.815705547057461,103.07096355328302,23.926057746397092,2277484.1189921643,1695177.4528587195
145,0.20963867992347526,5.419023891093133,0.20963867992347526,6.199826642764605,0.15248841048446063,4.574373329038288,0.15248841048446063,5.35517608070976,0.16364850341346712,7.361467498823718,0.14753913166490035,6.601998498209152,0.14902806358012569,4.945171701471228,0.14902806358012569,5.725974453142701,0.34910180140151054,0.8423412042100662,0.3851906092664361,0.8354568789134926,0.9027609659752245,0.032069897634320686,0.54307937330019,3.533082133451747,30.270727281978324,3.6616862409060134,1.899910821848634,170.59153483238345,49.7715694726025,0.8811637249840081,0.07329241177347491,6.957895188138032,95.5204138917245,27.98597325042223,1327083.0849786974,2820759.028622783
146,0.20672912980230895,5.428821336908177,0.20672912980230895,6.124656818411212,0.14957886036329432,4.539451269911228,0.14957886036329432,5.235432272456759,0.16623958353853932,6.646650841150074,0.14582462004241847,5.745789270282254,0.14611851345895938,5.709982052709959,0.14611851345895938,6.405765406462803,0.3526901243446288,0.7038058222213085,0.34455954854578874,0.9128956443203566,0.5486008507924155,0.04162573042164741,0.8194085182735131,4.576868840578136,26.294611135290868,3.347969145315357,1.7916980911318083,173.70363202923252,46.51195388411897,1.0692354994435864,0.07631810527820958,4.134895123375965,74.46598516753525,8.495645587459071,1124454.5795646594,2485946.8159987936
147,0.20690515656270986,5.569840656566735,0.20690515656270986,6.215304234010706,0.14975488712369522,4.822872411959456,0.14975488712369522,5.4683359894034265,0.16061243971672748,7.185905523188323,0.14561722061141097,6.281104719282801,0.14629454021936028,5.989850403917683,0.14629454021936028,6.635313981361652,0.2793703711839202,0.7127895850438478,0.23177724762286572,0.9464057734810587,0.6095379833593375,0.04088757468367427,0.7624035870250712,3.3423599147633034,27.95886851243123,2.7863913823499393,0.9403915665358178,170.73530906092375,63.85911258790375,1.1052445557674033,0.07058481154968138,8.478541544682235,77.76056664875786,21.47861682454493,2287186.484899429,2931505.281247718
148,0.21215906162911613,4.908602984180447,0.21215906162911613,5.28515918943596,0.1550087921901015,4.373446339471062,0.1550087921901015,4.750002544726577,0.1688838576364605,7.31974103273709,0.14760731840811692,6.182558451576351,0.15154844528576655,5.320104439420056,0.15154844528576655,5.696660644675569,0.35098918199203893,0.750594946351297,0.1396754461658185,0.9056890077106841,0.9408054280718183,0.03830122675704437,0.37093961133093334,4.510688886097148,34.88494175319639,1.2647609109009754,1.3311138729992438,140.57451553447342,63.94444456756681,1.1252357713205103,0.0625441701832844,10.343212167959734,70.44901341066232,7.9310467409815875,2252901.730150901,2015728.2051815789
149,0.21494972578827995,4.974194620504928,0.21494972578827995,5.365158558426503,0.15779945634926532,4.300584168193031,0.15779945634926532,4.691548106114605,0.1643415836142169,6.877035424035095,0.14759846476336033,5.640880176952725,0.15433910944493037,4.566185797125763,0.15433910944493037,4.957149735047338,0.3800784949047409,0.8411556182235798,0.13393423117405942,0.9346197312336315,0.9710993718903398,0.030538712153618402,0.7709130872929473,3.4327233146195555,22.950599529322506,1.9613374698814252,1.14545427553022,152.5045761463026,56.01660428545648,0.8855409085104932,0.0852141320640494,5.954278912170031,49.74342692409892,22.42207480518964,1504826.4046296054,1769855.598495071
150,0.2085273033241541,5.394284379636513,0.2085273033241541,5.904993719452204,0.15137703388513948,4.628666610517321,0.15137703388513948,5.139517897374572,0.1689128344331776,7.145700105809541,0.14650210961255858,6.046092845617093,0.14791668698080454,4.799166763231763,0.14791668698080454,5.309986439025058,0.31356199839044796,0.7588623697014186,0.28767484782797337,0.8637251010048457,0.4660996641074878,0.0363661330688707,0.2541264502949406,4.956518304115485,34.35834534209112,2.2155467103770867,1.5579410918277454,170.49029927179672,60.92875503514653,0.8506909192678878,0.07979050102464882,11.536370216772482,69.5034594615379,14.560089497560565,1023452.4101710673,1782928.1488499274
151,0.20724618431815556,5.115913552851608,0.20724618431815556,5.449832186189328,0.15009591487914092,4.654643078066174,0.15009591487914092,4.988561711403896,0.1673642752257278,6.963474159803296,0.14650568516233933,5.645045560630804,0.14663556797480598,4.661161583940008,0.14663556797480598,4.995080217277727,0.28594871448985915,0.7004943463350622,0.26859342954969295,0.8345369390949465,0.4086336973760777,0.041837236432559044,0.4327753050195172,4.6864292745285345,33.87261347367388,1.9795897966997016,0.5897777948436846,149.80184134443536,83.64418878716519,0.8701263484589423,0.07540485352224222,12.268580166412447,55.47852080238602,26.481913337781865,2246342.2869210304,1887131.6318866902
152,0.20997298395163627,4.880072683084695,0.20997298395163627,5.321159997255948,0.15282271451262164,4.300720870846616,0.15282271451262164,4.741808185017869,0.16814357829082974,7.187572428707649,0.14660629042008586,5.8908089836208495,0.1493623676082867,4.8634730152988075,0.1493623676082867,5.3045603294700605,0.30894638836973176,0.829545539190444,0.23564102332544537,0.9302084803362753,0.9821998602012045,0.032658158016219234,0.48435261990100487,4.6552055231763685,26.925658138452746,2.613993140508526,1.73761188039195,141.91964109759073,58.77260876914953,0.9949959630572875,0.10542398989646057,7.2977275076319374,48.41616466811782,16.43588334322937,2235522.1761212684,2273430.0533269513
153,0.20672378251849555,5.16182455958257,0.20672378251849555,5.767191021279163,0.14957351307948094,4.59460317159941,0.14957351307948094,5.200008058801494,0.16611967400953676,6.821912716155522,0.14614243794565301,5.715135182329034,0.146113166175146,5.634444785685446,0.146113166175146,6.239723622677628,0.23872754852294356,0.715845334810082,0.21806101112174614,0.8571619751669618,0.4209813337514939,0.04172260375484167,0.31736513063623106,4.501900339679076,32.26298007301508,3.054326042028371,0.8306685554938962,159.8897480715139,78.57647847252738,1.1264371721146034,0.08574528746992693,9.482732115824819,66.36452983120267,17.108417869778055,1202043.5874179732,2189422.72182429
154,0.20930319572856385,5.62938153644626,0.20930319572856385,6.22979777668075,0.1521529262895492,4.954852015929425,0.1521529262895492,5.555268256163914,0.1645624008936556,7.527046507788211,0.1469056243089096,6.4046070002850275,0.14869257938521427,5.865426575723817,0.14869257938521427,6.465842815958306,0.2831945047494166,0.7419769908471567,0.20802822601703236,0.8175979122605264,0.39452053690211447,0.02802811828640119,0.43230788304396106,3.894354020593508,27.065809057894995,3.13604747541523,0.707395182852819,177.11007529358722,80.4394923298066,1.0570184260837654,0.09552314921967472,15.839980723307447,113.7902668865772,18.3581909586904,1800920.484915426,2537937.4893590054
155,0.20389423193659226,5.323246858948156,0.20389423193659226,6.190620210577752,0.14674396249757762,4.650841741619791,0.14674396249757762,5.518339758481808,0.15956727705516813,6.419558446498785,0.14441368775094343,5.950064021471381,0.14328361559324268,4.857340375157942,0.14328361559324268,5.724800106766796,0.18192307620256534,0.706157733742657,0.2420796134968585,0.9590728794501122,0.415024170796692,0.03337148649749713,0.31852247872129547,3.4924536110887594,31.759060393291023,1.0018806869857313,1.7222363187516336,168.2666986069521,72.06422784170597,0.8815640170308767,0.06604751355941468,7.614811806552491,46.744043482562844,6.325026012942995,1020906.8300183567,2915267.828918605
156,0.21390734546790363,5.2777267074400465,0.21390734546790363,5.804411662894527,0.15675707602888903,4.599210749488482,0.15675707602888903,5.125912832491329,0.16913436205641125,7.022111224423234,0.1483201764871978,5.88340784555532,0.15329672912455408,5.569322203579395,0.15329672912455408,6.095953096654873,0.3958110720292447,0.7355439791108356,0.14951835633704472,0.8644186675810452,0.6133683983233874,0.037149931201481357,0.21488040529089744,4.365249543979429,31.601089103550073,1.0201033427551565,1.0778680749925242,164.65173331285627,67.42814284879077,1.0757526087012512,0.0929139789762676,7.090365147091839,118.56511507974648,15.990102324146967,1256813.4297298423,1979026.224991958
157,0.20780368464392304,5.554918931156045,0.20780368464392304,6.20534130381147,0.1506534152049084,4.806447729246354,0.1506534152049084,5.456882156423467,0.1673894136397659,6.9009072921753445,0.1462428315813408,5.942355575803739,0.14719306830057347,5.345345165374081,0.14719306830057347,5.995779592551194,0.3399358876521692,0.7646799035350498,0.34683618653019377,0.8984874655540243,0.5809879718583406,0.04130056700060219,0.27967052251612295,4.693791701750687,33.709435027822394,2.0675522698898234,1.5244268501367206,175.32433913423705,68.15947608718264,0.9488632243687884,0.08579534330593702,4.723947834625211,114.64709532779496,9.403085380791907,1330772.8723484334,2384244.1893761023
158,0.2074370057670039,5.087630400497463,0.2074370057670039,5.615349310310862,0.15028673632798928,4.610689651972022,0.15028673632798928,5.138408561785421,0.16001020545481426,6.401205046310022,0.1465669044042664,5.3748050154095015,0.14682638942365434,5.519385290308397,0.14682638942365434,6.047059153596778,0.23345032672495747,0.7086480520287355,0.18863739232202348,0.8019674606533348,0.3325948968398538,0.03531569923323664,0.46892714452597073,3.0212004005055526,32.538542744152394,2.0978549504694013,0.5412117991196534,156.0695850590331,87.66425477866338,1.118341560087297,0.07800069207576202,7.50540671376991,104.6391200426965,16.11092684689507,1279102.8343616254,1987720.9348655394
159,0.20862521466913733,5.825510195051149,0.20862521466913733,6.393414984416447,0.1514749452301227,4.854779059843657,0.1514749452301227,5.422683849208954,0.16427486509562964,7.211288842602618,0.14741278039384711,6.197307234181533,0.14801459832578776,6.0896483578622345,0.14801459832578776,6.657553147227532,0.22274801993899582,0.8461599321091912,0.20792945589069334,0.8229335871919494,0.6621949670660342,0.042737764264385664,0.3397423823024214,3.7405724252594625,31.989981836663862,2.7385501008992956,0.6874497818225207,179.92508972710607,41.183161833449745,1.0628062754950633,0.06167790294261305,6.6129723226404025,107.17048903595291,5.94557647575452,2357409.0851709577,2692198.2866104953
160,0.2103749468468444,5.433278621083186,0.2103749468468444,5.900025334084209,0.1532246774078298,4.623599592271455,0.1532246774078298,5.090346305272477,0.16362549595360779,6.5012251436127615,0.14506719168413743,5.39308011943411,0.14976433050349486,4.641826156472589,0.14976433050349486,5.108572869473611,0.32399910532094134,0.731105516152777,0.10107211569571478,0.9973626236540425,0.4253679707445993,0.028198998386118466,0.6772065328608112,3.9584595179898194,23.605893821971467,1.6903739656055974,0.6129431045098555,171.06438882782388,55.28519261201927,0.8020621536104316,0.06257915406816467,4.32743050622615,40.403782019195376,17.223704172573214,1625242.5540533236,2066609.198541637
161,0.21068597310680262,4.835311715071089,0.21068597310680262,5.491105606013185,0.153535703667788,4.150909029485883,0.153535703667788,4.806702920427979,0.16481612833795253,7.0203103292378986,0.14637106558209093,6.059709070669944,0.15007535676345304,5.3088128890557,0.15007535676345304,5.964606779997797,0.3237126538677693,0.8274587296328932,0.23191627899634285,0.9175332214669694,0.5470196230019232,0.03028699743555673,0.998312263795746,3.9622454188470133,23.82991471374783,1.5290654498195573,1.1433208805519544,140.56143809130558,42.51831735322338,1.144118085196662,0.08843323062066899,13.335251708609457,97.97477143004397,14.037160132469934,2289125.1589998715,2999809.3875626894
162,0.21060732907886787,4.857499902919627,0.21060732907886787,5.047318874738181,0.15345705963985323,4.27972766852718,0.15345705963985323,4.469546640345735,0.16572704099262753,6.557323933462983,0.14678961909178107,5.0227053548414595,0.1499967127355183,5.1017719427814745,0.1499967127355183,5.291590914600028,0.34371097961644725,0.7838810165229461,0.23640438333256034,0.9018530771265647,0.726870153472764,0.03120669614948713,0.9418830276432559,4.080062816156102,24.241871557817365,2.0008279829971065,0.578884898797605,141.61437358296476,58.73230330774086,1.0737955269872033,0.09748350813114019,5.04426916394331,54.32042730824666,15.362134348904425,2257668.741791335,1530777.1692341864
163,0.21095625173287064,4.812850740895136,0.21095625173287064,5.348111552496537,0.153805982293856,4.256071512334747,0.153805982293856,4.7914160860888275,0.1634827544965205,6.285412981796834,0.14744114395860505,5.238732473305587,0.15034563538952106,4.7672475810720405,0.15034563538952106,5.302516847589047,0.289691281732663,0.7803275981165696,0.12015636384571575,0.8897981318583464,0.9151190249147925,0.036721767857982424,0.8553827835984136,3.448096424883612,26.039427607540844,3.1287165749481725,1.2984950780099516,147.9268701222917,68.16989829559368,0.9868134569842292,0.07360484788216122,3.7128855041675974,59.56185431491151,4.8888788228106055,1056722.400485091,1953912.7564220354
164,0.20929589958561423,5.262422498754613,0.20929589958561423,5.5148177147701825,0.1521456301465996,4.756901806311451,0.1521456301465996,5.009297022327021,0.16068022017623895,7.360246730653601,0.14565171557824447,6.0801347375879295,0.14868528324226465,5.422131908417203,0.14868528324226465,5.674527124432773,0.29872284946626937,0.7707690499889179,0.17884387816613975,0.9554229550613349,0.6817649793950136,0.02738946028782655,0.9101841007583011,3.2593163484586083,31.190371055567567,1.795757372039363,0.9062557140729554,155.27726744119616,82.81975814603086,1.0440034005373164,0.07329363627487899,11.873396721598068,107.59634922567253,13.138431100272872,2467235.9227637863,1776152.4971881188
165,0.2042560935739285,5.605180513278673,0.2042560935739285,6.364955078880942,0.14710582413491385,4.834152995442833,0.14710582413491385,5.593927561045102,0.16626238533355794,7.799689641360239,0.1446562748776424,6.823525379470665,0.1436454772305789,5.706380100355904,0.1436454772305789,6.466154665958175,0.2656982488054315,0.7078534566821266,0.3652610505780287,0.9632177032276168,0.6901194119208366,0.029793906405010343,0.29695372660821323,4.961439941339503,31.82962770836007,3.5601030761414165,0.7109082142233267,174.65049745025613,64.30438752058939,1.0247897717748082,0.07836095133090369,13.454454583577593,104.90213631551919,1.471011734241383,1796074.7195113024,2989128.2315416727
166,0.20734876748170003,5.38670947010617,0.20734876748170003,6.032843503612387,0.1501984980426854,4.783017618093355,0.1501984980426854,5.429151651599573,0.16365504387961002,6.5474282697941995,0.1464222668456382,5.571458170597611,0.14673815113835045,5.160590650042934,0.14673815113835045,5.806724683549152,0.2523607344287876,0.8186283470321223,0.3079522031455124,0.8599613363633318,0.8278054486687025,0.030722751588890176,0.8496687430856216,3.856440064836214,27.674713181409807,1.1288449858755993,0.7145470225072463,163.26998770106178,76.67885915597793,0.9407492345216698,0.1000287987449994,2.5968028861013335,80.71709996722166,0.17630664228608706,2248549.1434766846,2911089.0978228385
167,0.20691132934585058,5.4062317275433145,0.20691132934585058,5.903621665065731,0.14976105990683594,4.522501575871487,0.14976105990683594,5.019891513393902,0.1647717169816703,6.679886788937882,0.14557588500921798,5.531424740443758,0.146300713002501,5.398091381079801,0.146300713002501,5.895481318602217,0.3267461579830988,0.7553652943330987,0.3466455470322939,0.9398526545474412,0.6856705786208295,0.03575503876711419,0.3349595627408444,4.283649321739208,31.074387148906872,2.0721181346311766,0.8868346766898347,166.80427711983614,40.34357522763265,0.9979121498650521,0.0868312189808681,3.8888774262369585,94.33052918797847,1.9928415479203565,1736711.3893629864,2148392.4767111493
168,0.2044201160177762,5.197478727665665,0.2044201160177762,5.521328816210717,0.14726984657876158,4.6247145080997205,0.14726984657876158,4.94856459664477,0.16335519211186822,6.576132611342042,0.14541875531417434,5.270217811976409,0.14380949967442663,4.701949118457118,0.14380949967442663,5.02579920700217,0.19954332723965573,0.8477005459094938,0.39499205732201537,0.9272897451308584,0.8835366014195691,0.0380893187511435,0.5360193417006079,4.119038376305705,24.295724490770105,2.9803343999549368,1.649406736738632,160.1341427217315,77.94564458128829,0.8676117974641283,0.10160517400077201,3.3270141224633436,100.34833723218873,1.7532077424041725,1711558.4987497604,1656157.591408712
169,0.20551181002417426,5.433626646102028,0.20551181002417426,5.933483682102449,0.14836154058515963,4.790064085344038,0.14836154058515963,5.289921121344459,0.15930816342321014,6.532258833592334,0.14523809351350078,5.601840729382093,0.14490119368082469,5.404626764259333,0.14490119368082469,5.904483800259754,0.2024200790554258,0.7039604145451704,0.18910532535405944,0.8912127557586446,0.370899518737288,0.03473175919000251,0.8062059528948671,3.1989293903453992,34.37913678947399,1.0091739278761658,1.6242265560448572,162.8812690821354,70.60460591315015,0.9923829168070424,0.09996332035694797,5.264024517511335,119.13816456041677,2.4486877635851503,2295307.0791068785,2419938.514157638
170,0.21361793975832963,5.282831417997164,0.21361793975832963,5.7501378384738935,0.156467670319315,4.630033001872325,0.156467670319315,5.097339422349053,0.1631364424556194,6.821440435419814,0.1488012791196103,5.74346044744141,0.15300732341498005,5.739908927247255,0.15300732341498005,6.207215347723985,0.36743872793697735,0.765683310850034,0.1533618025517956,0.8553241054507901,0.9091039767326698,0.03893953881292809,0.9164220376764065,3.0164990539227,23.544410802690752,3.511044291931138,1.338517395341878,160.2599041781827,66.85954973143487,1.1220193166217918,0.06128113084139916,4.78132779122285,81.58308328390459,9.114634520878944,2225487.8487632275,2387562.6790764043
171,0.20360414067552982,5.581443545793583,0.20360414067552982,6.071257845281876,0.14645387123651518,4.706699422175988,0.14645387123651518,5.196513721664279,0.16137196957554714,6.9897958934738655,0.145016573223097,5.919877287560653,0.14299352433218024,6.0644186220723535,0.14299352433218024,6.5542329215606445,0.24215010057591663,0.7006302238864135,0.39511581956870867,0.893262779153047,0.7386803852218521,0.031889332920350205,0.28042443313945997,3.7972656762805106,26.62918298188402,2.7559031456192007,1.2157724056652692,175.67832534912569,50.51087819436023,1.117617014618946,0.08447526696671645,4.987058147765528,119.7636843190242,21.476898142317886,1734508.9504697584,2164967.2764554545
172,0.20839065624194567,4.805165063892231,0.20839065624194567,5.273791046090177,0.15124038680293103,4.230971481489884,0.15124038680293103,4.69970392030834,0.1680890869379978,7.362182534488171,0.14607258603643392,6.032572764914144,0.1477800398985961,5.161489249498516,0.1477800398985961,5.630049168491007,0.28207317137696764,0.7543439789966243,0.21519379312670253,0.9017108808460902,0.6206591594954018,0.03093465750210342,0.7249815780793833,4.855510855264935,25.215051586597433,3.0252401923066654,1.3389794119172405,149.2014794491149,66.7941153663151,1.102153972566439,0.10764709337659437,15.237339164839911,81.38696265854455,7.363132541278141,871057.3676232412,1651162.5405590246
173,0.21001770396597627,5.003553907216786,0.21001770396597627,5.738792731978031,0.15286743452696167,4.221308198449113,0.15286743452696167,4.956692053104659,0.17043572283195418,6.592440733938214,0.14768966038777953,5.709398273222813,0.14940708762262672,4.725535634456605,0.14940708762262672,5.460826004352913,0.25797527163929945,0.7849404970398295,0.16416341600839912,0.8096249731143468,0.7805624581297661,0.027797913482953327,0.32700656942613915,4.9906898048259,28.30862544277971,2.932458583104578,1.645938101196004,157.2469577572073,45.35623636378871,0.9243734694011222,0.07146008607827048,5.042929846811951,85.21104717740415,5.94987689752986,801307.1025569034,2419646.5002123774
174,0.20539730462402223,5.82985846811738,0.20539730462402223,6.221558829596425,0.14824703518500762,4.951454625598069,0.14824703518500762,5.343154987077115,0.1650867338962167,6.822538897585736,0.1452706737454526,5.490327845727619,0.14478668828067268,6.370848702362834,0.14478668828067268,6.76254906384188,0.18912391053582436,0.8236639143669079,0.31302048331477794,0.8408704577574913,0.3327040184700839,0.02753984308671653,0.6298413831723728,4.53253015646297,32.43993005914726,2.6954608370350117,0.5397454675087074,179.04335696690282,53.33113907542406,1.1292691307247225,0.089048743150968,3.311702214217074,40.64600837574449,5.383603011588566,2484645.5073037287,2204049.059464868
175,0.20461338349941754,5.143160121844835,0.20461338349941754,5.854978182396615,0.1474631140604029,4.336763227654301,0.1474631140604029,5.0485812882060825,0.1616055818027692,6.810715587601182,0.1443032093243071,5.946559651686031,0.144002767156068,5.3598319605654074,0.144002767156068,6.071650021117189,0.2092809710485943,0.8013030730727962,0.3306429282339119,0.9761861408931196,0.3548320983664463,0.0308946420911353,0.5525580968999707,3.9512037657158876,25.61553449870658,2.3276420109188916,1.6217075038991633,156.2337096849628,40.75089703933437,1.0593323211608177,0.09691384128907751,15.408075109351614,53.887740596108,0.19306441857045664,1871945.1694951465,2934714.429851606
176,0.21015216498044254,5.0256511972037154,0.21015216498044254,5.4509396182621455,0.15300189554142793,4.468886812540905,0.15300189554142793,4.894278458812275,0.16474060887842587,7.962099031758455,0.1479183211194252,6.859592789873243,0.14954154863709299,5.569205716110522,0.14954154863709299,5.994393361091127,0.31046090708373925,0.8208119343109078,0.2793424077173958,0.8393076420423121,0.8946792506173038,0.03994209492494138,0.4491524601464801,3.669763693002439,22.064264394208404,2.728918416862977,1.2698820770618933,159.36067926028193,79.6620760389598,1.1458965515436828,0.06290961269097001,15.667203267637158,88.5291575152417,21.514870102729,903687.7713999995,1569931.033962444
177,0.2071548687387993,5.457716627712504,0.2071548687387993,6.214467695311876,0.15000459929978466,4.735672411634321,0.15000459929978466,5.492423479233694,0.16593279449599765,7.69799380766801,0.14534149240991162,6.763686627852364,0.14654425239544971,5.162206658868248,0.14654425239544971,5.918957726467621,0.353846935443111,0.7541559949707576,0.3454521910106356,0.9869749584193722,0.8628252764891626,0.033580722213235104,0.63049925954621,4.562623949761027,29.07794036267514,2.3878149950591543,0.7308987161855347,171.60000012879652,68.21477067407979,0.9263252845349568,0.08326207738765444,10.72631438214498,92.7048568619175,11.007409862125163,1465602.918964813,2828964.864911885
178,0.21362592354085996,4.980359329053203,0.21362592354085996,5.2609980824772276,0.15647565410184536,4.387439984221948,0.15647565410184536,4.668078737645973,0.17114840458007652,7.608597137531698,0.14856313481077274,6.211899729139454,0.15301530719751041,4.468589521937095,0.15301530719751041,4.749228275361121,0.3619272589999453,0.8383112848274992,0.22479741827221808,0.8438097112121854,0.7278765904355852,0.033078246798523454,0.2349707558631197,4.766264783956902,35.06287637736882,3.239210962143351,1.5884391219141236,146.5229637965435,61.60105597066924,0.8505717946920441,0.07343271407592501,12.403477693475452,106.24556465439508,22.683638501673894,1851575.1209385165,1501588.1148441785
179,0.2064906336202555,4.9767980540744094,0.2064906336202555,5.542488978374064,0.1493403641812409,4.426671359980629,0.1493403641812409,4.992362284280284,0.16124421902188665,6.239967311830707,0.14540732325946562,5.280659858888392,0.14588001727690594,4.755781636974281,0.14588001727690594,5.321472561273937,0.25760472036325766,0.8371127857294175,0.35861182983915907,0.91637082222898,0.5278763407931037,0.032540266935869144,0.9484178833249113,3.556433525876434,29.710050398332847,1.4079438637584731,1.2343018494374467,149.2439814471272,70.33481685314587,0.9366434787975875,0.09139463820391178,2.831523027987139,102.11916852951131,18.104936935541758,1682826.455018445,2343759.315738778
180,0.21195846032412957,5.038700512475568,0.21195846032412957,5.773024315209447,0.15480819088511494,4.490083299417047,0.15480819088511494,5.224508816862211,0.16531048157761405,7.513320396093934,0.1485391519042332,6.634397528463222,0.15134784398078,4.432158723526234,0.15134784398078,5.166594980301797,0.3120759230749012,0.7713743517155247,0.1638834915195443,0.8141939193252679,0.7051783423061544,0.03662085220254809,0.22566121198688605,3.6091318555415013,33.45468660636109,2.409321209348885,1.6464919388412482,155.58516146553782,76.85672457235313,0.8332462376429615,0.10120281687068193,13.553137341658323,70.44835574562072,15.359700719181715,1019627.8745344493,2480119.679141906
181,0.2062692335763316,4.811369423272753,0.2062692335763316,5.5427775543394295,0.14911896413731696,4.273285585381948,0.14911896413731696,5.004693716448624,0.1645266587670909,7.066303812399866,0.14597672585235633,6.107535418535786,0.145658617232982,4.51821805402143,0.145658617232982,5.249626185088106,0.2788340999883764,0.7679054620239054,0.36893984945912095,0.8525818254942106,0.6558310035693091,0.031442801127197044,0.8810501426106672,4.20073445669382,31.95660528297711,3.462705153640817,1.541448493701111,142.8265251906781,65.5829811194388,0.9121894552110739,0.10175085192312325,10.978738445520356,116.66658123567716,8.186492550524727,1498342.3608069667,2738244.0560838506
182,0.20932103703150134,4.889383606873669,0.20932103703150134,5.26236159679124,0.1521707675924867,4.530831117286925,0.1521707675924867,4.903809107204496,0.16149081638141108,6.76152941548795,0.14559271054038983,5.508849321610766,0.14871042068815177,5.3396967467224705,0.14871042068815177,5.712674736640041,0.34063092963666763,0.8444842589484585,0.3084476890293719,0.9838978334691441,0.5592584085197699,0.03955590097415791,0.6018995112954062,3.435861016729488,34.555777596319544,2.5326321942205876,1.4391681850999218,141.01110376443899,89.36840189859637,1.136623347642257,0.1020856880692238,7.875337574844774,94.83542142592066,15.85765650255267,2094457.1712297394,1917387.9447191916
183,0.2061927459855741,5.23379091016742,0.2061927459855741,5.775913265691693,0.14904247654655947,4.576873920386716,0.14904247654655947,5.1189962759109875,0.1625258853801157,6.327315031493992,0.14452295470716164,5.331633204001114,0.14558212964222453,5.280386468208503,0.14558212964222453,5.822508823732776,0.3160742347087332,0.78169234171821,0.3791090799517456,0.9846540884373804,0.37930740231746607,0.02990960194885037,0.8173182095150491,4.033539183630888,31.36144663907192,2.308696258842771,1.3976316227004877,153.88297462652278,59.82654234204222,1.0129544076546138,0.07502880154669092,2.4289104148519565,65.25966534989973,9.856429098803503,2483238.263092476,2682574.6615172606
184,0.2110388900484959,5.06561941003145,0.2110388900484959,5.638082699954587,0.15388862060948127,4.44984054110253,0.15388862060948127,5.0223038310256705,0.16856672148920257,6.583521167566878,0.1473238516339684,5.456313453383813,0.15042827370514633,5.600334279117414,0.15042827370514633,6.1727975690405525,0.35651689989003377,0.7889663478225716,0.24665107918760207,0.89331362509178,0.9405854151561615,0.03358053061796795,0.35251698542500165,4.5630281298394015,35.25921520662611,2.625252481715671,1.596008856271774,153.17511505083138,64.8838773115955,1.1493473980568678,0.09531078954635219,2.1583630765461717,117.60271543627866,6.096345343407928,1432238.9386330103,2180175.842845384
185,0.20754785836820683,5.621954967789876,0.20754785836820683,5.864236384239853,0.1503975889291922,5.016553748701941,0.1503975889291922,5.258835165151917,0.1681520344541375,8.04388462906239,0.1460824039601607,6.464616888029067,0.14693724202485725,5.318734525158978,0.14693724202485725,5.561015941608954,0.2967592480300291,0.8447414363737528,0.3572110019262805,0.9422686973447019,0.8315560173587506,0.04225637541671854,0.3615484412769833,4.890674724459576,34.11082813798143,3.4486824813548322,1.1839727413297039,172.2180520914693,85.3743692877852,0.9246742577901838,0.1017859381310971,11.896811064608498,49.173321741563086,0.1950098976041481,2131460.091804059,1535267.8492102416
186,0.2079375472958805,4.778382846171728,0.2079375472958805,5.302745453433327,0.15078727785686585,4.367678882979544,0.15078727785686585,4.892041490241143,0.1622749139202727,6.810900683730117,0.14677884284419443,5.744839614929242,0.1473269309525309,4.9349790358489285,0.1473269309525309,5.459341643110526,0.3763470580026992,0.7283497296441102,0.38229781620853,0.812069652523231,0.40420559910771503,0.03665829828496442,0.39663522838319115,3.4637288716171355,32.360731092418156,3.8590116737162896,1.5672429797148975,142.48631520950292,83.51135645666153,1.0470188118058519,0.08109883236148377,15.44136850189581,67.10161212563804,13.32660498266307,1334852.7768370318,2008024.903664355
187,0.21257986845512453,4.888052331419885,0.21257986845512453,5.2782725802861,0.1554295990161099,4.436084531851226,0.1554295990161099,4.826335576845063,0.1652266722554634,7.00206690074448,0.14689625892554675,5.767815617621923,0.15196925211177495,4.187108369284485,0.15196925211177495,4.5773594142783205,0.38141249876301353,0.7680182221162454,0.16983609788159792,0.9332365016045837,0.818348156956916,0.03053852345491677,0.32529679225694497,3.852217376916345,22.246650540931945,2.005673296011982,1.3285700684259514,151.69392703392458,86.81884954473445,0.802321408293973,0.08509443903802215,9.671677253466992,49.23401798901685,8.979203461843737,1140816.5986087418,1581020.6428331393
188,0.20580855039123613,4.941672659482508,0.20580855039123613,5.461507797374824,0.1486582809522215,4.429909070045237,0.1486582809522215,4.949744207937553,0.16607413056109854,6.941302718141175,0.14633034884456503,5.954558960905631,0.14519793404788656,4.776560195969418,0.14519793404788656,5.296395333861734,0.2951405063623952,0.7148093703880505,0.3808349712758625,0.8067095118037685,0.46193621971272447,0.042999465889986765,0.30427900354421,4.509890278159779,33.66356210871645,1.5401949974882925,1.4083582751456598,141.6708018243816,68.30900778117045,0.9501387547760743,0.07609380181991741,13.113409059322242,97.47927121828877,23.066078029928875,2347687.5043762713,2520097.036954917
189,0.21267005317040055,5.478520945490907,0.21267005317040055,5.89945884269822,0.15551978373138592,4.618360685275258,0.15551978373138592,5.039298582482571,0.1636905944260511,6.484132439817242,0.14600633733355634,5.235429431084231,0.15205943682705098,5.351715533849929,0.15205943682705098,5.7726534310572415,0.3504463941145908,0.8020898760152418,0.13127088754496663,0.9549149237263146,0.37199860555573616,0.02784589619888482,0.9761999561213333,3.7004288043245817,23.19869800375246,1.32443096611315,0.9350418329384185,169.87544941009608,46.71323110787959,0.9680647158655336,0.09938315051070162,2.1402974609091467,65.8152209316599,3.8830213493884624,2069834.559360023,2158191.274735919
190,0.20872619219546676,5.003648396274843,0.20872619219546676,5.687518794927734,0.15157592275645212,4.228841292975371,0.15157592275645212,4.912711691628262,0.16781603713581286,6.566413004660779,0.1463043575180727,5.583377406129136,0.14811557585211718,5.506380367847632,0.14811557585211718,6.190250766500523,0.4165003226766374,0.7530174815769349,0.37720341171202276,0.8960178060019205,0.6754325729245063,0.03187232359568559,0.3291757688397584,4.730358365542104,29.485998977078395,1.7712267370197452,0.8916948250024627,151.92129636148954,41.008690793996486,1.141573334993235,0.08386063364109776,5.905573549175227,67.0973400118793,1.778860820391146,1483064.3362614964,2608041.5012825364
191,0.20894615855222065,5.430645457023671,0.20894615855222065,6.162064699990558,0.15179588911320605,4.552824943130935,0.15179588911320605,5.28440693574914,0.16792593510809212,6.713806248562791,0.14632670879500606,5.746592658523199,0.1483355422088711,4.807792995173539,0.1483355422088711,5.539327716212975,0.33957135672963396,0.7707127020408115,0.2979094428521265,0.8986377712884024,0.3963472421455405,0.04051509630464702,0.9574938053774067,4.737359999171106,34.572264646551346,2.6602223150524833,1.804265857743934,173.29781556082247,47.62802737747933,0.8462641386681758,0.10184207282156496,3.4198611502519163,116.52097525536661,5.2025617748164485,842325.1191422082,2367306.6867700666
192,0.21050565038491245,5.793632041197324,0.21050565038491245,6.41152630959063,0.15335538094589785,5.113518530457137,0.15335538094589785,5.731412798850442,0.16270568211384626,7.659806186216972,0.14741810973241784,6.495862592127575,0.1498950340415629,4.993206901574462,0.1498950340415629,5.611101169967768,0.3387952397563223,0.7186943699506805,0.1980281829915051,0.8534012312081825,0.4336884678232033,0.042695254138600036,0.42429528026130825,3.3165498585048203,34.168567348673186,3.3109490634735117,0.554229883636128,177.63792986062933,80.10284134335953,0.8072259231717411,0.10916048504610062,15.373369899343315,50.39922626583781,4.785287090844767,2392413.7389748115,2838529.400850651
193,0.20709385624516782,5.515366845974654,0.20709385624516782,5.7619939982620965,0.1499435868061532,4.681928751554375,0.1499435868061532,4.928555903841817,0.16369329199692542,7.070428172440735,0.14587681317247755,5.810044057238435,0.14648323990181825,5.4191622535672614,0.14648323990181825,5.665789405854704,0.2942477623735986,0.798858978601661,0.34556273222860534,0.9176599995859005,0.8621851304143946,0.031422644755780306,0.49767919319734066,3.975591839148639,24.58886752308112,1.389535731162265,1.7345613137620086,168.5398032685412,49.263720345209876,0.9755793659142862,0.08431231553686637,5.734532161143777,47.96621382404885,16.669782361599026,2409996.792544261,1786886.6862782524
194,0.20599645541367476,5.4776962495595845,0.20599645541367476,6.127313638436097,0.14884618597466012,4.901275521599825,0.14884618597466012,5.550892910476336,0.16324487743124003,7.2510241464549985,0.14592326123106042,6.131900523452094,0.14538583907032518,6.015776722348034,0.14538583907032518,6.665394111224544,0.30237024520511524,0.7167041116764181,0.37377558298350577,0.8257786036850864,0.3930422725258587,0.03557080841764044,0.45897181193622205,3.9418191570513974,31.81684089079798,3.660501367456616,0.5350367456173315,165.43131591137254,82.73692166567544,1.1391531757455864,0.09849529239288676,12.978494812287774,46.09062493185266,15.578471172379798,2311785.177436313,2917583.469834936
195,0.2137817721023768,5.090223484160792,0.2137817721023768,5.678948835808372,0.15663150266336218,4.407371736984656,0.15663150266336218,4.996097088632236,0.17074246054869457,7.315231236179799,0.14838995978231523,6.233111067547409,0.15317115575902723,5.377878424824551,0.15317115575902723,5.966575450387461,0.35146914898697884,0.8130267115779222,0.14289345400974857,0.8850038515870216,0.9862815294933045,0.037440717242265345,0.4778409429982091,4.67832515319179,30.478417825265666,1.5931263854682074,0.9365051861768908,156.90984561787297,59.145671813191576,1.0784228262201183,0.07687893314045283,8.450116386623188,89.6659354204713,6.444694258516305,1265679.0268768324,2189192.5772570027
196,0.20975510093194058,5.002191000362646,0.20975510093194058,5.564124776150817,0.15260483149292597,4.548488042723323,0.15260483149292597,5.110421818511494,0.16717793413771573,7.465474821996504,0.147164989475491,6.211332903268415,0.14914448458859103,5.181992052464147,0.14914448458859103,5.7439258282523165,0.3310920669765613,0.8043704071426591,0.309308538973629,0.8486253874688418,0.7477942075102111,0.02975235364022999,0.572021367939625,4.379299229165713,25.147336079320542,3.2447487577361906,0.6647190667789199,148.752952708445,83.52621256036485,1.0517118706614017,0.10505930887190601,11.81848502157549,66.79364625754596,12.80263535386284,2089944.7239773106,2587918.6720442474
197,0.20615638269026498,5.348882585795648,0.20615638269026498,5.975849200247145,0.14900611325125038,4.513769840336531,0.14900611325125038,5.140736454788028,0.1602074036868308,7.628088159715504,0.14513917714474547,6.720087835556058,0.14554576634691543,5.8048223767961,0.14554576634691543,6.431788991247596,0.2730022690882721,0.8230463354475441,0.36024453924443545,0.9826671110450789,0.7563059197215388,0.035162249948055224,0.6170717015766556,3.376473229647914,22.33225962924307,1.6067945729626327,0.7822028590936032,163.0150060974785,43.51551646323537,1.119658492250363,0.08123009879996776,13.938774965699658,67.26257953735497,9.491790529800365,2285981.6299493085,2923524.5670969132
198,0.20738538228834733,5.053587860675547,0.20738538228834733,5.3521322902871304,0.1502351128493327,4.298723463282058,0.1502351128493327,4.5972678928936395,0.1671662032867389,6.8202456717657745,0.14566976331889792,5.447464400603706,0.14677476594499775,5.110507283661823,0.14677476594499775,5.409051713273405,0.28366907396285135,0.8285917660336687,0.30213861761718935,0.9910916412100176,0.928357304365234,0.04071507152067628,0.9572067492849874,4.749019017678258,27.586290612542324,2.3641942998346597,1.9220836884615096,148.9429724325874,40.78921225828375,1.0163494853725739,0.10088743334404207,4.2553443479415884,66.01450657610691,14.586552551281555,2262562.526787626,1839725.9872866943
199,0.209783172118233,4.683750189215359,0.209783172118233,5.487613984207308,0.1526329026792184,4.29075840454498,0.1526329026792184,5.094695060987431,0.16476016013466066,7.35017569220887,0.1456426457128558,6.470931575975991,0.14917255577488345,4.764535638546551,0.14917255577488345,5.568384455757163,0.30587231228980427,0.8352085124214749,0.2147630648237118,0.97862972802761,0.8441438808535484,0.027137998068345024,0.6539172561968303,4.114796374766565,22.642719605627565,3.6720880750513034,1.6099463017745959,143.7008957206713,87.2212505776312,1.0240467704782283,0.08929212069728214,12.841446564053816,43.85234794520034,11.543672710420676,1021615.683156097,2798263.4985555145
200,0.2042630672045263,4.861794000437633,0.2042630672045263,5.541314254425764,0.1471127977655117,4.317004793659726,0.1471127977655117,4.996525047647857,0.15950720231894608,7.565230184814439,0.14541352280579667,6.71577657721813,0.14365245086117676,4.3850086954453955,0.14365245086117676,5.064528949433527,0.22874421507801035,0.7274308759235334,0.3770191400732483,0.8475648068380086,0.7827766961318183,0.028710628841208823,0.5126806171344416,3.256973911533136,29.582153051661184,1.6738107156586457,1.0124051482513394,147.74204941819622,69.55900610496964,0.8619353941391718,0.09840352434961498,15.613636495844238,91.83907191330621,14.229028065825926,1220482.1595735173,2452060.7909074537
201,0.2096021897043827,4.916375613985995,0.2096021897043827,5.425046250073938,0.15245192026536808,4.2777082103494495,0.15245192026536808,4.786378846437392,0.16116549955155066,6.706092236703936,0.14559651145919483,5.596407021031126,0.14899157336103314,4.759680915645125,0.14899157336103314,5.268351551733068,0.3043410003147703,0.8478956552243345,0.22454653598055557,0.9949077973156475,0.6270667880345477,0.03960491748489654,0.7855786854638973,3.3494700695705513,22.356442373912387,3.07041267839444,1.2092830093015963,151.22286310493232,59.70669635991916,0.9556697213349998,0.08748125739968242,7.767198134086007,97.34786384049495,17.32024820129154,1366648.1989410212,2067210.6900542895
202,0.20687525351511538,5.399331677260643,0.20687525351511538,6.199422876456036,0.14972498407610074,4.82565943142535,0.14972498407610074,5.625856990584427,0.15932475565585116,6.5341032383601005,0.1456552633397932,5.841886623894113,0.1462646371717658,5.446933677022133,0.1462646371717658,6.2470160507130625,0.34353855048410387,0.7460143171113947,0.3706710605577842,0.9118170193472129,0.5972188972569876,0.03383673753278647,0.6168477012346467,3.056921644934946,30.17758279913423,1.6414346967916664,0.7097661631521702,171.3320671340733,89.18752199746353,1.0118841912329564,0.06994984802498631,3.575611991881195,44.20146577684288,28.47142656015906,1113508.1724079412,2769201.7061703196
203,0.2106232126673004,5.201078870315558,0.2106232126673004,5.540244703170703,0.1534729432282858,4.585119097228886,0.1534729432282858,4.924284930084029,0.1675735282177097,7.8064425969572095,0.14741377063631975,6.543054472270689,0.15001259632395086,5.051184246544156,0.15001259632395086,5.390350079399299,0.3044447290435043,0.8394633015803354,0.24326056270852126,0.8690489082450046,0.9561121198884333,0.029363111971739964,0.819527058379466,4.362313508686569,25.52373356040174,3.149243565012248,1.8861919463653452,159.66726281161024,71.44276803927157,0.9598362929071472,0.07680253830552647,11.22564370079127,43.162550827689195,26.662751658691832,1745032.7169973117,1714069.47755607
204,0.21106823668822164,5.1318268794623485,0.21106823668822164,5.413668414382601,0.153917967249207,4.679999268674089,0.153917967249207,4.96184080359434,0.1617055389336244,6.977935048655963,0.14643130442565938,5.820685653347094,0.15045762034487206,5.500561361366876,0.15045762034487206,5.782402896287128,0.3424450506403351,0.7374098338376397,0.15117681557634594,0.9249257531625183,0.6486716503074499,0.02919270394443687,0.5561099827272791,3.26323552183941,29.82464606726225,1.0021923794909018,1.5280661806423006,153.734780351476,88.9385592531082,1.1026136735368115,0.0724432033750167,8.985323924985906,116.83148421530083,22.216608459453695,1971064.8438018335,1617068.7448120804
205,0.2048867320917766,5.512174230254892,0.2048867320917766,6.197470779302397,0.14773646265276197,4.861851090907923,0.14773646265276197,5.547268211145662,0.1601394603643825,6.988550646425436,0.14587043172351935,6.088158815386342,0.14427611574842703,4.8381033319133815,0.14427611574842703,5.523524855032386,0.2202419345408677,0.7160413583696659,0.31459410478841,0.8363730576551587,0.9834706132936033,0.02704863414155289,0.7588254564575323,3.279101922794837,30.447373663115098,2.0123024147455837,0.7442127898138358,178.21299190556886,84.99017637214618,0.8382108829618334,0.09981082493692173,4.79107165856764,110.20878346064596,12.890780315213581,819795.5005583137,2250482.8771259086
206,0.20875348554573686,5.282968025195559,0.20875348554573686,5.600839138909421,0.15160321610672223,4.771178039932857,0.15160321610672223,5.0890491536467195,0.16503341629598722,6.65884595474493,0.1466773038543015,5.322920164708203,0.14814286920238728,4.73468312355661,0.14814286920238728,5.052554237270472,0.3037521950291654,0.8017926386955506,0.307837444497009,0.8567954111432983,0.5057474446941156,0.03592890339038807,0.2738259520893686,4.052042086200295,31.31498997569377,1.3708372511546307,0.5564547262395723,157.4853375902879,84.03988913499882,0.8510536805795039,0.09207183571127842,3.4888610001371445,76.65603847927665,29.09716625009596,2280154.920586412,1876153.6808007916
207,0.2045648455562156,4.904452094093604,0.2045648455562156,5.312874575700893,0.147414576117201,4.322618497343418,0.147414576117201,4.731040978950708,0.15909869601189747,7.378994280475129,0.14480589161061538,6.2948010734285464,0.14395422921286605,4.7068424836501785,0.14395422921286605,5.115264965257469,0.22487900902702065,0.7326703896206397,0.30948448699641085,0.9514597274663974,0.7723345550621753,0.027335334010211407,0.4748613603819328,3.2695924316315246,33.21015771283872,2.5318896249386014,1.1202518776034807,144.23392930440556,60.913441974469286,0.9413856110283436,0.06933077424845815,13.458913665399265,87.74304098775795,17.727745544996267,1798105.283956007,1887756.9712607642
208,0.20552664485803626,5.614031502214787,0.20552664485803626,6.102375990027395,0.14837637541902163,4.800804260364924,0.14837637541902163,5.28914874817753,0.15919132482297593,7.220082902185865,0.14598178540358864,6.157019071122354,0.14491602851468668,5.544350068225395,0.14491602851468668,6.0326945560380025,0.22455629088573736,0.7337874342568396,0.3023166024377814,0.8270117912917413,0.625330959887243,0.034668757129608554,0.22941918913136272,3.0175331903783604,28.079256084166875,3.099026391095941,0.811189359615705,178.92966695867113,62.57447748546331,0.9833391044804692,0.07657744883295926,10.276170681594358,75.36518458870539,5.722057255816374,1419605.2040830366,1981233.3065226895
209,0.20628934622543404,4.94284291825731,0.20628934622543404,5.673278485098691,0.1491390767864194,4.266953155982554,0.1491390767864194,4.997388722823935,0.16173072859631682,6.304239557598596,0.14564577610300058,5.500513036986612,0.14567872988208447,4.580011485589845,0.14567872988208447,5.310447052431226,0.20972779043506173,0.7534749256137732,0.17263320373842694,0.930525797562902,0.6284413962531938,0.041373006366785654,0.5168638101212386,3.6157445301393962,30.390961643346635,1.3620817268127512,1.6159769266120279,148.8118650573142,51.89499391238947,0.8956887958385547,0.10598465070638957,2.150153070919812,118.22474372135272,24.64618920817379,1514638.6179966328,2757611.395816379
210,0.20949865475339574,4.772532850415206,0.20949865475339574,5.179569103707089,0.1523483853143811,4.170613363312863,0.1523483853143811,4.577649616604744,0.1614524096196408,6.42733350924877,0.14598737688730565,5.300298901430225,0.14888803841004616,4.24018347625924,0.14888803841004616,4.6472197295511215,0.32754076275255484,0.7134222015314187,0.16454962024079817,0.9525799511650472,0.8674112034814405,0.02874403156075089,0.9813731427864765,3.3479713087435705,26.58984861736966,1.3193115714049242,1.9439646831630197,143.89763569170248,57.5184897800376,0.8417270473110442,0.10818277713029739,5.045384726265487,65.78512300479348,4.977055198814437,1349436.3693749327,1700246.2054962341
211,0.20966980382947745,4.669947500628621,0.20966980382947745,5.342412020776739,0.15251953439046284,4.298655744097644,0.15251953439046284,4.97112026424576,0.16782502210260145,6.339087665462081,0.14698675108924703,5.333205178653388,0.1490591874861279,4.89526331818989,0.1490591874861279,5.567727838338007,0.31246609289826777,0.7516620466020922,0.24456941934780996,0.8271175737464764,0.3514024033989495,0.031031666460195693,0.7879182083470571,4.576313609248819,23.88888998639609,2.305472033182383,1.9469658798795184,141.31534020035278,87.84685802286629,1.0682128174051149,0.1038987534584358,6.736738595658055,66.49401538796933,25.394889118907773,1215485.434630391,2479020.8126578676
212,0.2072860845650017,5.587380832494276,0.2072860845650017,6.201265437233106,0.1501358151259871,4.73284155818775,0.1501358151259871,5.3467509894762895,0.16524407964281507,6.83029165059528,0.14605239811232598,5.747080982929665,0.14667546822165214,6.025848254970837,0.14667546822165214,6.63965156698639,0.36153768714904344,0.7217419819067712,0.3542198070063004,0.8931142912671157,0.6401511816650728,0.03611119891482878,0.4606118629223935,4.284617174346609,28.848745852687255,1.774272725421716,0.6177523037769244,178.28551149458494,55.93703069839309,1.1051972455499017,0.09766268704120531,4.425311968404422,48.76654018203067,7.580928879670855,1319330.4467016493,2307605.3226129804
213,0.21176834798648403,5.014746677861873,0.21176834798648403,5.726154829228001,0.1546180785474694,4.377547929729364,0.1546180785474694,5.088956081095492,0.1626130200189391,6.883955579561621,0.14817714058041853,5.9973287976188825,0.15115773164313445,5.233744645718369,0.15115773164313445,5.945144961321528,0.2946523613694342,0.7674955693451075,0.11305676930116774,0.8402782478908647,0.8086585142333363,0.034976597018707506,0.6235380583760267,3.098950084479676,27.35333506071528,3.997410011419104,1.1015627339185865,154.7098640928062,63.51113337872066,1.0605578092860761,0.06588230857189331,7.703850671475379,101.72320906693375,4.1881755571994965,1255886.1222227772,2595479.541018067
214,0.2049497455768776,5.523616272153729,0.2049497455768776,6.107948380214216,0.14779947613786298,4.5772660559207266,0.14779947613786298,5.161773619174247,0.1637646835111296,7.575225180132793,0.14476947842477061,6.46161854905375,0.14433912923352804,5.674440360793666,0.14433912923352804,6.258744505771213,0.18308931264279363,0.7405377497487939,0.16613227116785614,0.9835021371722361,0.6229656071772801,0.03496614884973216,0.7522198072949215,4.319327362762046,32.58044066951622,3.5082938952144027,0.9546494902246974,176.55356665142753,41.1987087691427,1.0365407370264788,0.08464851644371034,13.567968572409029,91.38220631920788,0.6263562267313105,1025320.8754102959,2028227.6856675895
215,0.20707578721345954,5.345860111510574,0.20707578721345954,5.740052276858564,0.1499255177744449,4.557418628992518,0.1499255177744449,4.9516107943405085,0.15910732449618328,7.156836297403194,0.1452018724178369,6.002512048216297,0.14646517087010996,5.248031283218145,0.14646517087010996,5.6422234485661376,0.27818195855887407,0.7450527374496515,0.23649331468131707,0.9750600151780267,0.49584610950321206,0.03945414911342744,0.29609507588137673,3.0844328590479115,34.60128964564126,1.9688712518672875,0.9886547318478691,165.12530636628065,52.23793101156845,0.9746535681217061,0.08994164977855934,13.473569516855513,54.1142007921129,12.127195497246062,1465176.572659518,1650905.312364922
216,0.20606596885855394,5.5403203168245145,0.20606596885855394,6.267431953000095,0.1489156994195393,4.639992121321147,0.1489156994195393,5.367103757496726,0.16038080612348288,8.114929266344848,0.14648386035748703,7.309341646489326,0.14545535251520436,5.443380436617651,0.14545535251520436,6.170492072793231,0.2581186979565231,0.7305400209037075,0.33250895002047043,0.8102484053318427,0.8038658766601667,0.03351473081225523,0.7946421535619514,3.1625857301881695,28.878884096996103,1.3187955196846186,0.9315512848116995,173.28310748974326,44.38445641222725,0.9760662987259011,0.10101995569071759,15.721795602489577,53.54686254744493,15.900807025885825,1727198.5599064054,2874748.2373682978
217,0.21481018750947165,5.71970896544745,0.21481018750947165,6.06430349156873,0.15765991807045704,4.766568778350587,0.15765991807045704,5.111163304471867,0.16849616924277436,7.82771618465535,0.14879204844898716,6.31241542222937,0.1541995711661221,5.686371907287202,0.1541995711661221,6.030966433408482,0.38634968893717514,0.8076739023492532,0.16315423499172754,0.8743566392750036,0.8527393069025095,0.03938615885498575,0.9449531600179011,4.089466893341934,26.273653889017034,2.7870541750871523,0.5504393775461958,176.55221557621394,40.07772602616207,0.9919217420672461,0.10991045356428124,8.724851722249648,77.7899690272623,7.343907760814014,2439221.949218842,2087125.571480531
218,0.20824534628936275,4.862856615351907,0.20824534628936275,5.303841824753801,0.15109507685034815,4.466185264915492,0.15109507685034815,4.907170474317384,0.16312086887819588,6.05703886068734,0.14617833719124002,5.048770902157688,0.1476347299460132,5.102126222322944,0.1476347299460132,5.543111431724836,0.2085913337669013,0.8482273912336512,0.14698151402202822,0.8811164289671739,0.5946958270268254,0.029669593182397546,0.8900149454724611,3.7484261432295494,28.877068866794794,1.0465487311907626,1.135977868456305,142.7782071231912,85.89624087300913,1.071695059087074,0.06273149080391809,3.472860887191417,85.1945870822067,4.440955291656596,1935455.9694332837,2102655.8635367313
219,0.20609089281588866,5.665177077237696,0.20609089281588866,6.455564863771386,0.14894062337687403,4.921040796891182,0.14894062337687403,5.711428583424874,0.16700619074074852,7.757653965750187,0.1458582902812434,6.888466713864659,0.1454802764725391,5.274169616841373,0.1454802764725391,6.064557403375066,0.3637759997079767,0.7031714563362426,0.3964800469328956,0.8763784985678498,0.6714752833361592,0.03464959624051442,0.8346520056623064,4.7893790004989585,33.67832109491947,2.4320130902117287,0.9571355314684455,177.7290011221999,71.2059705547781,0.9058781708273146,0.08072349793519043,12.85411748766268,101.53099583280073,6.880636339523263,1648553.4612804558,2988556.530013497
220,0.20699699499806168,5.007358477244514,0.20699699499806168,5.824936220189257,0.14984672555904704,4.446434147297747,0.14984672555904704,5.264115886717473,0.16191783433512616,6.549660316056868,0.14524622023036615,5.72709876197538,0.1463863786547121,4.701299992356585,0.1463863786547121,5.518934479146919,0.29928944005150615,0.7533391922482764,0.2813239852477799,0.9832027182033771,0.6355400125028049,0.03821123109243299,0.6906129921249766,3.7003728962477913,24.359151513286296,3.5625329028240325,1.1635116117898785,157.3442414260495,76.93534279156692,0.9167974456559438,0.08634281515818695,5.500644446059815,64.5484014921554,17.846233419999322,976646.2516325102,2801962.2824021867
221,0.204749889636728,5.275955578526663,0.204749889636728,6.0977401845555885,0.14759962019771336,4.609733032614372,0.14759962019771336,5.431545280821264,0.1591607078304737,7.107018819617094,0.14465379756557709,6.4651965360242825,0.14413927329337842,5.602994492823615,0.14413927329337842,6.424718465194035,0.20025162884522418,0.8220947890279707,0.3261933553934566,0.9609687633668424,0.46032317370319764,0.03411724822067471,0.4592095731907064,3.3094604141531074,31.93608403987804,2.4083119104986332,1.3232253205468825,164.57362053496533,69.22940843649356,1.08500065989172,0.067964745311478,14.09565842785607,58.78394958607316,27.867119735529638,1243027.8083803693,2889036.659260665
222,0.21175443310827727,4.767049314910719,0.21175443310827727,5.50954474019343,0.15460416366926263,4.191492182188996,0.15460416366926263,4.933987607471708,0.16955157324833126,6.334779972217581,0.148033985060969,5.205850771062439,0.1511438167649277,5.1750556891303985,0.1511438167649277,5.91755111441311,0.3724903453547826,0.8188431829263848,0.3064701738767587,0.8326516885214156,0.6072693032589278,0.0342116635930428,0.9618386238581815,4.6293898967383385,30.61086686987614,3.7859838089579365,0.6354148065842515,141.83003737158208,59.27296744516222,1.123072874946895,0.09566145976586515,2.7210280267279163,55.8138158286569,11.63622854602395,1431666.4865514794,2750640.230244482
223,0.20978155866281553,5.412444711355984,0.20978155866281553,6.134952038770535,0.1526312892238009,4.590534525578138,0.1526312892238009,5.31319423675911,0.1660678246756705,7.5584085463763255,0.14692056986369742,6.728969347762486,0.14917094231946595,5.452190978350511,0.14917094231946595,6.1746909367289184,0.3229596454896745,0.7697369321725235,0.2180619131963905,0.9194815480452968,0.8886520476483599,0.04270684329515324,0.37647297715662575,4.151542058077713,23.706606272297797,2.7358269805465585,1.7955490515269974,175.20673432890464,57.664523836245465,1.0097035051153256,0.07067728456430071,10.33965190055107,78.16839243576624,12.081791835751922,930564.4936550598,2491066.1950691817
224,0.2067567006939691,5.500883014000339,0.2067567006939691,6.178137702284879,0.14960643125495446,4.898248157369053,0.14960643125495446,5.5756145753423345,0.1667026445347197,7.014017502087039,0.14604113399195456,6.191746741527503,0.14614608435061952,5.203270248801735,0.14614608435061952,5.880580115078811,0.3106554232226866,0.7829486237139073,0.36870046358943553,0.923830808888869,0.8984492756505948,0.03900660639595013,0.5046404878034629,4.626199317003049,30.6089739914732,2.19919470453645,1.9666294654801015,175.98281685191517,89.70132955152435,0.9276623528909299,0.07143434142005253,4.396646199068546,97.30049590215398,25.347057452139527,1053146.5026366492,2351698.899554711
225,0.20706141264983602,5.527023776852849,0.20706141264983602,6.219757020887148,0.14991114321082138,4.877656020952979,0.14991114321082138,5.570509659047541,0.16135620438476322,7.029803276446998,0.14634315404718737,6.238015256506189,0.14645079630648644,4.934610743776788,0.14645079630648644,5.627453822353618,0.23569981623470176,0.7420945018298187,0.23379770705261574,0.8281621468905338,0.38808003388183143,0.03794961452712782,0.3818847632989788,3.378657266042504,32.769164159843825,1.4135085550886837,0.9941469777008862,177.66653289661468,84.6952132858585,0.8573728955085419,0.07675555698687733,14.64893474758978,74.52271833693894,8.151451136482336,884426.4728512985,2289973.078397665
226,0.2035057253175775,5.313543745409524,0.2035057253175775,5.946835080560171,0.14635545587856286,4.629734935216864,0.14635545587856286,5.26302627036751,0.16488548589382834,6.933199167831485,0.14425561873524606,5.97579363365817,0.1428951089742279,5.18957805687805,0.1428951089742279,5.822869392028697,0.18109788365287754,0.7244597429719711,0.27670337995644345,0.9998313308638304,0.6498748390366255,0.028754000680527525,0.6524431517314713,4.768978389754432,22.511309573042173,2.217817412976916,0.8370745302427143,167.2545892603255,69.37528194513318,0.9682906697772738,0.07260876280831524,7.609511780385766,69.71105824280573,24.152049870383127,1491513.40138925,2521383.8966862364
227,0.2111077369472209,5.202599415577446,0.2111077369472209,5.945606496502847,0.15395746750820627,4.645185721136224,0.15395746750820627,5.388192802061624,0.16725201463575481,7.475213999017222,0.14670211808354455,6.629323859071013,0.15049712060387133,5.331808988884993,0.15049712060387133,6.074816069810393,0.35049403338633084,0.7257849258803858,0.15137619328593085,0.9245298400465896,0.5648391133383854,0.039824048376065284,0.3092308820444572,4.391896167225394,33.63115352985473,3.2271287294673634,1.5944739689800842,156.31987339800642,76.51670096850953,1.0353625938161528,0.06236002787789479,15.365057215106479,50.29671225182622,15.0210968270007,1872057.8186254362,2963297.8130197003
228,0.20938388356052764,5.60395490115172,0.20938388356052764,5.938879647431464,0.152233614121513,4.874536959387038,0.152233614121513,5.209461705666781,0.1682466737811438,7.585945124751148,0.14763934136397908,6.126350324050375,0.14877326721717807,5.353192820300485,0.14877326721717807,5.688117566580229,0.34656119366394655,0.8007362264021588,0.3693818008712638,0.8021199524218932,0.8113358913180513,0.02895873519696628,0.9251168006312662,4.551759409413327,25.518176234939872,3.447639714819985,1.0160094773161874,173.60126699854962,69.06509075480923,0.9382022604723055,0.10314172104073735,8.850852889738402,49.35626362778416,3.240005499142944,2197064.0836028475,1936635.9737999742
229,0.20592814157895903,5.421177339011211,0.20592814157895903,5.868639191530859,0.1487778721399444,4.634945418605201,0.1487778721399444,5.082553040070635,0.16421678901469597,7.674535374274982,0.14564757748301085,6.463215711932464,0.14531752523560945,5.620728758393115,0.14531752523560945,6.068153613686781,0.2276003102162721,0.8358251847754604,0.32587056816784915,0.9327458060982802,0.863009549887966,0.036492249441460775,0.44330094621943017,4.1916272337349385,32.16676829891616,2.327829550928025,0.7985916757953306,171.9522949103985,59.406859694163494,1.049639789741248,0.08873119588573841,11.253666439080131,41.802517403724686,11.732328287449391,1072916.8288801191,1631405.5653347487
230,0.206541947709858,5.3094984574362725,0.206541947709858,5.57727834271501,0.1493916782708434,4.682349570214448,0.1493916782708434,4.950129455493187,0.1643548515914837,8.419151229424923,0.14692205759033708,7.061843376287122,0.14593133136650846,5.08883289777498,0.14593133136650846,5.356612783053716,0.23370734674755275,0.7728613386021145,0.3093095884478908,0.8005937804573362,0.9506387174481201,0.03395398274843878,0.8042212531545248,3.9548539791319857,27.092390253864522,1.9295598145554163,0.6511372606272646,158.53190998227205,68.6468271417977,0.9404500393296479,0.08978983770333127,15.724337667208692,106.5967593210224,17.25495037803319,2469285.7321003946,1860139.3516315534
231,0.20574423600925515,5.046168488609165,0.20574423600925515,5.647434205072223,0.14859396657024052,4.542804108606983,0.14859396657024052,5.144069825070041,0.16248881653982825,7.260969860639184,0.14549641401987,6.22221065434237,0.14513361966590557,4.450679268424737,0.14513361966590557,5.051944984887793,0.18966285440878752,0.8421047188014564,0.23861131218078632,0.9448131152085416,0.661709657255684,0.042986030548665406,0.20024996783776122,3.8389779620701456,30.465290819477133,3.8268818479696165,1.3695666014348167,147.0353355221446,74.82272103769955,0.8267330214575318,0.08581593853427472,12.270396462383017,82.1938861641579,3.4613390407391553,2359451.020241265,2807133.236514126
232,0.20869649732021703,5.15603857618641,0.20869649732021703,5.564406333133895,0.15154622788120242,4.513908241449453,0.15154622788120242,4.922395050625069,0.16297079269332077,6.646300575359147,0.14541841554344304,5.361000076555855,0.14808588097686748,4.732554364111862,0.14808588097686748,5.141000635865919,0.3035908709031315,0.771188575228437,0.23011833409357912,0.9427787464973044,0.33517767552458494,0.03245592969013763,0.230689538742224,3.8388600775718613,22.039184317973877,3.9957106739216055,1.092175957501242,164.70129748363848,72.69880435999445,0.8900175747918371,0.089374093237784,10.937480841441106,93.10919571220347,4.70788822731132,937267.1310110977,1531273.9472702492
233,0.21099448538694607,5.089696174283317,0.21099448538694607,5.812392382724935,0.15384421594793143,4.559239072263466,0.15384421594793143,5.281935280705086,0.16597255134008654,6.338412677962089,0.14665467737491436,5.411535830951024,0.1503838690435965,4.97383734661005,0.1503838690435965,5.696533555051669,0.4025469082441688,0.7712627981357733,0.27545278589934863,0.9252420436550202,0.5125416942056893,0.04092871996914716,0.6726455406355775,4.132532702774226,26.48759233059117,2.0585865473982508,0.8791403270035443,157.75914984390607,81.7096380152709,0.9685805782799343,0.080470347426385,3.4504547807206385,118.62982566349649,0.456278669858432,1313693.7271727538,2666883.7090003556
234,0.20559333785307166,5.653787509553619,0.20559333785307166,6.178189388611317,0.14844306841405702,4.8866364771074045,0.14844306841405702,5.411038356165103,0.16677409347005878,7.924326317940622,0.1454141410398414,6.931162037100956,0.14498272150972208,6.225186070041295,0.14498272150972208,6.749587949098994,0.22495381338264675,0.770710647054871,0.26510992888852203,0.960194823569557,0.9303483618228106,0.035007369958671264,0.9862202755263412,4.830505761862412,25.25284362380468,1.6100429322273584,1.333946272951465,173.6459962436856,63.91858618508087,1.1407790346030353,0.06518415357322896,10.88768284265729,97.87270794870658,19.67549965249203,2493778.660780048,2690882.8733911095
235,0.2109108788390727,5.657403857482928,0.2109108788390727,6.204737383510671,0.1537606094000581,4.8935985406556695,0.1537606094000581,5.440932066683415,0.16781140519417934,8.097280386290711,0.14820064115747766,6.96195717586552,0.15030026249572315,5.646238132997457,0.15030026249572315,6.193571659025201,0.30482897989537194,0.7921519018243021,0.21627241205785086,0.8205393076085831,0.8223257019264425,0.035904281240644716,0.5624266683050791,4.25935472409072,27.841735630214387,3.4685357770109264,0.9968395383224422,174.46042363557655,65.15991879301593,0.9972618729247378,0.07522793702212903,13.348497284083814,94.3601531978209,2.266698672129761,2294975.466761037,2631234.236292271
236,0.21535442481137113,5.013046206767299,0.21535442481137113,5.362494511230259,0.1582041553723565,4.489406427526217,0.1582041553723565,4.838854731989177,0.16626229632965467,6.4631740410908005,0.14868486653644533,5.172422221502516,0.15474380846802155,5.368144963247086,0.15474380846802155,5.717593267710047,0.4251529367756482,0.7105775297583713,0.12305895890559089,0.8479503353832829,0.4825223366128454,0.0305419580872465,0.23500066150222665,3.645436986409369,26.35305545689716,3.801911843658176,1.9239745330459126,150.9615535758326,75.87370331423483,1.1006343880060916,0.08257830286521943,4.506387128952942,101.60234947032677,1.1563158025488773,1800741.9693055358,1767022.0830496917
237,0.20720448992150275,4.881563453397394,0.20720448992150275,5.514056588398519,0.15005422048248812,4.157844864675495,0.15005422048248812,4.790337999676618,0.16397751644813824,6.207080600676178,0.14473209061160436,5.172533983507294,0.14659387357815318,5.212179109693825,0.14659387357815318,5.844672244694948,0.26601960057084184,0.7239901282840449,0.1778818541823453,0.985465149304431,0.4112039886303329,0.03042969768368026,0.48129386919967837,4.261968331463887,31.08321154492532,3.041186008902442,1.2309486509215468,144.15960600589844,40.52148948242511,1.0981168154564394,0.08608387246597077,2.8529969674121034,67.27020091638342,11.338339320089057,1763458.3504024623,2582195.78177134
238,0.20860570752952584,5.617718913062167,0.20860570752952584,6.119520060130289,0.1514554380905112,4.906184813602714,0.1514554380905112,5.407985960670835,0.16045152251311484,6.7241220689343475,0.1467908292767135,5.774876954551244,0.14799509118617626,5.708594222769747,0.14799509118617626,6.210395369837869,0.36605351402548575,0.770551943254482,0.38565436175357115,0.8172770179183401,0.4246044088555098,0.030525873072940697,0.7508680790848163,3.031120174524694,30.983415263131086,3.4398715524184906,1.9286348013714842,170.5132104112421,68.72816311445379,1.0228008736308936,0.06298993264435938,5.099617130886628,105.53406764410451,1.5905233126360563,2471046.2352191815,2556249.8308442333
239,0.2092291230390376,4.87430545105242,0.2092291230390376,5.627168172351059,0.15207885360002296,4.430658244704273,0.15207885360002296,5.183603219068314,0.16243298104315085,6.969157317594957,0.14593847264705898,6.128408039698174,0.14861850669568802,5.209025749663519,0.14861850669568802,5.96182641315988,0.3356665850610139,0.800558389847345,0.2767922902404248,0.9561830613511295,0.7296188450199635,0.03537496001138872,0.3730930900337575,3.5804522669219736,31.748792252583826,1.5306758399664768,1.429258278950189,149.93949833153508,86.15293344807705,1.0954880633645394,0.10617534305714788,9.13448179764071,76.99432688642781,21.532288124517912,900936.0908235114,2489830.989429539
240,0.20959027407891134,5.566641130970782,0.20959027407891134,5.989996728251925,0.1524400046398967,4.91913649673525,0.1524400046398967,5.342492094016394,0.16851544078578495,8.154301722086778,0.1478274456614019,7.0177740764996885,0.14897965773556177,5.752211530523127,0.14897965773556177,6.17556712780427,0.3420008318472724,0.8036913120535236,0.34220027897386285,0.830070888386103,0.9025537649036914,0.03911349889042107,0.6160000030766004,4.545055368685505,27.86382716063381,3.254908262230276,1.6180320704049578,177.16377216893704,84.52234934383286,1.04481231696077,0.06048140450339074,13.644832166782495,106.92516123168821,8.406712545771557,1392846.3705079437,1769712.034695005
241,0.20938914408222198,4.920510899408112,0.20938914408222198,5.5051981337625495,0.15223887464320734,4.398739598048326,0.15223887464320734,4.983523569829174,0.16778148808807564,7.645133952614808,0.14620013773155002,6.447023416513069,0.1487785277388724,4.5194082978958106,0.1487785277388724,5.104169897462161,0.31578825638727304,0.7982193572136783,0.2333285677188309,0.9551874965092038,0.8622180527654602,0.037004773150499666,0.7009323113300241,4.679830533733411,34.4158272681066,3.8538789321463254,1.5406262917592015,150.23162207927274,75.35968008734858,0.8857970793434123,0.09544753652550339,11.194990443787074,81.82462981687166,21.10686680287382,1020115.9679761234,2007656.8120673778
242,0.2113550120426822,4.967403171960051,0.2113550120426822,5.201545059612703,0.15420474260366757,4.258166797798456,0.15420474260366757,4.492308685451109,0.16555663194890155,6.737472915242211,0.14691399122121412,5.391559971782136,0.15074439569933262,4.939421055311053,0.15074439569933262,5.173562942963708,0.3661440415580292,0.8436891773162951,0.27812029441343034,0.9317075028562727,0.7530750647223248,0.040518252051903625,0.701420055411951,3.969204557847602,34.55224096659614,1.255161652266919,0.9485781742159305,143.49969659792217,41.96771310400069,0.9916575580212293,0.07791174321412939,5.643433467221832,42.11288517023217,29.706025697520584,2210808.126259938,1551766.2307882714
243,0.2102993618695677,5.320098946766836,0.2102993618695677,6.060798518907597,0.15314909243055308,4.775852357125354,0.15314909243055308,5.516551929266114,0.1625544119251647,6.367445859659643,0.1473692410592492,5.547103192074821,0.14968874552621814,5.8016652240340125,0.14968874552621814,6.542364796174772,0.2476816833746641,0.8294924151896376,0.14433013329389419,0.8362228748930098,0.34873149603450965,0.0397771904822238,0.342068637791684,3.3083514101354154,30.691842245914447,1.2279940467582986,0.9849474730235672,163.59627549864433,85.50498630359161,1.125934948747298,0.09552895514942678,2.2143017356727714,115.45372044128628,7.189798231761991,1687488.5365542239,2880059.1207056763
244,0.20645295889013154,5.162071928519813,0.20645295889013154,5.810829553489269,0.1493026894511169,4.508253309246414,0.1493026894511169,5.15701093421587,0.16319788445048958,7.3567828698303135,0.14500259580282937,6.409841561290273,0.14584234254678197,5.437140858991145,0.14584234254678197,6.0858984839606025,0.25450965175917467,0.7070018863730656,0.18166040269743258,0.9984114363096224,0.8199726175208025,0.03124448279428503,0.7032382357853806,4.059460993896845,35.732971261613685,2.157179151413918,0.5977904101753644,151.85059460097895,58.279384094498475,1.0774976720560387,0.06635461910354594,10.661964345921248,49.38218612360351,13.990181186591254,2158224.6795337508,2802450.006464459
245,0.20937618677040293,4.898637146350577,0.20937618677040293,5.730603115474823,0.15222591733138832,4.269456881608806,0.15222591733138832,5.101539501992713,0.16568982898136642,6.461999687691638,0.14773142806188874,5.543913758712336,0.14876557042705338,4.486228985172268,0.14876557042705338,5.318271415581447,0.3283883220310103,0.843615958255876,0.3816124188993557,0.8145659673589446,0.6633505900427367,0.04154963504653622,0.32050725845659955,3.9597448600466993,25.99653174808946,2.89582380418212,0.5816069206706633,152.6703441953248,62.44963790929299,0.8844538033383413,0.10230366256523024,4.944488918654599,62.791699708278884,8.404316466622818,910902.4102598114,2794298.3228402426
246,0.20917864323060076,5.430660599590474,0.20917864323060076,5.846315202065501,0.15202837379158612,4.595408544094488,0.15202837379158612,5.011089530026405,0.16523675863522286,6.8375846960235815,0.1474042422851848,5.733827406609096,0.14856802688725118,4.916752726922964,0.14856802688725118,5.332433712854881,0.30023250429567633,0.7347550983773182,0.23996825004491007,0.8131087856680643,0.5185387110946094,0.03820981512632117,0.5466184391702167,3.939993934121275,24.972448938427455,1.5000940032190733,0.814739737008079,173.0725932419623,53.64567093824528,0.8729723429071374,0.06349579729005397,7.662580691589884,56.07355037885273,26.605882013217684,1277692.5749698745,1710917.0928171056
247,0.2097230712130142,5.055565739251226,0.2097230712130142,5.709094594679381,0.15257280177399957,4.6322239770413045,0.15257280177399957,5.28575283246946,0.16630634430601404,6.8662327007735735,0.14593565444564408,5.774245883022253,0.14911245486966462,5.029330909118469,0.14911245486966462,5.682859764546625,0.35203452026255466,0.7221426858078284,0.2159370419737573,0.9246421997711884,0.3754690278713206,0.03286592508032524,0.8196996893186757,4.417303809008961,35.72136056277289,3.7141362891402734,1.6336893409092996,147.12959731502218,86.27549105306261,0.992371453019417,0.09647935466966692,6.3670104077878635,111.83903936588419,29.644945777791055,2181209.140674993,2824846.8048962224
248,0.2110670915120338,4.884824488408469,0.2110670915120338,5.47929393634454,0.15391682207301918,4.436370151177409,0.15391682207301918,5.030922743430412,0.16497792376056206,7.233895303498613,0.14840581263034916,6.282076736282059,0.15045647516868424,4.882663947684943,0.15045647516868424,5.477133796189515,0.3582249167886277,0.7608595472751344,0.2670849116462204,0.8160762662996901,0.6952520919550496,0.04251327642652111,0.9550194608110798,3.5948928258249397,22.95707668390672,2.253515999567819,1.6885207511088667,153.6899415593021,89.3320078739489,0.9993986876832381,0.08336794175541484,13.316469454192108,116.1594223764368,11.425707566099616,817559.9892232949,2038354.0134261071
249,0.2059761633581796,5.0421768043265915,0.2059761633581796,5.510192618441247,0.14882589391916495,4.348059651174034,0.14882589391916495,4.816075465288686,0.16535224735229417,7.415361266727618,0.144836631900887,6.319695284179717,0.14536554701483,4.552053636028396,0.14536554701483,5.020069450143051,0.19815639300996363,0.8161343127683003,0.19532357190544525,0.9814889898774918,0.7155190603586581,0.02809786777969084,0.8280654237551774,4.610689191712241,35.66400090677925,2.956855527201427,1.3959671488811376,148.62503182064512,49.323037201995845,0.8589162851010398,0.06313682398505617,12.888630804518082,97.16174168036687,13.066603139665112,1900619.8294548679,2105609.738006465
250,0.20791030971380361,4.717510893974424,0.20791030971380361,5.27701387968369,0.15076004027478898,4.212167704115366,0.15076004027478898,4.7716706898246315,0.16778352329171128,7.710939143420448,0.14538256898036697,6.59779686189277,0.14729969337045404,4.278972934442082,0.14729969337045404,4.838475920151346,0.3572652016014357,0.7123129563257504,0.2646896096965924,0.9985902900945326,0.8871739822378797,0.03334828619359136,0.9296064206678547,4.915539651984753,27.102911148331856,3.426057690841301,0.9976347432435126,141.73019540075018,69.33404948574588,0.8676242539770164,0.06608360012258208,13.649878218876507,116.91413336812913,28.40957514631142,1302405.2994924402,2150674.141462388
251,0.2057081097102466,4.912851702828016,0.2057081097102466,5.2796157598205795,0.14855784027123198,4.220068536888828,0.14855784027123198,4.586832593881391,0.16336064154127455,7.0844821175963375,0.1462946832898118,5.803926806013918,0.14509749336689703,4.844504015045937,0.14509749336689703,5.211268072038502,0.24300383283996457,0.7446362428186621,0.3230975723304917,0.8506269225760387,0.938595619741893,0.03639488237437068,0.43866469742846975,3.886774391560647,34.522861715022884,3.579926079566966,0.7018672078578756,146.36265470972612,47.22345977563965,0.9800217628637415,0.06862420283306306,8.920796459744109,48.70232051846395,2.866732806251454,1500971.9284922278,1588777.5059147752
252,0.2093295857384967,5.403283860725186,0.2093295857384967,5.829952369117464,0.15217931629948206,4.557134193707381,0.15217931629948206,4.983802702099658,0.16206953946140845,8.289462296360101,0.14712209880185528,7.1226304640492275,0.14871896939514712,5.027617378682939,0.14871896939514712,5.4542858870752156,0.26509627975883066,0.8326113828013808,0.20554470089455548,0.8958077081047995,0.9842359835141774,0.040634549617334516,0.3653310353710544,3.263641976182555,28.291054765572923,1.0731843450132135,0.7909099702794831,169.4282546885877,48.242006393557745,0.9051406322374075,0.10379227723534665,14.773678431883942,101.71668253104457,4.644393363170205,1477108.5882841737,1813984.8625813406
253,0.20686328565287868,4.8659311025520235,0.20686328565287868,5.349306161745423,0.14971301621386404,4.160885763194855,0.14971301621386404,4.6442608223882536,0.16269059559627935,6.179338289447822,0.14593320861929218,5.016325825344646,0.1462526693095291,5.089611095448605,0.1462526693095291,5.572986154642002,0.3498316355326105,0.7445043861158224,0.37664363637514253,0.9113983226843188,0.7885594390627285,0.03556879069328842,0.5532914265804725,3.7502499328732917,23.123476482972887,3.351274938682839,0.9226605470296684,148.87850476546961,47.89713383168399,1.0642774674150985,0.08732382864721977,2.32740180047296,56.80677753821684,12.861596714516757,1359972.6110228775,1978078.0845532967
254,0.20725878924083596,4.972730054781277,0.20725878924083596,5.620504890389124,0.15010851980182133,4.512382115974878,0.15010851980182133,5.1601569515827235,0.16208507846006673,6.824446539018841,0.1471036437657724,5.8454694280701345,0.14664817289748638,4.598500589937948,0.14664817289748638,5.246275425545792,0.20354934613134518,0.7404887981926033,0.15613977480858157,0.8027187477033122,0.8904949623900109,0.033910050457311665,0.939761462719203,3.373449231089765,28.47477474983744,3.767381610994119,1.2372734852848937,146.75604345033094,80.6535519675432,0.8909048110300085,0.09068474817447246,6.025254087804836,110.06718238795492,6.4030078270745125,2051220.602382874,2805599.761954348
255,0.21311350011097285,5.662248994042737,0.21311350011097285,6.0969673502737365,0.15596323067195822,4.7428406541056,0.15596323067195822,5.177559010336598,0.16860109341994117,7.670132078059617,0.14764016916604406,6.50558149120572,0.15250288376762328,5.833931216988271,0.15250288376762328,6.268649573219272,0.3828731307686942,0.7729883572820924,0.19859798396810135,0.8660491070327919,0.4808439652092831,0.028712963646015218,0.9627635514704609,4.428623115092008,29.217450709611057,2.265509610525356,1.496555106130833,179.69336293226718,48.22128272527954,1.040874919125713,0.07151144992111864,15.121071535723265,76.24910540845116,26.578400815965185,1549649.1575025788,1874004.7167316794
256,0.20498742355783744,4.915830289389765,0.20498742355783744,5.1520780195353435,0.1478371541188228,4.2169750829412544,0.1478371541188228,4.453222813086831,0.16615513547679125,6.593651120029087,0.14525805539502323,5.243520561220985,0.14437680721448787,4.924551176477973,0.14437680721448787,5.160798906623551,0.1913630383270554,0.8086066191363247,0.27166196246751495,0.9550380484500496,0.6872768825099536,0.04168571309233798,0.41080624724590953,4.760478646725174,30.561813041584045,1.852185546090744,1.5371256108001998,140.7677221332826,40.66698107387441,1.0026504596410668,0.08774972699423289,4.645186553315801,66.14919265311511,25.538597881755514,2450014.601243435,1720386.1283902386
257,0.21016963098009644,5.436477709302765,0.21016963098009644,6.044642712713447,0.1530193615410818,4.615282895224798,0.1530193615410818,5.223447898635479,0.165692952843403,7.850606375537006,0.1464876884061328,6.691179986788423,0.14955901463674687,4.843048269186094,0.14955901463674687,5.4512132725967755,0.42542941870958834,0.7688247081620704,0.3215183523860873,0.9474929761458839,0.7208778579252451,0.04294972244889434,0.5368784982043981,4.132373248513125,23.847012333847342,2.745334605045732,0.7725966940457886,171.5153503863282,53.89232499653521,0.8519768274782734,0.10289752410491745,13.657442570526396,72.38621699970732,13.694024382748367,1572156.584893277,2469097.5817639637
258,0.21463665282781696,5.543436379970916,0.21463665282781696,5.813354141077364,0.15748638338880233,4.854690612238823,0.15748638338880233,5.124608373345271,0.17024081733753407,6.924977926616843,0.1486240345236749,5.488142051274798,0.1540260364844674,4.92706105438539,0.1540260364844674,5.196978815491838,0.40182253601157486,0.7620767993223525,0.1729732356894649,0.84093476066485,0.5541695271068887,0.028865744433643453,0.9702022031953763,4.520794029354347,28.02651633004246,2.8068512652806943,0.7074286193804207,171.177149426823,72.61361878739288,0.8459495149721756,0.0686439952141371,4.8959477240058895,58.16679188979309,17.507215897000762,2069328.3504895216,1649309.8962420663
259,0.21025388557071417,5.785243127602163,0.21025388557071417,6.097060131032599,0.15310361613169954,5.134184322854824,0.15310361613169954,5.446001326285258,0.1640947149710274,8.057848669131747,0.1475132057031201,6.801272917667822,0.1496432692273646,6.008118634768069,0.1496432692273646,6.319935638198502,0.2578336403759594,0.8407217973368999,0.17086507327367212,0.854336310218637,0.9547854260956512,0.030670315972640635,0.274523842163903,3.606490112318986,32.64505198264858,1.5079324364410316,1.66366550863117,177.0827422119071,83.70127160384874,1.0538455380270946,0.10712068829536711,10.21541071970551,73.97174380203722,12.323481254232643,2483143.330247511,1950446.0418984974
260,0.2065418683277913,5.559070126206682,0.2065418683277913,5.887334888904027,0.14939159888877668,4.730539186236685,0.14939159888877668,5.058803948934029,0.16344971332938438,7.64344343449625,0.14517257979089815,6.406531113821584,0.14593125198444173,5.208453061518833,0.14593125198444173,5.536717824216177,0.21566976750843245,0.752229753834395,0.15856073312006555,0.9451839120681599,0.5049136019023026,0.033268031597052,0.8223243604488961,4.092986831472247,25.07561981850368,3.240408616404302,1.6889274147903408,170.79581750824102,52.26329011840563,0.912174742218656,0.07556061248435546,15.565514714674576,75.96456651771094,25.738557257175877,2336735.0054910937,1998446.650406706
261,0.20595826560222316,4.727845198574331,0.20595826560222316,5.322698979767111,0.14880799616320853,4.15802736547657,0.14880799616320853,4.75288114666935,0.162627403937222,6.266023007324688,0.14586672540459217,5.353207717984489,0.14534764925887358,4.604073303325489,0.14534764925887358,5.19892708451827,0.26326488295429845,0.7361587846551355,0.28707657437505074,0.9459252723181277,0.9858132971863682,0.041496762388908155,0.5251328255303462,3.7770236904098478,26.348221454208286,2.6653349320169277,1.3449761447562394,140.8635983669549,59.273865535540494,0.9624087404342686,0.06588747264222325,3.3566996879570237,106.19638945120462,16.69363455928643,1513114.7782021114,2379221.537748051
262,0.20432144106184888,4.825158913893977,0.20432144106184888,5.328712314511408,0.14717117162283425,4.361524120807293,0.14717117162283425,4.865077521424724,0.15845056941849295,6.327131285289671,0.14469128576820126,5.277296952691487,0.1437108247184993,5.132474001280013,0.1437108247184993,5.636027401897444,0.16798694207264278,0.7071053144724024,0.14188290451550914,0.9923100467186006,0.5432492469676097,0.04035182640012673,0.44897035050641954,3.1476402822084584,24.613843830992874,1.773847663980872,0.5201267069900444,142.33704672290006,75.7685766207458,1.0923697028390487,0.09013445903698239,6.018781724208349,89.54096794484667,20.31695374821501,1953873.9050269092,2341670.9176026806
263,0.21294623304084304,4.932993113352291,0.21294623304084304,5.399613648240278,0.1557959636018284,4.4189518849737555,0.1557959636018284,4.8856677240916575,0.16565250901653894,7.217812248041086,0.1481071595451872,5.943650983905925,0.15233561669749346,5.379598549754637,0.15233561669749346,5.846136283115547,0.38819654194554154,0.7276638985603009,0.16170784774477737,0.8755446562749651,0.8106309276122106,0.03767258033620961,0.4227533253227441,3.7060187735145504,22.426405757054695,3.5808695672825825,0.6704486962500793,154.3750149145137,80.62775020595697,1.123745689887236,0.0909444763118307,9.56231050338378,103.94964532918257,17.686143781236016,1028949.9692094988,1756666.5125247703
264,0.20836639007018257,5.62703926876309,0.20836639007018257,6.200946805382306,0.15121612063116796,4.754169774399188,0.15121612063116796,5.328077311018403,0.16239073629114556,7.207461726318293,0.14634067468091808,6.180800559780236,0.14775577372683302,5.531145796088484,0.14775577372683302,6.1050533327076995,0.33923627005945034,0.810050503183772,0.3655330047133132,0.8964673113561451,0.5467044110976133,0.039864952114356714,0.7780625436883306,3.5400780334681703,24.18688008204984,3.7156553431600363,0.6786022639221627,174.79396528295382,50.00472315458722,0.976529290036638,0.062301499179406486,10.10558327981991,66.70398320351396,11.734419684334554,2224813.9017881565,2712194.8972491855
265,0.20889074592134682,5.109133148793562,0.20889074592134682,5.533168160590383,0.1517404764823322,4.302813084957981,0.1517404764823322,4.7269657779651855,0.164779065460684,6.826316268998597,0.14668241615330802,5.581008628759952,0.14828012957799724,5.603777252191329,0.14828012957799724,6.027720555997646,0.24849426408288278,0.7708485859083765,0.1640974922225355,0.8490692425458672,0.541635612378351,0.030733340302819028,0.6756416357864616,3.9927349523220395,24.69367210069069,2.5688195517001517,0.7639043374743762,160.8210076810943,45.40587227012097,1.1315628114764609,0.08892615588920887,9.539905182878805,116.8615085770415,5.241402275402511,1083044.6327573305,1632540.3230403767
266,0.20601965881227,4.924499438849765,0.20601965881227,5.594682102121793,0.14886938937325536,4.290250002935898,0.14886938937325536,4.960432666207927,0.16453363134142865,6.936721133213082,0.14632342447883517,5.953976949462874,0.14540904246892042,5.178720535620376,0.14540904246892042,5.848903198892405,0.24013167806996313,0.7197318302052698,0.2578109871938317,0.8801173629343949,0.9343651482926325,0.04106948958768267,0.6248894749348168,4.12451548191644,31.134086427642835,2.557578117589837,1.117076835188707,146.13967349216972,55.21358928952999,1.074422982489635,0.09547181352043085,6.719403076374091,70.49197853343861,11.97992617774236,1741735.865204314,2685780.7922875877
267,0.21005597555841335,5.335063857193601,0.21005597555841335,5.781530213069544,0.15290570611939872,4.463583344154425,0.15290570611939872,4.910162758209189,0.16870577980929582,6.811689557043302,0.1473172389693516,5.600512965313625,0.14944535921506377,5.463410902493346,0.14944535921506377,5.909853462574432,0.34969236302895157,0.8157188551836714,0.32946360729987445,0.8562283399725417,0.6328465487929784,0.038035317336657055,0.5767951826145801,4.662633304906488,25.098171698183908,1.0708241992774004,1.888640696010942,169.92333706424523,45.12211479023537,1.032308436011517,0.10753794739417555,4.275909876462497,64.31636146763,22.477503815898363,1143215.5188174292,1727472.2588360037
268,0.20538122203098774,5.04092589607957,0.20538122203098774,5.602621557527568,0.1482309525919731,4.370254818070789,0.1482309525919731,4.9320748232569,0.16614676846106127,6.744345672288306,0.14584424671130874,5.6466929555849426,0.14477060568763817,5.576422374477618,0.14477060568763817,6.1380187538243645,0.2935387600499277,0.7214115502933841,0.38002303483876965,0.874536315639687,0.8552782913199737,0.033798631803575487,0.6927628399432302,4.632667963147913,34.31468853759537,3.489312251287463,1.4800931745206962,155.23082852411255,59.18531819131711,1.1475576506972138,0.08410365931381913,4.9870167890236985,68.07346725438126,10.196713286686501,1045194.6409642833,1952276.2203270001
269,0.20843101350051702,5.214395429497361,0.20843101350051702,5.944993732912751,0.15128074406150238,4.359086252835222,0.15128074406150238,5.089843132255691,0.1678131331275286,7.005185581190024,0.14498546534725978,5.932158855075026,0.14782039715716744,5.174783310124991,0.14782039715716744,5.905388957705292,0.2310847875040172,0.834141544905463,0.10399933681304085,0.9952492236991064,0.3651634240793977,0.03621746009763473,0.611104014571882,4.981161092705001,22.939502738397678,1.8535537705992948,0.6180693582453047,166.99668247093842,44.53515618618894,0.9898538022148047,0.10212775006862511,12.05150228134602,99.83385727981363,23.147810184991073,926946.932867588,2516296.993527662
270,0.2115421654453302,4.8248077752082805,0.2115421654453302,5.2563364399335635,0.1543918960063156,4.202005361443685,0.1543918960063156,4.633534026168967,0.16622948377782448,7.01231261918022,0.14691194925401246,5.80803444475234,0.15093154910198064,5.301761830828283,0.15093154910198064,5.73322860578057,0.3965941343503229,0.7697706242563119,0.2658168328131858,0.8862297179453646,0.40408306825687934,0.03273205537395864,0.2731089086397579,4.131741834352011,26.495832279457463,1.3847429503262543,1.7290828988937998,147.24047553036394,57.902618824573146,1.1385659717291885,0.1043125516991951,15.923556666239463,89.94980366142815,26.679595324241983,1201991.0100993076,1699557.9572793108
271,0.20944316294064247,5.5551992174563765,0.20944316294064247,5.996813520040455,0.15229289350162784,4.825504295043439,0.15229289350162784,5.267118597627516,0.16520533867722761,7.286612848747004,0.14697111874405833,6.082775124061519,0.1488325465972929,4.96258911173463,0.1488325465972929,5.404203414318707,0.3367036460049435,0.726576144663705,0.24566369846642058,0.8633507226694108,0.6702766561294675,0.034280995126547656,0.9608578501901504,3.994334967295295,29.879923569985248,3.49811792058948,1.6537514475790176,176.07852149284497,71.57669283391631,0.8560120046613661,0.08837230063245366,7.096003332612645,56.38947553973492,27.698008326767194,1389838.1302277572,1801898.6955750328
272,0.20705078455525605,4.603797241124241,0.20705078455525605,5.346556405357195,0.14990051511624142,4.100032766985748,0.14990051511624142,4.842885330143897,0.16159092637164577,6.558731114217932,0.1456957090086357,5.7760452598610685,0.14644016821190647,4.383323360203064,0.14644016821190647,5.126123400727554,0.2863897248980394,0.7570726617409305,0.2848182451742992,0.9353589187861506,0.5316587834111371,0.04202685884111444,0.7500796266175007,3.541517824657708,24.005073980312982,1.297940544418124,1.212008629335656,140.7959088026451,68.53084104301925,0.9330192201088825,0.08755918623201664,12.204729448815042,85.27711862101803,13.399066490638115,893455.9896014216,2528505.4510621754
273,0.21183182751569915,4.907987642037875,0.21183182751569915,5.636312563512065,0.15468155807668454,4.4239063920367645,0.15468155807668454,5.152295279641147,0.169674967218589,6.662503537570743,0.14797634403855417,5.620611515208508,0.1512212111723496,5.088393222348789,0.1512212111723496,5.816684696273251,0.3061375069837463,0.7727486913413066,0.1287275491772016,0.8547015483169816,0.8362069058533785,0.033700558108694594,0.47087203543946354,4.649995553054629,26.2717749436531,1.0405248560860183,0.7695167599217264,151.5731424720182,82.00992374510203,1.0509109030815782,0.10774498142334622,4.385513426522335,88.68224955417688,16.574701705784047,1105098.6643232526,2571608.699920124
274,0.20845723866480925,5.484296632707012,0.20845723866480925,6.152516716768843,0.15130696922579462,4.690966745749653,0.15130696922579462,5.359333914734239,0.16356283140202976,7.104567477103613,0.14705522896454765,6.116217578965752,0.14784662232145968,5.7812670910625625,0.14784662232145968,6.449432116216809,0.2810886892819989,0.7841670602637498,0.2617984650586278,0.8647451850743437,0.7698072628890535,0.04264715963338811,0.9607433072639671,3.650635952617284,28.443961892409803,2.4440142044245836,0.6144120137901259,175.49721805829813,61.93519036065365,1.0723812537111226,0.08964257571301852,7.13721040138201,84.94538147682232,5.955236100043023,1113559.7587812399,2372600.5410227324
275,0.20937183460258327,4.894568302314075,0.20937183460258327,5.552207571625132,0.15222156516356866,4.149920184118142,0.15222156516356866,4.807559453429198,0.16763323567347213,7.566310976863251,0.14691523291483966,6.4600435028598095,0.14876121825923372,4.968577378682722,0.14876121825923372,5.626216647993779,0.31708763539035156,0.742635969648856,0.2300705554080562,0.8724676050482871,0.8253334207472904,0.031251625577092434,0.8131075165721562,4.537933355022047,22.80106797728281,2.638810123013733,1.3109211070182298,150.1569077583269,43.42020410713964,1.0210864409059601,0.10885973167535609,12.633443062861872,106.77836443023739,7.6288077671432735,1366204.5548854365,2522171.584855502
276,0.20782913055683347,5.613780810528855,0.20782913055683347,6.333873672278553,0.15067886111781884,4.83203633758872,0.15067886111781884,5.552166278227923,0.1614512569257692,6.9882956662407025,0.14608844643428323,6.200137628939502,0.1472185142134839,5.382966940275814,0.1472185142134839,6.103096880915014,0.27903428512644657,0.7739513737780983,0.2601492287666711,0.9042268649736057,0.560445460342348,0.03896902851549927,0.21749873612168058,3.404474679908428,29.91400644454501,1.6528645045346955,0.6748954524634537,179.1529622653712,67.35616888743469,0.9448898298086441,0.06389155589283466,8.902998165821465,77.40473785313824,7.991200040472446,1310447.9827074492,2628263.417254258
277,0.2076039121551943,5.031075347933573,0.2076039121551943,5.67321890982637,0.15045364271617967,4.258128112935013,0.15045364271617967,4.900271674827809,0.16700281842356832,7.149338519101107,0.14577439634968617,6.300939694311309,0.14699329581184473,5.296151163950469,0.14699329581184473,5.938280124122127,0.2820210187851352,0.7758262700990057,0.2809476136445187,0.9033329114663994,0.6039798144460253,0.029671410987415846,0.2688629473157918,4.71960572064491,29.879547389832595,1.2244152915683255,1.6292024893415773,154.57876387078193,44.000782453895646,1.0733601090390907,0.06998203650345211,12.80685401219418,63.49886757805902,25.64312275630446,1263501.185788061,2360524.3717902517
278,0.209239260624508,4.928011158333632,0.209239260624508,5.632567277662726,0.1520889911854934,4.397257006251689,0.1520889911854934,5.1018654578814475,0.16149507422659054,6.831656067223209,0.14614117791708114,6.054418418052557,0.14862864428115846,5.1786666097007465,0.14862864428115846,5.883176257015727,0.410314810183247,0.700514525701798,0.28883055937776386,0.9181430507563451,0.5701108848440399,0.03339628267242621,0.9652104725421766,3.34688496121674,31.070061642587177,1.644675442337503,1.1891989933541385,150.7958074895417,74.76935235901219,1.0711002250770056,0.06887929027277007,11.097225418793023,106.10167195698308,18.733086557925944,1127580.1266306574,2471624.7569206515
279,0.21639738370324016,5.197755442595402,0.21639738370324016,5.70466411779752,0.15924711426422553,4.633668629237735,0.15924711426422553,5.140577304439854,0.16435832852348078,6.437519140219049,0.14958441744051115,5.515584486361454,0.15578676735989058,5.33826117313888,0.15578676735989058,5.845169848340999,0.4092203730800479,0.8303687862774508,0.18308169715120465,0.844773816769169,0.5957491867773137,0.04137628360318689,0.48288589060042403,3.0350378092599493,33.66252997273539,1.4295667836469614,1.9134576577640519,158.39593577404187,77.59169536342375,1.0379501606210277,0.07224626565611177,4.126691585142449,44.89248006766005,9.013848920730332,1558322.7428636749,2061786.0482296804
280,0.2112807966207276,5.5641640267876324,0.2112807966207276,5.918307771527364,0.154130527181713,4.8525598928407145,0.154130527181713,5.206703637580447,0.1667324334095748,7.294234055135272,0.14687259723951807,6.00650016928463,0.15067018027737805,5.107554676891237,0.15067018027737805,5.461698421630969,0.3731241330620749,0.8182646316278331,0.28093817941138644,0.9078068711882828,0.5952899479392104,0.03598237334983242,0.21015290339294188,4.246331339716464,26.374578684062648,2.457657354868964,0.9615017189780034,174.15288018160982,72.30548331398157,0.8878297329386573,0.07346235820679163,8.254917876034815,87.7229047226822,29.867531234766567,1852755.6794452658,1810429.6393412407
281,0.20803406286054726,5.140368803603433,0.20803406286054726,5.497057553331129,0.15088379342153263,4.453603837147675,0.15088379342153263,4.81029258687537,0.16614104023105203,7.449722581111942,0.145381605540746,6.168505593878823,0.1474234465171977,5.4310076844700905,0.1474234465171977,5.787696434197785,0.232186969523962,0.8401621020116702,0.1434827555670571,0.9962222665194906,0.7089578509809729,0.03819127885674689,0.8230026335916434,4.54927034997536,30.614581623013475,3.697888701510198,1.9349263907498564,151.20360693071612,52.86598707168855,1.0822347120882294,0.07995726192645833,11.312468370832429,53.16646595552582,18.019699706556533,2334286.6334675346,2033767.5848326206
282,0.21128911731209496,5.203779859430806,0.21128911731209496,5.721249536482228,0.15413884787308033,4.428833010733641,0.15413884787308033,4.946302687785061,0.1644687681684788,7.069084504154011,0.14647154715815344,5.807450331098883,0.15067850096874538,5.352014390748369,0.15067850096874538,5.8694840677997915,0.33721913517879454,0.7604599345990822,0.14471494963573917,0.9391925424854971,0.6803191242642135,0.03373112404289819,0.3175776831174498,3.830141230057718,27.727340101139347,3.328598071996213,0.9152647328604782,161.07301024107545,50.03897707852903,1.0393722491249564,0.10416040434856294,6.973298909150033,104.48679404919477,15.623034678447288,1476114.5116055384,2100579.3167402185
283,0.21002530458265672,5.6149988662231145,0.21002530458265672,6.195012459122546,0.1528750351436421,4.975965391149433,0.1528750351436421,5.555978984048864,0.16011421157646438,6.954037810511244,0.14589043431139656,5.893754979240414,0.14941468823930715,5.667121288784934,0.14941468823930715,6.2471348816843655,0.342004217547873,0.7328644530774551,0.18404654335763143,0.9468594922970174,0.5480868467059441,0.031682557507830236,0.7199337898329781,3.0631553453966482,32.71057027504331,3.9050183941381755,0.7965126470164596,171.40128929623174,79.93985129161545,1.0130099049419288,0.06609460297577463,4.9345499970509525,44.11480646539661,23.032657132973263,2261200.5533841653,2671439.8141886173
284,0.20685496477179258,5.270868440476999,0.20685496477179258,5.649877528116871,0.14970469533277797,4.503803028791967,0.14970469533277797,4.882812116431839,0.16558657345622596,7.168839314828748,0.14624682893202987,5.9907531912379905,0.14624434842844303,4.657301984513021,0.14624434842844303,5.036311072152895,0.2787040788309892,0.8100702548471547,0.3827769161008351,0.8447295533307524,0.3709299114774422,0.041809709298718946,0.6247095777625948,4.357201865285653,35.56872749357169,1.4198300155614394,1.629386263974542,155.22302214740873,45.345350664040765,0.8308900782171936,0.09767847103094496,15.068479697874553,84.70395034276453,18.800944288019853,2340542.2224057466,2058043.2773896316
285,0.20893559403485965,4.907004960189322,0.20893559403485965,5.42076983515434,0.151785324595845,4.227147663213455,0.151785324595845,4.740912538178472,0.16061386895270174,7.190004455998668,0.14669781865185702,6.168457074349848,0.14832497769151007,4.692060639302413,0.14832497769151007,5.205825514267431,0.3638933852818412,0.802336731246879,0.3692009406340907,0.8832820260114506,0.542023753168947,0.042215053773561134,0.29928867442943896,3.054663572087618,28.871629393786773,2.7418199199429005,1.658839464188288,145.87017693464563,48.45758743190007,0.9369590019451703,0.09196828291549858,13.920892160857905,119.20023203117034,27.739613743548183,1771051.7092011767,2236927.7969770636
286,0.2073618697873098,5.5356332176647305,0.2073618697873098,6.207507338650963,0.15021160034829517,4.625296625475194,0.15021160034829517,5.297170746461426,0.16438037933358043,6.9383374115323155,0.14700203383454366,6.196272294097666,0.14675125344396023,6.089796083950416,0.14675125344396023,6.7616702049366495,0.2691270064516045,0.7413929328826286,0.2912954982531485,0.8073850297952961,0.5586897332048952,0.04254059538926909,0.6947684417722799,3.909029070470321,29.087943133121243,1.4647254585330038,1.8723991329357268,174.41374060779575,44.248834874312266,1.1359315720398566,0.06881640489316655,6.574954387627062,106.4533397130701,26.029264587362626,1536294.0808923005,2605046.035238333
287,0.20441199740348318,5.313955424038491,0.20441199740348318,5.837706490621354,0.14726172796446854,4.507937627095816,0.14726172796446854,5.031688693678679,0.16542413379866489,6.586442443969087,0.1446653617384638,5.436508435747966,0.1438013810601336,5.665070087237125,0.1438013810601336,6.188821153819988,0.2551016873234426,0.7361117403557671,0.3894688730262639,0.9091694433665123,0.43596645030034653,0.02767836863178259,0.8692589275324676,4.774890940850151,22.033916821140483,2.8129320870760663,0.9132514077417031,162.56602884647992,47.187552980352244,1.092402300719328,0.08685890738865634,6.288404896838116,56.54583266311285,0.9818411765967594,2155464.7460355796,2535597.881226319
288,0.2061947871628304,5.569334985649729,0.2061947871628304,5.8351408401995055,0.14904451772381577,4.81070017408856,0.14904451772381577,5.076506028638337,0.16259328660004715,6.719266322707663,0.14612060229400942,5.344038072175902,0.14558417081948083,5.051632765972415,0.14558417081948083,5.317438620522191,0.25207725463310476,0.7059354687890638,0.27440680938270845,0.8423534100728266,0.6982339845746206,0.03303149737651607,0.32931902455872397,3.735401908537216,31.913515005797805,2.152980517772207,1.1309290964758687,171.2942251081388,62.55989248823229,0.8706992868195362,0.1094640563232775,2.7621392510152853,63.82108673045592,2.802536122186463,2041957.3884836228,1579856.3309116059
289,0.20841693449610255,5.71375444343161,0.20841693449610255,6.095955946735435,0.1512666650570879,4.833188699735281,0.1512666650570879,5.215390203039106,0.15939061958273446,6.63856594750963,0.14541719352090932,5.544151602085948,0.14780631815275297,6.201561571301511,0.14780631815275297,6.5837630746053355,0.28836975524441466,0.7427460477768663,0.17396376743109504,0.9691799287119118,0.4793510711550314,0.03678398832994502,0.9555449980932835,3.0546986578853126,29.856059331297377,1.7752714112016084,1.3347290922943071,179.25035216244183,53.29073117149916,1.1164264725021444,0.07686869950761593,2.560297737392781,50.84839582126627,16.41092976199525,1884996.258986524,1882103.0114943392
290,0.21447356139108814,5.43639505026363,0.21447356139108814,6.009940231237077,0.1573232919520735,4.8425590722726595,0.1573232919520735,5.416104253246105,0.16493209950422322,8.37903502080127,0.1484764059475208,7.31335438538399,0.15386294504773856,5.524231445879001,0.15386294504773856,6.097776626852447,0.3592186107981422,0.8328951769563212,0.14162080033929758,0.8908664185135511,0.9448273200118622,0.038404967278959,0.7401203885515442,3.4152545622313837,29.483942764087455,3.335935080724421,0.9123803203590339,164.46871536179628,79.4571784956537,1.0228483488434938,0.06521476983963359,15.263691807858281,76.64202275906263,4.399098490228801,2299530.1257858546,2701512.8831384387
291,0.2051461804554165,5.357582772218126,0.2051461804554165,6.059464146686579,0.14799591101640186,4.767706590606196,0.14799591101640186,5.469587965074649,0.16457206333295055,6.894238877462355,0.14556809676717447,5.946824460936677,0.14453556411206692,4.596289983549388,0.14453556411206692,5.29817135801784,0.17460043263730282,0.7341008810824406,0.1864614469589111,0.8663111457103736,0.5175245849094389,0.03735037551483874,0.8457737012892184,4.349190466974697,34.08574715031625,1.5497599347760391,1.0438404865990438,165.3749111044311,80.72703790852997,0.8030546609310079,0.10542136659669227,7.687490389239763,118.61049270885175,5.563723060759177,1521259.3953590249,2638537.8414409393
292,0.2055017440122807,4.852487606792426,0.2055017440122807,5.24856402541977,0.14835147457326606,4.166718028826854,0.14835147457326606,4.562794447454198,0.16395038900013947,6.746055151746331,0.14658357426031388,5.4560630613699574,0.1448911276689311,4.257424560331105,0.1448911276689311,4.653500978958448,0.2661397425075931,0.7368807084764823,0.37689763334566084,0.8209167853326503,0.941188792535502,0.04018447030736462,0.6684054239265287,3.973173660678763,28.99649687825157,3.9610278969448127,1.1587729555412438,141.21632719909107,42.95770524615337,0.8197224346551345,0.09254765312424665,4.305169457402897,105.62919953103132,27.32529273613252,2083460.0517064533,2035934.9475296957
293,0.2105973782985662,4.986077336702667,0.2105973782985662,5.514380327087511,0.15344710885955157,4.466912357918763,0.15344710885955157,4.995215348303604,0.16977312956555277,7.401989236340066,0.14816109864377122,6.225507568800196,0.14998676195521662,4.500418818309006,0.14998676195521662,5.028721808693847,0.38243213847279356,0.7330286022339946,0.29063328625965146,0.8123772225829122,0.8230148553007055,0.034968846910480175,0.4515591655100088,4.714018232486364,33.654606786314034,2.513588272792467,1.984944660003035,151.58220257318783,77.00239650253332,0.8629287376889665,0.10859748408571152,9.340857542254845,66.60330479880358,22.335013584500434,1251840.575248906,1960006.9899050044
294,0.20403545549242763,4.944205041427305,0.20403545549242763,5.76344902225316,0.146885186053413,4.2714010466737315,0.146885186053413,5.090645027499585,0.1627510860910845,7.492843198675608,0.14509320546430274,6.689001709954348,0.14342483914907805,4.2865223549887785,0.14342483914907805,5.105766335814633,0.21799347672317557,0.755162323719697,0.36724284028258514,0.9339646469941301,0.8389839984290106,0.03366104221506006,0.6658540328924762,4.070860633060878,27.562100242178467,3.7506266939963107,1.5960500457931548,151.07728089027552,54.67839499339219,0.8137566115660438,0.09039831819136611,12.081070629158527,99.461621520483,16.586393901254024,1331235.8277803052,2964586.9511290127
295,0.21074791579817015,5.437901463127556,0.21074791579817015,5.733404875293573,0.15359764635915552,4.803907980654263,0.15359764635915552,5.09941139282028,0.1691828442002674,6.935430667324558,0.14726957028488377,5.553085039852569,0.15013729945482057,5.092938409477852,0.15013729945482057,5.388441821643869,0.3293587019646542,0.7065865690208976,0.13290797974825636,0.8947289676583365,0.7677975225667913,0.04030463264352303,0.7808907089592407,4.720347816137433,28.738234598938888,1.9568728863601708,1.2286061839917792,168.9572637448961,78.11162706943838,0.9126507196952961,0.08668248403467235,3.6369318573209863,62.10606323789706,26.667504257504064,1725451.1752067762,1536957.0734156822
296,0.20592489615418894,4.929278282820559,0.20592489615418894,5.487002777839681,0.14877462671517433,4.4003624502239225,0.14877462671517433,4.958185007279601,0.1639045201631224,6.437813476421346,0.1450724535100452,5.4979026981457375,0.1453142798108394,4.4148305495376805,0.1453142798108394,4.972650424179268,0.30571249206875206,0.7698190938193864,0.38997690237308635,0.9336324352453506,0.5952330078307168,0.028969182723174766,0.3511619204398526,4.250937185226821,32.887973513421905,1.6727605251316242,1.1368435747762091,150.78034045546502,75.04151813482565,0.854058224033986,0.06508863738656853,7.276747648850067,41.35429880313175,9.882543769071289,1060590.034361612,1964115.3270110192
297,0.20631976746187763,5.257201525196988,0.20631976746187763,5.614821814541905,0.149169498022863,4.742697573436932,0.149169498022863,5.100317862781849,0.1614011770665633,7.040740469249346,0.14616357852713044,5.836017844468259,0.14570915111852806,5.585198411178206,0.14570915111852806,5.942818700523123,0.24655876099091045,0.7987438125062086,0.35289421618047556,0.8367727088173877,0.6330913248008078,0.033441730076808965,0.89115708230461,3.451952776254141,32.50276871046833,2.896083998033991,0.9927794210074012,159.30814142258595,85.5653628118095,1.0880836625720185,0.07413147246450613,8.685239071629415,94.61112331694162,20.982059565914508,1830115.3853247692,1752723.9241538201
298,0.20964495209242298,4.9745183768135055,0.20964495209242298,5.4947608313840215,0.15249468265340835,4.519883647779394,0.15249468265340835,5.04012610234991,0.1610421326599175,6.6733568432826535,0.14703929220107742,5.6895070580265585,0.1490343357490734,5.200581639153493,0.1490343357490734,5.72082409372401,0.36753559081964016,0.7057595599633812,0.27621725819076404,0.8260449382352286,0.46811713423774426,0.02843865069880221,0.8592915809418853,3.0732642581582157,30.69929768481699,3.184949328842617,1.9534957114762932,143.5809712180586,78.33135944167648,1.067359168729023,0.08305811707694295,8.449141216428982,76.30129344759655,18.255068868822402,2402868.3118591495,2576819.985342564
299,0.20795303255069555,5.077625537629551,0.20795303255069555,5.5821698964494475,0.15080276311168095,4.489005185458788,0.15080276311168095,4.993549544278684,0.16471165669459698,6.560986660771569,0.14609213663516088,5.483713681096264,0.147342416207346,4.849251399251963,0.147342416207346,5.35379575807186,0.27915707934082207,0.7052930828333648,0.19939331021954299,0.8785589856766716,0.5675674392145542,0.03025569071740982,0.3490594507400074,4.133942555399001,31.442408999203973,3.255512559457941,1.4042553889487341,153.27258509319472,68.9877232558579,0.9362550104080563,0.06863723377633925,3.7394419738431,111.42238686315821,28.036190603727217,1649198.7092007913,2123648.8227399797
300,0.21391747922479729,5.316125308744888,0.21391747922479729,5.62521450589453,0.15676720978578265,4.626554786525959,0.15676720978578265,4.935643983675601,0.1672906564564826,7.95981354575281,0.14678574943193462,6.570642701804489,0.1533068628814477,5.471773573135292,0.1533068628814477,5.7808627702849344,0.3852582786294181,0.7791565417046811,0.11817537865285835,0.9471881960226061,0.7230530358233362,0.028221461504567315,0.44565873323202426,4.241613944425632,22.001271396594746,1.7507322135227277,0.69579775400254,162.47734251891055,63.729618376038765,1.0409840705201738,0.08195946114354465,15.984624187787546,102.15215413849242,9.277539038220796,2181670.2683107415,1883913.5392549636
301,0.20956453581570583,5.418241890869453,0.20956453581570583,5.77162682867273,0.15241426637669123,4.633980257553012,0.15241426637669123,4.987365195356289,0.1666508278682649,6.759174572527347,0.14758492783401742,5.326984969529745,0.14895391947235628,4.928192987934151,0.14895391947235628,5.281577925737425,0.24239916427778702,0.8422759570794663,0.18322779242687284,0.8421305588310236,0.7619345980320014,0.04121709912680491,0.5531607322733084,4.182779296935294,31.26717740883393,3.185335564401772,0.6213869654608789,163.36565728325832,51.03894587988334,0.8716658401428583,0.09702442680543757,2.627285078166166,48.57698602308457,8.116764211495495,2269434.4541544244,1980421.8655650828
302,0.20472166207500522,5.072279052278062,0.20472166207500522,5.810411130782159,0.1475713926359906,4.576670469384701,0.1475713926359906,5.3148944346957006,0.1660752319244812,6.426673917203321,0.1448089752024237,5.4997768231281485,0.14411104573165565,4.573036787921825,0.14411104573165565,5.3112614269245215,0.22361828166722456,0.8292661604869792,0.39107676573998185,0.952918717841148,0.4603675234884117,0.03730119571231266,0.4875131856969758,4.8603124002843625,33.259902424384364,3.190686531908932,1.3634145746094086,157.21785670829985,86.13743500041318,0.8641709818544706,0.08320509681518067,3.6043838579317313,65.22338300077803,16.82440469208511,1000836.5675571288,2486654.7782865223
303,0.20855891977362012,5.497850320632957,0.20855891977362012,5.873680364035457,0.1514086503346055,4.654793496130418,0.1514086503346055,5.030623539532917,0.167864339623158,7.6853336448427125,0.14550890693047314,6.411401932350431,0.14794830343027054,4.8724100638536445,0.14794830343027054,5.248240107256144,0.3203346280444835,0.7837120217036632,0.26832605922696845,0.9610734420691197,0.6209046728382818,0.03190522339971474,0.380425625545855,4.889262032816068,30.733405781995398,1.9185117732900072,1.59709440013286,166.44482952799342,45.76727704921307,0.8392395779564533,0.09026562051958575,12.460022030172688,54.05119553365764,25.005509894241165,2336507.831382686,2091682.3662988332
304,0.20719365431831746,4.963316368895118,0.20719365431831746,5.3205437841422905,0.15004338487930283,4.419707978907675,0.15004338487930283,4.7769353941548465,0.16221757321377042,6.590157275307004,0.1459244497151045,5.465498535002808,0.14658303797496788,4.501668767416051,0.14658303797496788,4.858896182663223,0.24668893614925302,0.7129957850460181,0.21072179609155195,0.8425813249886334,0.3858866097911167,0.02806744160152601,0.5677834658540579,3.6576109362652494,22.46624543142227,1.9207359954787209,1.9455000026510676,149.80490485526673,71.8711086127795,0.8681597052230253,0.08223277580798438,13.865884054414634,63.93190252064351,0.8404481155536148,1830844.2303406638,1842968.23719933
305,0.21229463394784412,4.874469933864808,0.21229463394784412,5.595664286690458,0.1551443645088295,4.4064597832944665,0.1551443645088295,5.127654136120117,0.1632923737372942,6.923362178334509,0.14814144187007056,6.143083276451473,0.15168401760449457,4.420217309911815,0.15168401760449457,5.141411662737467,0.31700377152858955,0.7378486032669082,0.11509080770939828,0.8261321192385513,0.6321724048494936,0.028324225443880864,0.9463164602145429,3.24357172473814,24.96460306143473,1.815720866563975,0.9539471038982109,149.45233396729412,82.40534062345884,0.869965570114952,0.061047350692559,12.457789212433855,49.25153430238425,18.35236867277948,1254254.4760153198,2647742.8498519515
306,0.2093991945550729,5.449075494023005,0.2093991945550729,5.771832328193304,0.15224892511605825,4.8948840068242525,0.15224892511605825,5.217640840994552,0.16466432734809258,6.8530055800860055,0.14607872017672133,5.549584630335304,0.1487885782117233,4.998475862690897,0.1487885782117233,5.3212326968611965,0.3209879866955765,0.7168398748754604,0.19203485923336736,0.9016334628246393,0.38160821051875826,0.03125653393174767,0.8771037354559479,4.054490211338093,35.06596665507033,2.0310641698609397,1.2593670451329473,163.3320128671358,83.8408279947793,0.8819725204954473,0.09186469899798141,7.075608349831924,66.78728159135694,12.820353704021825,2295272.9042395875,1864866.4950817374
307,0.2083504470086082,5.561859339462159,0.2083504470086082,5.869202848551829,0.15120017756959359,4.860950872262515,0.15120017756959359,5.168294381352187,0.16110935014479477,7.233265474851678,0.146376576593027,5.829893640582882,0.14773983066525864,5.116996838278395,0.14773983066525864,5.424340347368066,0.255263091973719,0.7102883313917455,0.14022924323495925,0.8667841930694581,0.5070724392711837,0.033358404366607294,0.7309414558918454,3.259913189742605,25.038785889515104,3.1572274992257556,0.5421172509263776,174.12322502290064,73.62562266270139,0.890696841470511,0.10855991147885419,10.02687530599617,54.95135649087348,18.461040259103598,1899323.5263125112,1696581.956301072
308,0.2132963668503676,4.959422339278317,0.2132963668503676,5.337166015343977,0.15614609741135296,4.325786054928858,0.15614609741135296,4.703529730994517,0.16536157674736127,7.228403250122013,0.14740582019914716,5.999877439539949,0.15268575050701802,4.454062197352294,0.15268575050701802,4.831805873417954,0.40655910227885195,0.777949314807598,0.18599248983185201,0.9346280343843771,0.8025621305795336,0.04188849022375296,0.4331211109721313,3.744664639836033,27.36899844902703,2.4829402521366832,1.486917959342927,143.75431740475787,52.99686368866131,0.8496014310234669,0.0792337183052797,9.174807316556265,94.01153539644196,21.420655007451398,2430398.7324626115,2180122.402864337
309,0.21164413368038132,4.694309333536751,0.21164413368038132,5.451358332356742,0.15449386424136669,4.252035856523354,0.15449386424136669,5.009166853716626,0.16847228948315549,6.1195229908454465,0.1487729552366637,5.368154969045966,0.15103351733703174,4.529166240680837,0.15103351733703174,5.286245857355338,0.35479785155070814,0.7037477965845651,0.1907629914528855,0.8013300705556262,0.7300114741298502,0.0403905253153306,0.5345065562996734,4.2611393323594235,27.67415608625664,2.0658166157725053,1.8682615925835067,143.3119008312657,79.90942503171544,0.9507097244446675,0.06853108273358674,2.4297145710247685,85.63226380219214,22.259938846856812,925253.9120653387,2558956.7136453604
310,0.20837750683555323,5.380707827191469,0.20837750683555323,5.995102980891284,0.1512272373965386,4.7433919167083545,0.1512272373965386,5.357787070408172,0.16824936581113853,6.753321088669932,0.14658272654428386,5.6310630589741075,0.14776689049220365,4.771086400672573,0.14776689049220365,5.385481554372389,0.3304807811409093,0.7945616378519623,0.3664383535179593,0.8405524375501396,0.3731744580229095,0.03600940776709959,0.3778730180415328,4.811193836270781,23.707943376509867,3.5169801950418926,0.9293752797734285,166.93560542744422,75.6259331171238,0.843766248465081,0.0847289818840151,7.0704661426899325,82.90179304787576,6.280675253437426,1878158.4246201478,2654915.252677012
311,0.20725516756379833,5.350262158418099,0.20725516756379833,5.720624663346236,0.15010489812478373,4.560054454910974,0.15010489812478373,4.93041695983911,0.16050408244903985,7.593781217337879,0.14601911937793036,6.500708472382611,0.14664455122044878,5.492170208476858,0.14664455122044878,5.862532713404994,0.23697841698599975,0.8110969026532292,0.25641841136794585,0.8868838177002378,0.70771961794191,0.03160651738380071,0.24755267504272524,3.2345264128457902,28.70205583534124,3.5759719952811575,1.900287520546359,160.60068213041797,47.60385265518324,1.0378027384879656,0.061457202665693114,14.725595813859714,40.27867225366008,0.052418382096734994,2357359.476867974,2108970.5933759715
312,0.2086487513890404,5.14851322076589,0.2086487513890404,5.590597279046062,0.15149848195002577,4.553466858656562,0.15149848195002577,4.995661239703651,0.16492232830042203,7.077941759268031,0.1470372635727305,5.839699798066263,0.14803813504569083,4.730298371006379,0.14803813504569083,5.172459967142976,0.25547402775269346,0.7557859671971638,0.20340723517178516,0.8149421345337893,0.704614859364066,0.02703372942414155,0.8295272338388087,3.970782768105721,25.511433214681453,1.0805519045294534,0.5920751510310163,163.3347710780002,77.95074205700979,0.8904773635303047,0.10833780142406983,9.215915751819844,110.87062467206836,12.534919353785838,934612.0589423387,1599660.8632135936
313,0.2106975224275224,5.185052872919493,0.2106975224275224,5.651817743447945,0.15354725298850777,4.644501266072761,0.15354725298850777,5.111266136601214,0.16405849174303352,7.095351571582398,0.14632351546127495,5.78536444926304,0.15008690608417283,4.693833713373569,0.15008690608417283,5.160598583902023,0.29113618713771117,0.7932568049851874,0.11837929022327656,0.9340214749379558,0.5890513810335136,0.034114375486071005,0.542343448374421,3.800544164165599,33.3590704286781,3.805725835091452,1.1046348093871545,154.05579502120966,76.46912154912076,0.8635853939527222,0.09999226082588819,7.82170638384531,72.23906328524009,18.19006161896355,2090540.0825031141,2217914.164895507
314,0.20990807635122422,5.307073011245102,0.20990807635122422,6.004535206464024,0.15275780691220958,4.766922062882073,0.15275780691220958,5.464415290040558,0.16774541572100196,6.4458647619308875,0.14647014875348716,5.59433029534274,0.14929746000787464,4.993980149904774,0.14929746000787464,5.69147337706326,0.3718601814600454,0.7608196418946754,0.30067158268784283,0.8731969234539587,0.3574193142696917,0.02979173916742722,0.5995942917110357,4.634723084748643,29.808452281333786,1.4475625579510432,1.5453537855208874,166.54299717703296,89.14157801665644,0.9195793909930724,0.0752538567140941,5.831211756039251,65.83847075763666,1.0689206498910653,1244895.7292904719,2522375.87355732
315,0.20668348837048453,4.961678422569935,0.20668348837048453,5.352347962330732,0.1495332189314699,4.27071275108291,0.1495332189314699,4.66138229084371,0.1610105867988555,6.802604024940942,0.14503022681126634,5.732124072582446,0.14607287202713495,4.875940256211382,0.14607287202713495,5.266609795972181,0.22398771609929718,0.7186206981902279,0.1039455932261966,0.9972452677463339,0.7937789751027029,0.03194220309555118,0.3345448793699036,3.5548775237602808,24.31592836432822,1.736562298183188,1.6043948860335888,148.03671779674033,49.14399990855077,0.975221879614159,0.07116646092775891,7.187692655483064,113.56206711478026,23.758285264753713,1985648.280699511,2013669.2235473453
316,0.2058088951503939,5.44381087533902,0.2058088951503939,5.9655928119877295,0.1486586257113793,4.842230703444809,0.1486586257113793,5.364124174241634,0.16074761827768952,6.466622713444646,0.1451839978742803,5.451487315094673,0.14519827880704436,5.6550307062360075,0.14519827880704436,6.17677348231227,0.20029491728479348,0.8175455506808909,0.2759668802006874,0.8872614250672157,0.3468779931689095,0.03123838586751021,0.21275033077083735,3.5294423484790958,22.197034704558106,3.0920507017366394,0.9475670990682796,175.7020647474269,89.5918566308369,1.0514210468523484,0.06725411784515385,6.6458208513732995,41.019812822730515,8.132804098077257,1110475.0137793398,1977148.17264743
317,0.2139309348073626,4.897334310171116,0.2139309348073626,5.502227228766866,0.156780665368348,4.33230658748501,0.156780665368348,4.93719950608076,0.16612414740900971,6.774340313941808,0.14926640332691873,5.737893028379999,0.15332031846401306,4.432740731515335,0.15332031846401306,5.037633650111085,0.38264011836569556,0.7670870180915418,0.2042604282091408,0.8020263866498817,0.5970843639661708,0.0345370598515471,0.6462038896068854,3.569970165546117,25.300720797428777,1.6429896822409988,0.7885804804187229,150.49810369169697,69.46457251983898,0.8679295096891465,0.09126827287779812,9.048941402772787,44.55251782723511,24.729289253747993,1230916.2805512436,2266345.595873696
318,0.21285592560649338,5.419335559495586,0.21285592560649338,6.14012594937397,0.15570565616747875,4.697797497346709,0.15570565616747875,5.418668405872318,0.16866527085550587,7.741857908299078,0.14914151622413183,6.681853195524336,0.1522453092631438,4.850911728319599,0.1522453092631438,5.571782636845208,0.40412923564869896,0.7762095004188684,0.27424436244055655,0.8144093122706508,0.9154531768781928,0.0373216640846748,0.8294159684142057,4.168156925030845,31.787827114386097,3.235511193174609,0.8472867932368064,170.99917233086376,67.64602375969501,0.8578062981105794,0.09357868232960989,9.870442424635304,88.10867669272567,5.413143732904072,1209057.4081602457,2554880.0055168276
319,0.20646123965179983,5.103277281282389,0.20646123965179983,5.653113458737411,0.14931097021278522,4.3091941678937395,0.14931097021278522,4.859030345348763,0.16745339550606167,6.405881226752548,0.14647003498214897,5.4235507775133724,0.14585062330845028,5.6369529451291855,0.14585062330845028,6.186789122584209,0.19377341211887686,0.8111383211688203,0.2445292044769136,0.8200208504481289,0.578969191241409,0.039300596946604614,0.35910614811878105,4.757670598048127,22.863617968658115,2.779300848772757,1.745490869848156,153.82879767959,40.25880905370709,1.148423739160685,0.06555653144452644,3.745091289204076,116.76966119730044,11.348613048374345,2082908.6522338984,2573819.573302527
320,0.20925521479415013,5.141446687966714,0.20925521479415013,5.469576046520604,0.1521049453551355,4.668529746811824,0.1521049453551355,4.996659105365715,0.1650665077315089,7.477115878766284,0.14603498668474935,5.928716466427064,0.14864459845080055,5.672294186632187,0.14864459845080055,6.000423545186076,0.3504882464210515,0.8355687839023308,0.3510958759714389,0.9214648433117639,0.4737889559847235,0.03470026902537733,0.7807760547129203,4.148421603781033,33.12905481144119,3.5417444110009884,0.5338711741036486,152.9361603254458,84.94608030523838,1.1484988901628972,0.10971566031668234,14.582840307120463,103.97281322505518,22.676279754520266,1998118.1013282086,1738926.9252615527
321,0.2094547012329434,5.038272959509068,0.2094547012329434,5.732697386966793,0.15230443179392877,4.5461041834593585,0.15230443179392877,5.240528610917086,0.16657377532917433,6.607514181001233,0.14645614299805026,5.696197242746394,0.14884408488959383,5.459880177931175,0.14884408488959383,6.154303612564368,0.37241455373009247,0.7274773625947935,0.2777513283635178,0.8917445551708976,0.4195813248990561,0.03719105058323868,0.975680284685414,4.39219431897963,29.713166355689154,1.9498714704816869,1.7855947053035979,154.5242533499996,83.87189469644494,1.1167277129342275,0.0930801859076239,6.193397316182262,112.02026464933682,20.776903767818773,1320068.5909186332,2550809.4002674855
322,0.2070789372214075,4.793847416998198,0.2070789372214075,5.250112369242803,0.1499286677823929,4.378131570174401,0.1499286677823929,4.834396522419007,0.16014227623626737,6.386117879261828,0.1466785401601506,5.3655750913010145,0.14646832087805794,4.565207281541421,0.14646832087805794,5.021472233786025,0.21545345024453422,0.7082033445601104,0.14591498306278095,0.835569931831885,0.9742134228266324,0.02967989497606384,0.43925874815033084,3.0263078073405665,25.349302469512367,2.0746526144067508,1.427084686845046,145.74282906806116,86.04470305109767,0.9328835637580086,0.08278584823677573,4.728913226845224,53.20439937265397,12.139950371180712,1273741.773306538,1828368.1013180844
323,0.20717956946124078,5.493292217351129,0.20717956946124078,6.1163586641180645,0.15002930002222614,4.9330437412446475,0.15002930002222614,5.556110188011583,0.159635510949484,6.746415107788444,0.14543239708749547,5.834231191045495,0.1465689531178912,5.711270354959244,0.1465689531178912,6.33433680172618,0.22678121667350093,0.7457110571540236,0.12685647175286466,0.9551533437310415,0.5754381560218681,0.037078850819452995,0.9252257453854771,3.1529786004942526,27.47838201743775,1.462045464189527,0.5983457206366378,167.09009279488416,86.79325165322709,1.055811777275162,0.08024154620363863,5.107501432232908,104.67125092120395,13.656133977678193,2357998.0100339246,2902423.519248713
324,0.21407028562424274,5.522485094939928,0.21407028562424274,6.057059996906786,0.1569200161852281,4.619382964102941,0.1569200161852281,5.153957866069801,0.16902939876295858,7.15565579379683,0.14806782063813007,5.98116716138776,0.15345966928089316,5.260189801899686,0.15345966928089316,5.794764703866546,0.34650672710241764,0.8309372279297845,0.16197968537559176,0.854533131555815,0.38305965426820915,0.030712651245846854,0.680649485696144,4.396645579921029,24.74453118444699,3.586500534641924,1.5050457755749302,172.5700125868849,43.37410534639124,0.9349737392288724,0.08135439280303235,11.565716395614091,45.840502238813116,14.657577765444172,1893693.370091817,2406257.7567352657
325,0.20938401614160784,5.044655501985716,0.20938401614160784,5.469427906671735,0.1522337467025932,4.561041411067874,0.1522337467025932,4.9859034787583685,0.16015730856608335,7.368352260644029,0.14565183780148327,6.293182539399486,0.14877339979825827,4.890139167633909,0.14877339979825827,5.314940219952489,0.3499003744886282,0.7269108861977608,0.20081413735631842,0.9858661921942409,0.7791837351578672,0.034040893385334225,0.77544532601749,3.131134399303281,23.815963119400017,1.8799915722085339,1.6371564703321617,158.67564771744028,89.30697738280887,0.958346911857987,0.08289229395812814,12.107954164928534,60.93417447357141,28.04470428960158,1035804.4249370998,1618865.32203944
326,0.2092600652183419,5.405848027287295,0.2092600652183419,5.996185017402494,0.15210979577932726,4.7203855815478635,0.15210979577932726,5.310722571663062,0.16742684407278918,7.493880590658825,0.14685672236135355,6.493536221653602,0.14864944887499232,5.677253895765691,0.14864944887499232,6.26759088588089,0.251179382993855,0.7432914598964551,0.10597757241004702,0.8687544160130803,0.8347693910033431,0.028774463784439715,0.9815361597555876,4.512567563874658,29.102753664313386,2.1893001106212724,1.8524859974948205,167.71866995600067,69.53419570231489,1.0692311330232185,0.0864779849360746,9.345721502289432,90.07388359340715,10.947096799658143,1692008.7498144312,2431530.1673873384
327,0.20637579313613177,4.767237008765111,0.20637579313613177,5.259042627711286,0.14922552369711714,4.163015460504079,0.14922552369711714,4.6548210794502545,0.1622450625486495,6.849801949850128,0.14537971291353893,5.7992868612161566,0.1457651767927822,4.548507517259723,0.1457651767927822,5.040313136205899,0.2977243155904077,0.8127332830692164,0.39109501512674727,0.9475411842982548,0.557425926573796,0.0392405279581956,0.7716531386685537,3.7823383188181467,22.426352635041205,1.4126352877614774,1.4333192709817668,144.1553183452271,57.53196913194991,0.9350857133737189,0.09136520105682533,14.02396424173087,58.875239965965996,8.031946774152795,1457726.4635707424,2061902.0352672548
328,0.21123424465231153,5.382610672341518,0.21123424465231153,6.015978138071547,0.1540839752132969,4.600026041756915,0.1540839752132969,5.233393507486943,0.16355113980418082,8.351913343640058,0.14780854713281502,7.506294826156134,0.15062362830896195,5.63432472062603,0.15062362830896195,6.26769218635606,0.4239208339190846,0.7554613719912379,0.3130042466967089,0.8531058937011949,0.9965655045002868,0.027748683885275762,0.9676288713658503,3.391494311905086,30.466840280347864,1.6159778958601985,1.9949886436533868,161.987332652459,49.93617573595938,1.0664798475995458,0.08974416216055055,13.99772001598543,61.66034395795164,25.059128444774373,2283002.5668590637,2865640.7761142505
329,0.20389454012085456,5.360878684851053,0.20389454012085456,5.7119297876312025,0.14674427068183996,4.532774744096252,0.14674427068183996,4.883825846876402,0.16380942595723785,6.612000478772703,0.14557943014070865,5.446997981241117,0.143283923777505,5.5220997522776,0.143283923777505,5.87315085505775,0.17825976696655252,0.7423158970545898,0.3267485144470027,0.8419463461700388,0.7371326717927086,0.037506646414113574,0.7186675235330555,4.233342912831501,26.635087245453118,3.701206346401126,1.9008062172592906,166.7123632703322,48.27619222820229,1.0413730558291896,0.06846800088482488,2.6049287292022507,62.49365973613783,25.994693986689125,1669911.2734710819,1702207.0808982267
330,0.21011976230354018,5.578524823547167,0.21011976230354018,6.3469119897251085,0.15296949286452557,4.786500277555949,0.15296949286452557,5.5548874437338895,0.16244088024451134,7.51729472066317,0.14721920583088977,6.75280691222854,0.14950914596019063,5.6141647261202365,0.14950914596019063,6.382551892298177,0.36939666805122373,0.7298339946898904,0.2701833830509712,0.8501178923403925,0.47443160508738613,0.03776569924642188,0.5088227769697716,3.3161333727029705,26.74824345933286,2.667115026857024,1.9736326232144248,177.26649009503333,63.86119287413578,1.008601485814798,0.09133167963130992,15.352209414515587,86.56262095423244,17.570207587658608,1495126.066653815,2900935.9443319766
331,0.21280008401141157,5.329239267728245,0.21280008401141157,5.89929826729051,0.15564981457239693,4.461632067377764,0.15564981457239693,5.03169106694003,0.16687716249780482,6.9577212107894635,0.14795770444587536,5.830178684802603,0.152189467668062,5.209102409354467,0.152189467668062,5.779161408916734,0.35208585306382334,0.8181279157471426,0.2006888513593515,0.8755853986708542,0.9227087934536482,0.03084939640869694,0.29759051905968187,4.002656663530809,23.755117131362947,2.4672960728431583,0.9368804731220657,166.89404212519995,42.71803377845824,0.9692036637736815,0.08974325940598502,3.779964267748011,107.27012870838071,24.208094054756085,1580580.1271308572,2358131.450693764
332,0.2097031289142434,5.264908652673396,0.2097031289142434,6.003990579814507,0.15255285947522876,4.679071940040616,0.15255285947522876,5.418153867181725,0.16380123209148117,6.4885105758757,0.1459516516508445,5.663509173319796,0.14909251257089381,5.795477167423681,0.14909251257089381,6.5345590945647904,0.31112504212191905,0.791230215265804,0.20452367307717773,0.9486808720771677,0.7020333247536859,0.031204691648502522,0.42204875512053824,3.8588592942287017,27.963895837152585,2.3112832368184817,1.511455064629281,162.3552799050221,78.4187781488456,1.139810140624611,0.07835879148834239,2.829128673066098,94.43013325480595,6.718674333974403,1648583.4307440426,2882186.469520732
333,0.21028710797841002,5.158551903099953,0.21028710797841002,5.748988524137195,0.15313683853939541,4.59360521679314,0.15313683853939541,5.184041837830381,0.16324314342386806,7.295666899037895,0.14740980355710795,6.2555141029643355,0.14967649163506047,4.643024111621354,0.14967649163506047,5.233460732658597,0.2393393725968157,0.822737176725031,0.10090000827056261,0.8520896864710132,0.8704755129251136,0.02936993362087482,0.24318068396080542,3.4432315317610067,23.44273454533414,3.5921001593364204,1.5571841053690234,158.46288197365473,77.42988341287966,0.860816373739981,0.0934730297200939,8.399842476468907,48.34529421330338,26.829006487682445,1748124.0595591427,2512592.548547363
334,0.21359140462641601,5.273114457002801,0.21359140462641601,5.610670083125102,0.15644113518740138,4.425290308413347,0.15644113518740138,4.7628459345356475,0.16578845477630377,7.4811171474590585,0.14728254933305662,6.127542886603552,0.15298078828306644,5.0727273672447755,0.15298078828306644,5.410282993367078,0.3535011938780785,0.8195348056652083,0.12025549502630895,0.9403184411795451,0.6964635278219342,0.042592584775201156,0.4334762191095652,3.844454445433709,29.416555707662702,3.822404776051152,1.4763958212418762,162.03066550031997,40.72498138524475,0.9470901978869859,0.07992071578347933,10.792303081687992,117.59898876293067,9.906804395042156,1680134.225166141,1638331.3096282352
335,0.20665304448967284,4.898273938150062,0.20665304448967284,5.16257571627513,0.1495027750506582,4.513461210044597,0.1495027750506582,4.777762988169666,0.1648537870244212,6.655882991466728,0.14595931819808408,5.288320104573571,0.14604242814632326,5.341429666339578,0.14604242814632326,5.605731444464646,0.2970733045357492,0.7547146301405824,0.37015486015642884,0.8318082148879473,0.3389283412024313,0.03328551804692566,0.46969349357821866,4.270393943764695,32.719252093534294,2.8234855113497037,1.9697666934901923,143.26145453493857,87.85333570223378,1.1323398463459977,0.10618769927046964,9.792471882846154,59.56986790031075,21.367349539018882,1915582.059181065,1501239.5912552027
336,0.2066590725989274,4.992180057239913,0.2066590725989274,5.41089084007265,0.14950880315991277,4.43433457010314,0.14950880315991277,4.853045352935874,0.1644569023223826,6.238332475824331,0.14543547028091167,4.9863514308787735,0.14604845625557783,5.333139935172572,0.14604845625557783,5.75185071800531,0.31604356392940636,0.7837464772880294,0.39364114364335867,0.8965450237446205,0.5132265960235298,0.02776283234685597,0.8616872655484329,4.273419419343211,32.596493618955634,3.0460577389126238,1.5015098919103007,148.36086673900584,68.3192494855875,1.0983212814074848,0.0977336174725758,2.0721048605101187,48.42923688690142,2.3320123844638605,1772694.4846535977,1907422.100468405
337,0.20899794361341048,5.2307309614757695,0.20899794361341048,5.627491593601937,0.15184767417439585,4.658282517531722,0.15184767417439585,5.055043149657891,0.16604960388892015,6.405639762535772,0.14741704618129936,5.262508049329916,0.1483873272700609,4.923684677277956,0.1483873272700609,5.320445309404125,0.22997104858599365,0.8277683041201479,0.19510323272401298,0.810830923977037,0.7351686265302433,0.032676280666080734,0.26854332886250804,4.125359261861183,31.857244295263868,2.616910332310022,1.5697446743241357,159.16907505869753,77.17760084255994,0.9174705846666296,0.07120678341046795,2.61400983996178,74.79551408412081,0.3036896444724324,1721252.4862724328,1822921.7205692462
338,0.20755699543893108,5.066740892765541,0.20755699543893108,5.48898706049818,0.15040672599991645,4.513804684435977,0.15040672599991645,4.9360508521686155,0.1654494905475596,6.572950374972593,0.14521549420914018,5.283907808640541,0.1469463790955815,5.357056747771989,0.1469463790955815,5.779302915504628,0.2019764229611155,0.8496299106639045,0.11885250702820241,0.9601184446689728,0.4345840166359893,0.03523928183294431,0.23724325302856455,4.474611729011642,33.159339421985806,3.4797893404735287,1.7871599788065886,153.93405520894032,74.57907353773547,1.0806862736961027,0.10042649452183311,2.5165339874140993,108.53034885481293,26.249616217209542,1422994.0755599178,1727275.366141161
339,0.20424958393343914,5.676293547650664,0.20424958393343914,6.307355009396821,0.1470993144944245,4.838033803483934,0.1470993144944245,5.469095265230093,0.1661247750753941,6.946657559533298,0.144945206670137,5.882453989700007,0.14363896759008957,5.044878464024105,0.14363896759008957,5.675939925770263,0.27965608655844476,0.7199236302243949,0.393910830286884,0.9659316201037675,0.6001446430491002,0.04125239823507973,0.9135501493309528,4.8628205620834,32.501585973589414,1.694572180911185,0.5931150373054253,175.87188850093463,55.869728191011184,0.8464032097206775,0.09200711158398923,2.814370920017002,94.91618136673408,28.516293549596433,2017065.7962754432,2698316.046704191
340,0.20658225041081796,4.985942130013506,0.20658225041081796,5.256833283190502,0.14943198097180332,4.280459463827483,0.14943198097180332,4.551350617004477,0.15898025724019524,6.57633965720261,0.14489241910606052,5.253801752767313,0.14597163406746838,4.309190542854933,0.14597163406746838,4.580081696031926,0.2762816834140944,0.7133423365108439,0.2370894870408237,0.9660196072310756,0.4679762632123319,0.03170750500636861,0.26680833205461996,3.1453120893038227,27.934514446710214,2.002533781719464,0.9194648721159397,145.3944269217941,44.2695646162019,0.8008661281763002,0.1035488860382045,6.912813122707847,69.87231953144419,25.410320197258496,2337518.986967166,1789990.9952084364
341,0.21021624954218351,5.538537299921878,0.21021624954218351,5.825948197815216,0.15306598010316888,4.748862279223772,0.15306598010316888,5.036273177117109,0.16852629341954714,7.903828393606338,0.14657573933516913,6.387594363367927,0.14960563319883394,4.79976178852735,0.14960563319883394,5.087172686420689,0.3001162428235922,0.7925803922330737,0.170681656248966,0.9256310562561751,0.6744226325411238,0.03909880378586081,0.21551134847669984,4.735261476533462,30.88463791671481,2.0793912850118828,0.642965457718696,169.88612549139384,56.77260706715147,0.8139549178739872,0.09998790498679877,13.17586495160122,97.83918819522985,14.744994943229889,2097475.431513367,1687358.9431661868
342,0.20722022514253205,5.299274148282904,0.20722022514253205,5.842089440817596,0.15006995570351742,4.691252994602646,0.15006995570351742,5.234068287137338,0.16613341116800442,7.303514306499467,0.14560269320697283,6.264040358621122,0.14660960879918247,4.555481213685612,0.14660960879918247,5.098296506220304,0.3405715903718253,0.7670055225565523,0.3515036225207173,0.9582790898912872,0.7755296916910219,0.03591500724322821,0.920349421924497,4.5583979039779,34.22201124057964,2.9483071547247706,1.8911516017810477,163.0050692113703,75.8993703221904,0.8047843850880979,0.07946469182686702,8.186379313017824,98.48534397562766,19.859869417470794,1498479.8129819268,2135270.398422151
343,0.20394112938003495,5.04802863252608,0.20394112938003495,5.551793536324912,0.1467908599410203,4.420363519747664,0.1467908599410203,4.924128423546495,0.16395574755070436,7.66607048951245,0.14555275257076014,6.50411057224098,0.14333051303668537,5.304165106670963,0.14333051303668537,5.8079300104697955,0.23207616006819137,0.7117062884503272,0.3859486341176389,0.8511542957238818,0.9414507862953732,0.03071177436272853,0.8626577386009775,4.269146515753418,26.501745085482728,3.3351821143978917,1.656325948317645,150.6297182405249,60.588719416378375,1.072748556140471,0.10624950743658533,10.8100687917642,111.76939431949438,17.697457025841558,2044693.5726433203,2370613.4448460485
344,0.20811529501957898,4.869393483786405,0.20811529501957898,5.563495470251172,0.15096502558056435,4.36983455246415,0.15096502558056435,5.063936538928917,0.16727266536775082,6.343746032407964,0.14611122564243864,5.395592256791555,0.1475046786762294,5.148525508905899,0.1475046786762294,5.842627495370665,0.2949162666251308,0.7350531286290756,0.2286159106535046,0.91229627642853,0.8226120826829368,0.030841267701941885,0.3694010021920261,4.674809432223453,24.30972348966445,2.718941454648056,0.9633325532354655,144.92384139047985,73.3214019950438,1.0824011825510733,0.07231802370054781,3.444560791259948,59.400655545303934,11.79956886432383,1871618.4197877957,2895391.790913393
345,0.20681391800052337,4.761880920948468,0.20681391800052337,5.262049454731746,0.14966364856150874,4.338270860074488,0.14966364856150874,4.838490784741257,0.16364766000004047,7.419676529377864,0.1454652139274076,6.2221137340833375,0.1462033016571738,4.226635463017585,0.1462033016571738,4.726855387684355,0.2616515066421758,0.7070722798158566,0.20995626975943563,0.9268961699578899,0.672766597698784,0.029685532746191314,0.949222995819546,4.066282715175599,28.143878213553073,3.750901370803411,0.5908669143444372,144.8782920213115,84.09404849517546,0.8419583380840366,0.07632027233020493,15.614494673631654,75.49700037896025,22.070508820027342,1087448.904530226,1841341.7003621564
346,0.2049112751325006,5.3441358674923976,0.2049112751325006,5.750957910100544,0.14776100569348596,4.517441121734741,0.14776100569348596,4.924263164342886,0.1603005853249673,6.879031964208643,0.14604721141719243,5.675520002773993,0.14430065878915102,5.016225642939627,0.14430065878915102,5.423047685547773,0.20649618473565534,0.826861701970279,0.3958290373524277,0.8384727466723328,0.9093487891806011,0.03528088276449999,0.3616087150995598,3.274178769738567,28.101809892994186,2.8643833964395022,0.7672064792397653,162.52509506554082,44.15695243384126,0.9136826408405354,0.09505467333347714,3.962976274145271,108.38914131958182,24.225292112195373,2083347.8286402219,2077086.3071796703
347,0.21554959897182063,4.99872000771888,0.21554959897182063,5.628929888850301,0.158399329532806,4.5316887702684765,0.158399329532806,5.161898651399897,0.16984198777326306,7.525509885226487,0.14954157882414973,6.418000315210816,0.15493898262847106,4.544889150326488,0.15493898262847106,5.175099031457908,0.37565900036574357,0.8182538636126724,0.15908924521379422,0.8308185168720874,0.8783920964993641,0.03094409666604422,0.6569321508374997,4.21701736875805,24.498840374775796,3.282562439169141,1.5836772120253144,151.19332434999794,84.12084500540442,0.8715822606340572,0.09406462099411775,10.500285978851162,76.48616789452433,12.560771910111772,1762901.8100254997,2634142.540589959
348,0.2108131996573429,4.676661642464431,0.2108131996573429,5.089079510304139,0.1536629302183283,4.30226879467961,0.1536629302183283,4.714752977964237,0.1667203356606573,6.2822415987493105,0.14825945409756514,5.1014808253443515,0.15020258331399336,4.50098928864037,0.15020258331399336,4.913439726468685,0.2723085923055552,0.8018134275046138,0.16652855464821198,0.8153829644329039,0.6599215357332207,0.042085883224027315,0.6403649433884939,4.01557918639466,25.850906075352658,2.2736502272026735,0.7557949335978544,142.23317617488652,88.51582425324726,0.9471693929902876,0.0671163452959406,5.833690258167141,117.18335284585496,4.45187811297862,1046559.726750584,1569716.6977072284
349,0.21080610919398599,5.317370219960205,0.21080610919398599,5.679572707179029,0.15365583975497138,4.742680417188937,0.15365583975497138,5.10488290440776,0.16851394410773005,8.072218013691296,0.14684917753694857,6.67309386261077,0.15019549285063644,5.0115078011228755,0.15019549285063644,5.373710288341697,0.3831205957678415,0.7485011290062925,0.2489642689035003,0.9017024665380957,0.8183703175749681,0.02851272852268758,0.6815462086916317,4.659568126211607,34.726135451838196,1.0675720114967735,0.6092254847132186,156.88931942938953,74.41802574338355,0.9165941803543561,0.10324376251023791,14.449637899040674,76.36708846401635,7.708059462386359,2420083.3278531367,2054927.816786325
350,0.20622089574131358,4.894393806979824,0.20622089574131358,5.167996293405231,0.14907062630229898,4.432867771306888,0.14907062630229898,4.706470257732294,0.16395176994743932,7.154367600579749,0.14583149569197318,5.72527838226659,0.14561027939796403,4.317548117660648,0.14561027939796403,4.591150604086055,0.2706998262112833,0.785224489679299,0.33527770554591285,0.9391437537843499,0.8225017731281631,0.042677314481550536,0.6032463723619748,4.074524047549745,28.226723502541915,2.92356400164465,0.8688293726590886,141.40271237770412,75.09927882589128,0.8254718334393899,0.09727207268239364,9.052747260513216,68.88915354300707,17.268858590287365,2335540.3756273985,1795656.7353488188
351,0.20709746213525662,5.751932360793561,0.20709746213525662,6.340356424080679,0.149947192696242,5.052736836389409,0.149947192696242,5.641160899676526,0.15962408775895034,7.465114477133074,0.14516755971492779,6.523908467352609,0.14648684579190704,5.743113824025923,0.14648684579190704,6.331537887313041,0.27890154086833807,0.8082192223192265,0.2936834313895231,0.986331536628527,0.6979397688272797,0.03400228492619234,0.7997639516434936,3.202798177543152,22.944147427164157,2.644671987462127,0.7388102003961111,179.38318486635634,79.34978618257608,0.9978968104535654,0.06457487343604851,8.777414039705217,115.94056028748011,29.09720687403593,2380080.6924887593,2850728.9344548574
352,0.21246967518746587,5.285535868545997,0.21246967518746587,5.8446876349079355,0.15531940574845127,4.67275855242562,0.15531940574845127,5.23191031878756,0.16246151326445554,6.517389282466944,0.1473875284563973,5.563452014414442,0.15185905884411632,5.8309590332884635,0.15185905884411632,6.390110799650403,0.3354476923528229,0.8303508491786802,0.1826547447255249,0.8964762752632063,0.5088029338332624,0.039977565882427235,0.4084853526389326,3.18752087417549,24.792860971993917,1.2553332259418197,0.883183858871006,159.03762940017214,71.30909735304577,1.146722696654825,0.06837843832564133,4.273929700593772,83.0326671714488,17.11144127263791,2356221.2150028367,2729556.195355597
353,0.21189095021238455,5.577004327503647,0.21189095021238455,6.358827045351889,0.15474068077336992,4.926812875816917,0.15474068077336992,5.70863559366516,0.16867840193105624,8.280048803767457,0.14852557999260402,7.49863340414634,0.15128033386903497,5.227918462912971,0.15128033386903497,6.009741180761213,0.3203240093950162,0.7716309379694269,0.18912696632752884,0.8056485309776324,0.8322804599226901,0.028590296826231314,0.6936957221261699,4.346841566290598,34.8287639249926,1.5779026917916976,1.748213577373924,173.1127978631543,79.94940644801619,0.9137286283823766,0.08824305967472353,14.55728332088819,117.7466849210177,11.964622917930726,1715802.1688827046,2985870.090764093
354,0.21378786147939427,5.6431652762573785,0.21378786147939427,6.013939536938426,0.15663759204037964,4.892093216781995,0.15663759204037964,5.262867477463042,0.16365851853096686,7.2128017261111275,0.1460340733584158,5.943792625442661,0.1531772451360447,4.933285492957621,0.1531772451360447,5.304059753638668,0.37495689646792,0.8244003803818976,0.11366879335957032,0.9992686645210379,0.42742892330496385,0.04194597873285022,0.5775741279571818,3.6188297787671795,23.83518014285103,1.95636944043257,1.8951769920743669,174.89562684091385,67.27890142220467,0.8263521251381168,0.1016436466053358,10.393792490200621,43.58994058364856,13.879638131047948,2320047.0314846756,2128936.4705858873
355,0.21049727500317036,5.163596059382497,0.21049727500317036,5.766545999865412,0.15334700556415573,4.411372435139641,0.15334700556415573,5.014370650150628,0.16416396377920575,7.670862606332417,0.14688133236453163,6.7104493583568905,0.1498866586598208,5.403828776552589,0.1498866586598208,6.006734177416828,0.2713878535230099,0.8150639163971907,0.11592157523965134,0.9179408043092883,0.7270377970035522,0.04146473488916298,0.23904673880970684,3.719076448673668,23.17786190909571,2.666132169515245,1.5800259356884658,162.87585015489597,55.23060357338761,1.0630897122066916,0.07588038705337646,14.257835434391508,76.21933806051142,28.940236614327333,1184654.9172497166,2257862.9858479975
356,0.2038275508715337,5.390917950050737,0.2038275508715337,6.212608186716147,0.1466772814325191,4.468331117390964,0.1466772814325191,5.2901924034713135,0.16001262691637325,7.130490197131137,0.1459663522294414,6.405101113108194,0.14321693452818415,5.509491055806355,0.14321693452818415,6.33115930878454,0.19698643132301918,0.7034026192673258,0.34330909643676605,0.8174028164821829,0.8285099397407761,0.04235618097590586,0.8937821241613277,3.2665957234526926,22.907552069011018,2.004599975852041,0.9373707413261347,174.9624256287609,42.924301412320446,1.0289884165194447,0.09894345874132754,8.608500217000005,115.64573328202259,4.135576440835226,871234.3050286226,2770664.5845234124
357,0.20512249200610166,4.987814420750493,0.20512249200610166,5.659518456939754,0.14797222256708706,4.338629168270799,0.14797222256708706,5.010453564683815,0.1625457461578745,7.704924559756537,0.14549679889496478,6.846981480222284,0.14451187566275212,5.4127313255236755,0.14451187566275212,6.084356581282316,0.1910523827368018,0.810145750226036,0.289292864587202,0.904841474155198,0.7994590773269556,0.034072308385603586,0.37191128112150396,3.890540084693159,29.321997647754873,1.2831766233652178,1.2957247416917776,154.45503094514405,61.42928568232048,1.1176752254251257,0.09284499355640222,14.595157295338637,110.34732023277611,27.889606564841564,1049844.4063949622,2340905.6484154407
358,0.20861656620084898,5.691736671812856,0.20861656620084898,6.1912202158889365,0.15146629676183435,4.99771906032164,0.15146629676183435,5.497202604397723,0.16426603686287033,7.9225049544248956,0.14712289284113422,6.74436430227076,0.1480059498574994,4.883517275645355,0.1480059498574994,5.3830008197214365,0.23426203349886515,0.75877702708899,0.14739148668886437,0.8297625597396243,0.5760867069191454,0.03884171836753736,0.8968322007061345,3.8004526934379976,32.01127889895422,3.058470355302271,0.7091256966450554,176.5103847992323,77.12188147343014,0.8041053289574422,0.08327764286897066,15.525410493497434,85.10792717221351,20.486010396785474,2040658.2362518837,2308082.7624310264
359,0.20895491774770367,4.782171131180421,0.20895491774770367,5.223369370181943,0.15180464830868903,4.178371790163235,0.15180464830868903,4.619570029164756,0.1619361527004607,6.086235824709277,0.14643995749019548,4.91418821635712,0.1483443014043541,4.529485419826367,0.1483443014043541,4.970683658827889,0.27489188064206016,0.7209610096192323,0.15978392209690456,0.8629831759635213,0.5160150216892526,0.028780262922925043,0.2488977727296649,3.4099388838915745,22.480728398051806,3.4248653514096508,0.5032226130425885,146.12794457687247,59.67214116563927,0.9260205626592786,0.069898024380618,3.0403057322664218,65.38953088620406,22.728752475463,1272957.5444979502,1809574.8347550037
360,0.2082374035407139,5.763892244252007,0.2082374035407139,6.398781725537349,0.15108713410169927,5.101738766146457,0.15108713410169927,5.736628247431798,0.16458232673845385,7.194313120808124,0.14593489980539773,6.284242149033255,0.14762678719736433,6.019608219614432,0.14762678719736433,6.654497700899774,0.3255352588324813,0.7467817784677642,0.25707756385644953,0.9604198479383668,0.8379188575026792,0.038660316974973956,0.49402470651251895,4.091654344148941,34.350908913760684,1.5727454166576222,1.8080905833442809,178.34900284217105,83.44454045695183,1.0613409912908098,0.0952823220790801,4.5062674256289545,73.55299204287425,12.930133478597643,2113383.0640431205,2743774.0338926036
361,0.20377902302337522,5.364734330773816,0.20377902302337522,6.010557294290271,0.1466287535843606,4.782905616257728,0.1466287535843606,5.428728579774185,0.1635434204159125,7.220221501558358,0.1447396759607995,6.113826774034007,0.14316840668002564,5.578557092458005,0.14316840668002564,6.224380055974461,0.18948378789859086,0.8158119547593512,0.37133176809607815,0.9795704224856193,0.8636061640439543,0.031073000106967716,0.908643870941162,4.336677468108394,26.742148980421288,3.032200144006766,0.5129646249965962,163.72755138770486,80.2428384770826,1.0558722013329345,0.10231513902348666,7.073818366235576,98.27065263535412,6.91487858238753,2096399.5942481097,2837625.9699695255
362,0.2049832687918342,5.61289047214394,0.2049832687918342,6.14756629098538,0.14783299935281957,4.873269777944662,0.14783299935281957,5.407945596786103,0.16652251289747205,7.162812562449316,0.14466308048148882,6.148123444685403,0.14437265244848463,6.158807662952302,0.14437265244848463,6.693483481793744,0.20542466783408037,0.7685330105806591,0.25175540891428766,0.9872064205803012,0.4095807152158201,0.03956596931653609,0.8163085708294984,4.968780770875137,22.205492205228115,1.832946212878784,1.042173944618227,177.5947047096717,71.80121871332085,1.1315104830390057,0.06360587217251035,13.19490157793527,118.6690223525754,14.068510218166839,1841836.375802326,2405203.443566869
363,0.20804824225333737,5.365754718352997,0.20804824225333737,5.757760457141744,0.15089797281432274,4.508561951211732,0.15089797281432274,4.900567690000479,0.16694116513846224,6.897489979523163,0.1463422518552956,5.629132873585453,0.1474376259099878,5.690558441791915,0.1474376259099878,6.082564180580661,0.27338710865842203,0.8417385981165317,0.30352946199852504,0.9054838356874874,0.79441921336789,0.03709378043086581,0.3488476868254734,4.556841670213886,26.73257515737176,2.5670534836777623,0.733213720874857,165.086000996687,42.470363523593136,1.0841733024843518,0.07470433719350303,4.291040633504485,47.70977768379494,29.4339055861916,1916899.8881377147,1958555.677682955
364,0.20959275264144722,4.723952321758903,0.20959275264144722,5.236021869691216,0.1524424832024326,4.330922585004028,0.1524424832024326,4.842992132936342,0.16384007381194568,7.50098081091627,0.14710446616962491,6.3306366605908755,0.14898213629809764,4.654963584778855,0.14898213629809764,5.167033132711167,0.34203059977802774,0.7921696808301768,0.3062049618754862,0.8735676413521534,0.7905802666790399,0.036815968599833215,0.4418551871111469,3.6552234864564603,35.69972644736946,3.2630100841495397,0.8253902068322891,140.16071842444464,83.70879762121444,0.9789420788968718,0.08058668454219348,12.96265029274051,99.10802284727596,29.74249616486821,1194450.490231893,1864718.0476063262
365,0.20740393604091367,4.656104036523664,0.20740393604091367,5.446883064442907,0.15025366660189904,4.202442654834856,0.15025366660189904,4.9932216827541005,0.16040161646574275,6.78690400470054,0.1453658797287404,5.979540823319089,0.1467933196975641,5.1171640352361285,0.1467933196975641,5.907922754729389,0.24278718348107814,0.814241091361283,0.19465736480976398,0.9960666971362453,0.6541631719475576,0.04238467205215462,0.9045654199859312,3.316555305059804,26.11501584650219,2.95848481293603,0.763622961235044,140.0719074054394,74.99149394649893,1.140815637998109,0.07697977949959384,11.837276564919149,97.89538835226303,5.792747174924396,1211257.5130388937,2827952.2396667833
366,0.21053234557804704,4.952700139216273,0.21053234557804704,5.6048056289230175,0.15338207613903243,4.490968724129975,0.15338207613903243,5.14307421383672,0.1690775848519182,6.857721482055131,0.14756795373563827,5.759961595152864,0.1499217292346975,4.475842636418419,0.1499217292346975,5.1279481261251645,0.3774851692715003,0.7303473993107833,0.27990302445007853,0.8210035406732106,0.6318928142591769,0.027812004280789088,0.5523585125825361,4.689093910209278,26.741161231958696,3.0375982599432545,0.9117184417011779,149.26264736883815,82.97585820462345,0.8633212195673651,0.08808546630861191,8.449607198648144,88.3837452809075,5.472736301609137,1663674.484847878,2629804.1571777062
367,0.20798208861486872,5.366359032145589,0.20798208861486872,5.814790691531735,0.15083181917585411,4.705698804861287,0.15083181917585411,5.154130464247431,0.16628298518521253,7.313876007045894,0.146147363305126,6.07900636562504,0.14737147227151917,4.672122878583469,0.14737147227151917,5.120554537969613,0.2728164589853237,0.7768210937605238,0.2312121390582391,0.9226389330352306,0.7206961897629487,0.03904085023257241,0.7317342128142563,4.449197743207023,35.36976981034215,2.544300746854822,1.1724845157873218,165.7513539122516,71.08402070609156,0.8208100051445748,0.09044623895469756,8.94467045232998,100.4666982555533,7.5965182818972155,1467295.023440173,1813325.7624912784
368,0.20658726300811114,5.643243558763471,0.20658726300811114,5.946415781682888,0.1494369935690965,5.041989888645049,0.1494369935690965,5.345162111564466,0.15947882290413498,6.870441045356356,0.1448361800117646,5.583509559804063,0.14597664666476157,6.243034892028813,0.14597664666476157,6.5462071149482295,0.360213844836422,0.7463525962592081,0.37682811174083397,0.9765150304110994,0.582919546502972,0.02879063598916951,0.20803839167213767,3.2662754071927456,30.041235952214286,2.103653727099617,1.032361734753578,174.40417689134836,88.16122459512071,1.1471319257198906,0.09993415287745336,3.6376448771532743,63.59986198285008,24.31053582261084,2127568.541425756,1760041.3006257243
369,0.21129155524764762,5.515813009056907,0.21129155524764762,6.153283136260445,0.15414128580863298,4.748631286217204,0.15414128580863298,5.386243650422399,0.16343270213129443,6.756114153395908,0.1468812232627783,5.893350769727116,0.15068093890429804,4.922204245927938,0.15068093890429804,5.559784429364713,0.3018602168875819,0.800713448356852,0.14402082370463365,0.8969003480986983,0.411225749449462,0.037416994636013154,0.8396524190363428,3.542443955696045,27.04509903751871,1.8220510786966564,1.427993050943262,179.23917712802222,69.5127376137412,0.8583389519198692,0.06817152124777129,8.468858453121086,70.35966790088429,9.82103876311697,843433.2973656966,2150697.475083902
370,0.2143709756178836,5.409947569045797,0.2143709756178836,5.940174788319196,0.15722070617886896,4.605880408745617,0.15722070617886896,5.136107628019014,0.17153405545326547,7.678326556957982,0.14833106116008882,6.5758288832376195,0.15376035927453402,5.421296128839627,0.15376035927453402,5.9515233481130245,0.4214165289862713,0.813563367804586,0.23912179440531375,0.874551736366736,0.8500689289929491,0.030350367398636665,0.2733293849068848,4.8374027217467255,30.628519686074906,1.635462960706535,0.9700171645901747,165.05770435899169,50.063442425732426,1.0029414980485927,0.0656512030160365,9.979844973666225,112.8213144534958,18.66933234921913,2016136.1170173227,2406036.4546058495
371,0.20876298063487136,5.084390702814697,0.20876298063487136,5.596011117367802,0.15161271119585673,4.376520251790431,0.15161271119585673,4.888140666343537,0.1648088877574612,7.294356964940989,0.14712823722724971,6.217267840557594,0.1481523642915218,4.663512229781488,0.1481523642915218,5.175132644334593,0.3773085603005655,0.7625753772719465,0.3754037098123544,0.8335717904195133,0.7712176707953464,0.03272112677921448,0.2642861787264752,3.912624104068419,24.45912586966104,3.6223526323917388,1.4822231839605706,150.2223887507721,48.90956022261157,0.8801368561340912,0.07303892626453976,11.65868369071428,56.78492843838998,0.8532321777360763,2398918.920436506,2606935.0831263
372,0.20945264322308615,5.301994385631914,0.20945264322308615,5.865601622199616,0.15230237378407152,4.556267094708519,0.15230237378407152,5.119874331276223,0.1667080945835266,7.69385927639029,0.1460843012740364,6.7238156583394035,0.14884202687973658,5.476638003743757,0.14884202687973658,6.04024524031146,0.28565734039198104,0.8239042027790437,0.19349595738031095,0.9583467604805821,0.8338603874273163,0.03537384634287638,0.5690886572336106,4.466978687982565,23.597856070280237,2.3557148292637207,1.8992220177683188,163.1956054633628,56.51569009030558,1.0457833824789982,0.06672245154449724,11.764893241786114,52.1312913383465,29.071497004761355,1933736.9896274258,2530508.967248054
373,0.20825137392829937,5.469229967767901,0.20825137392829937,5.869053306086505,0.15110110448928474,4.806124983334159,0.15110110448928474,5.2059483216527624,0.16516817715806648,8.104991006732458,0.14680286662912323,6.771952006817769,0.1476407575849498,4.751768277717404,0.1476407575849498,5.151591616036008,0.24040108866222779,0.8028068779782461,0.1945125257163316,0.8803115641391198,0.8318309112212381,0.039738042980705136,0.8775950383568796,4.064099237061919,29.40584762681654,3.8942848089790187,1.5901513528907654,166.53711722230855,71.44449081556073,0.8156889859692775,0.10577673903446046,13.229381098789478,85.0030690253806,7.1530889160886035,2211998.0854844423,2109924.3560890513
374,0.2127106459455975,5.025063236643461,0.2127106459455975,5.391120899938712,0.15556037650658286,4.346358970943238,0.15556037650658286,4.7124166342384886,0.1611907613249355,6.987421596529933,0.14632857256799656,5.756182858134867,0.15210002960224792,5.343430999258154,0.15210002960224792,5.709488662553404,0.4167096532333141,0.754786092187411,0.1948981635240727,0.9449985626514176,0.4007852741999348,0.03198129658784874,0.6730051241769128,3.111862766760905,35.34748252231778,2.90450460473817,1.9972355061851752,144.0052733248852,46.68360113111874,1.0945832656146814,0.10667100217638939,12.134103761551772,51.73830789560151,22.47346731721243,2445823.05817198,2074301.833214004
375,0.21574119237333117,4.990075029034851,0.21574119237333117,5.301274156961061,0.15859092293431654,4.231579041297027,0.15859092293431654,4.54277816922324,0.17011649148376293,7.71651938555961,0.14677046906250915,6.353978196789815,0.1551305760299816,5.466363417294205,0.1551305760299816,5.777562545220417,0.42650130041588336,0.8312344209864022,0.14297352868956872,0.971263949181041,0.7756495335279282,0.027477277963299174,0.7660701239562917,4.720561734781832,25.620481442662914,2.207196879825898,1.4554617886617653,150.5987567009134,42.07149052197106,1.1353044942254837,0.0720102317512259,13.941915689877552,58.6914150382339,25.815024941680946,1746625.933016257,1627922.0451106823
376,0.20675160578769852,5.06389466896878,0.20675160578769852,5.399827131524089,0.1496013363486839,4.316750787294142,0.1496013363486839,4.652683249849451,0.1643515741753417,7.2862983865633915,0.14583903819074107,5.932233577763394,0.14614098944434895,5.310829960694851,0.14614098944434895,5.646762423250159,0.2180087140746111,0.7952038316053883,0.21913862190050684,0.9023079098670029,0.7344928626155547,0.03346329200807924,0.21702717277244432,4.15252721416023,34.333774464899435,2.779973622015252,0.900244739893612,152.52094348218685,45.51773482659338,1.0692655512859823,0.09097781551955986,11.474617289545709,78.3519596780604,2.2302421804767736,1550449.6683695437,1517512.28177408
377,0.20640106585773382,5.3748047090501805,0.20640106585773382,6.0227695368454555,0.1492507964187192,4.619773041616609,0.1492507964187192,5.267761895228359,0.16477865902521677,7.517432793578206,0.14520819830619008,6.701165338491354,0.14579044951438425,5.792631410313158,0.14579044951438425,6.440518772215506,0.33621185797542813,0.7117335532327408,0.32118567726744796,0.9874617752424326,0.8886697678801287,0.03285321572383134,0.3760548558381858,4.373865631995278,34.42062482372004,1.9945040121269677,1.6391395035263083,167.82459398584143,59.842581167855016,1.106493640438225,0.06245242201561368,10.153506369312861,91.12342842914964,14.961726039119679,1272707.7889132858,2342958.919170656
378,0.20787950718996143,5.471432531602062,0.20787950718996143,5.942217970133356,0.1507292377509468,4.704175716706436,0.1507292377509468,5.174961155237731,0.16079087141794454,8.500260427156483,0.14558564551381512,7.317431816579344,0.14726889084661185,4.904005742691651,0.14726889084661185,5.374791181222944,0.27033621674740005,0.7496011538412496,0.18330484489299192,0.9595934232206063,0.8564012008832413,0.029560310151014825,0.5186792323192347,3.34827142277769,29.848318168340295,3.5099944167744823,1.5180744435265379,166.62547866222354,56.68233215292439,0.8543092293768918,0.10531436962448351,15.689231206627328,108.41516148641799,26.355655975984895,2194251.1447284915,2316890.737891732
379,0.207637227496873,4.876693331465241,0.207637227496873,5.378291290198939,0.15048695805785836,4.429514832056395,0.15048695805785836,4.931112790790093,0.16306869827357187,7.651223001378327,0.1459588586298633,6.478712341081565,0.14702661115352342,5.381619353602552,0.14702661115352342,5.883217312336251,0.21709427812182253,0.8228508706131378,0.1439659557615231,0.9498616865473738,0.9602378620032967,0.03573162417741102,0.47504446480289464,3.7828110687717986,33.35657635976236,1.5650178474416188,0.6101430368765761,144.180269513812,79.89426578616633,1.149825430855782,0.10299935753704537,11.733788463112067,80.70218178823484,22.2730050297928,1636814.2710095881,2084930.0687284847
380,0.20535851264109017,5.097798215540087,0.20535851264109017,5.748770055687644,0.14820824320207554,4.468663966712863,0.14820824320207554,5.119635806860419,0.1635023440830368,6.360485782103742,0.14552577038091738,5.41430668179992,0.1447478962977406,4.9735224533679965,0.1447478962977406,5.624494293515552,0.2694652896917245,0.7352874188187241,0.3771049142050086,0.8454603519454238,0.4037399075497207,0.03429014248156137,0.2648289825359335,4.1110390117225,26.263510278551156,3.4936814244658314,1.854440356683345,155.24106459204359,65.07063053612269,0.9657513515259945,0.09023459057622049,3.0606376006546503,117.01660449086779,13.01071922136109,1715061.0842510778,2657603.546192417
381,0.20815770295429176,5.640274736189003,0.20815770295429176,6.003068112885115,0.15100743351527715,4.8484823071202845,0.15100743351527715,5.211275683816398,0.16767399850096362,7.363284065256516,0.14646074671113216,6.220655327651072,0.1475470866109422,5.494172814557796,0.1475470866109422,5.85696619125391,0.31285367543724574,0.7382075046413348,0.2559862418667461,0.917190447011646,0.9221099235884536,0.03881240438766863,0.4805881124884719,4.681701636980218,24.54566530497111,1.7203103756487208,1.56475339564465,177.620370355924,64.39509902889355,0.9648093918814192,0.06194682356801696,7.126008203588571,103.32164195676518,12.959051819023097,1900518.3478101296,1881264.2879915158
382,0.2045984509817936,5.41225759630936,0.2045984509817936,5.865832877219097,0.14744818154277897,4.526063981722622,0.14744818154277897,4.979639262632359,0.1605877784905343,7.576574260667433,0.14559316894913804,6.550023426859272,0.14398783463844403,4.855663479801517,0.14398783463844403,5.309238760711252,0.24856117957078927,0.7145358842188974,0.38489140437675107,0.8149123256225321,0.5892623210328716,0.0312282779081782,0.6883138861263643,3.461585308330814,24.08230507691874,2.3798417275942407,0.9077836226106566,167.1950288230936,40.503235935510155,0.8575774144296462,0.06278776153679343,15.619054873574436,92.39761249472541,28.546140005292116,2011653.9848396583,2226289.2308086427
383,0.21162160919426776,5.739025141135735,0.21162160919426776,6.012313112264646,0.15447133975525312,4.890046821657095,0.15447133975525312,5.163334792786007,0.16417218248913862,6.951528222797599,0.14847859757090942,5.638504094149415,0.15101099285091818,5.4804957859201995,0.15101099285091818,5.753783757049112,0.3123427056090742,0.7725137089748685,0.1782891821688566,0.8184548521060948,0.9239208917366994,0.032719288021081885,0.255542963459998,3.3850989285190636,35.179186357261656,1.9738590155096352,0.891785852815681,176.65539091275508,55.17697560116122,0.9373895849347537,0.08154827054334793,2.20585257551772,69.16651612822304,22.702641214492985,2164824.9737293664,1642604.715264119
384,0.2132638549517032,5.634873894557655,0.2132638549517032,5.965249037674412,0.15611358551268856,5.015642933559528,0.15611358551268856,5.346018076676285,0.1617521148018094,7.047913065029022,0.14735890603761229,5.843089951329657,0.15265323860835361,6.224606512461047,0.15265323860835361,6.5549816555778015,0.3647709096392524,0.7329568601736709,0.11438215576299174,0.8789697230658103,0.3691027702173384,0.029050387855118306,0.7798412595657536,3.027547931283231,26.97881303458,3.503595588659988,1.5662095696790048,176.97924935618548,88.35920289564746,1.1425595826757982,0.06261369126677216,8.946476246279815,105.28278401099874,21.821943787923708,1854619.6322931498,1733743.2593516707
385,0.21157028428412591,5.1237256972255185,0.21157028428412591,5.8405091338454,0.15442001484511128,4.36394643698466,0.15442001484511128,5.080729873604542,0.1709098886166438,7.311305288914564,0.14836854538642705,6.244557111222771,0.15095966794077634,5.5346938756172,0.15095966794077634,6.251477312237082,0.3025677662126584,0.8291827470502705,0.2072683114835477,0.8330442920122629,0.7394255619153047,0.041698683008651344,0.8603330909129554,4.8582709889997595,31.412939457759794,1.8395150552797528,0.910417058733,152.80066869161078,43.9415747791688,1.1150658779730331,0.10177492228070126,8.57287633779173,89.01072379889997,20.011394633513603,1984867.6524436679,2955938.6899114433
386,0.2109569828544924,4.9249959160841685,0.2109569828544924,5.586817945200375,0.15380671341547777,4.242661091488141,0.15380671341547777,4.904483120604349,0.16211532511787907,7.890159556990663,0.1471115373687289,7.152927021895715,0.15034636651114283,5.207888634024423,0.15034636651114283,5.869710663140631,0.29571616618084084,0.7747129982678428,0.10063841497074962,0.9269718260934546,0.8969126297893422,0.04206277592191432,0.9649406993401637,3.208134240309346,33.66204571335599,1.2515892815923344,1.7828338196301157,146.24199123726916,48.58770746842241,1.082758629762552,0.06964433313069034,15.184713846246765,114.16893862912828,18.26766720536677,1624660.7340618907,2578492.322718216
387,0.2086046006028283,4.759340477539823,0.2086046006028283,5.074245662279745,0.15145433116381368,4.3593579819747,0.15145433116381368,4.6742631667146215,0.16859621526568067,7.678095912121351,0.1458292971037165,6.346393151944572,0.14799398425947874,4.482628802149209,0.14799398425947874,4.797533986889132,0.25999776469001445,0.8415135993990452,0.18385152303174662,0.9903645033407535,0.9537621085778512,0.03866477859331327,0.7606681886869724,4.9606999575815625,30.86828060437451,1.4543169528943516,1.6266279134055925,140.32495985451087,82.81643580381578,0.9156361924707461,0.09360422647237313,11.797759199129588,99.19663430556635,26.025547382725108,1581685.6820584051,1500256.2255230355
388,0.20844240442295078,5.274310034624905,0.20844240442295078,5.914018362975022,0.15129213498393618,4.555858292561122,0.15129213498393618,5.195566620911237,0.16632001235982982,7.197877800857372,0.1460342312542256,6.12044168643685,0.14783178807960123,5.220682956366405,0.14783178807960123,5.86039128471652,0.2756852198498887,0.8460362643887998,0.29466347734188614,0.8963610739751557,0.4493159327259001,0.03348855903207826,0.7998585998733247,4.473298557631649,34.72647140373687,3.658912963034945,0.8725556717564051,159.34609076508218,56.52700289533185,0.9856018618033958,0.07249650652672443,12.559573586595068,80.28576809366693,17.47302559839642,1831847.0665819915,2609492.771740727
389,0.20653022920255754,5.6546806236021245,0.20653022920255754,6.112045772446496,0.1493799597635429,4.897727768195799,0.1493799597635429,5.355092917040169,0.1626578082992906,7.076993174016328,0.14631686940022673,6.038636587410552,0.14591961285920796,5.597939107655934,0.14591961285920796,6.055304256500305,0.3106076203667102,0.7463020264110911,0.39522125067526337,0.8070763431874961,0.6633561046636101,0.02774128338813116,0.6852799676247736,3.704781289457939,23.99051131104089,2.946521192029224,1.9101101848617257,179.82701652503272,71.50203318126172,0.9865007509289361,0.07556611287860214,6.424118381599456,99.72826227523558,17.440978048646553,1706190.461923763,2074844.3951548324
390,0.20605252519858944,5.444654777342576,0.20605252519858944,5.937676878490832,0.1489022557595748,4.657192382537037,0.1489022557595748,5.150214483685291,0.1670548553031181,7.766044744340325,0.14604068420430463,6.772947114293207,0.14544190885523986,4.962295369071658,0.14544190885523986,5.455317470219912,0.23457646901640986,0.7227666414859466,0.22815036276154588,0.9160998230728782,0.9380491334219849,0.04105150138137302,0.20630686841921878,4.744919458040812,28.334903488872456,1.6450737271162317,1.4386000022267078,166.57233293793945,53.96539922291461,0.8761113557420278,0.06177837163317032,11.547374369540783,76.86556264344742,8.496341021867702,2108218.8305778755,2361055.199245275
391,0.207677440947019,5.3321895276298,0.207677440947019,5.748862824603001,0.1505271715080044,4.535830556780039,0.1505271715080044,4.95250385375324,0.1616798487578337,6.960308399601144,0.1456002696164699,5.732312682249159,0.14706682460366946,4.959236168151722,0.14706682460366946,5.3759094651249235,0.32418574535710887,0.705879729704759,0.27041931197009184,0.905939718050353,0.4232534580207581,0.03049281705307639,0.648696360692568,3.5688627772022494,31.682668073418327,2.9458049916676066,0.582243978563499,161.00142497929002,47.04890948004035,0.900896630966,0.07715103847157355,11.396876874511792,60.197562293414265,12.396423613865114,2071774.2762613127,2071398.4133161344
392,0.21427761485325109,5.3977011762113,0.21427761485325109,5.906532613379452,0.15712734541423648,4.700108354655977,0.15712734541423648,5.208939791824129,0.16792581728012232,7.152839347605081,0.1493333988806796,6.045928880219641,0.15366699850990154,5.608196227449335,0.15366699850990154,6.117027664617488,0.3436977322485367,0.8208110851309669,0.14833442847775757,0.8405716336694186,0.9855800211846906,0.039237592746368385,0.2219972069632422,3.900311116951788,29.859804388173256,1.8204007247105065,1.6358971517373626,164.46918715208875,64.51835461658209,1.054754643910055,0.09377313242868834,5.287997564709286,94.89038895110842,4.2580487795618405,2057201.1183837403,2364041.139244305
393,0.20705499862124294,5.015210703512976,0.20705499862124294,5.470135053401179,0.1499047291822283,4.522455268795058,0.1499047291822283,4.977470976510876,0.1658553414286584,7.712841684233583,0.1463103605183659,6.481860137665732,0.14644438227789336,5.431776961853715,0.14644438227789336,5.8866240795375875,0.19121779348414408,0.764202089524097,0.11871230616669123,0.8537183777321025,0.7959285206632202,0.029677827514885433,0.6887523686435517,4.390901359051902,33.60177535844421,3.689622646402138,0.9481153262164363,155.6362852991447,85.01130407792468,1.1144870384734402,0.07347797671827608,14.476425556867284,115.87870476896347,7.890303204861678,868298.859168423,1535474.08067096
394,0.2048302295784223,5.196097705210799,0.2048302295784223,5.579559640661171,0.1476799601394077,4.5271739144913985,0.1476799601394077,4.9106358499417695,0.158592459939534,6.534274148093496,0.14497093092748883,5.564419251746505,0.14421961323507276,4.6319269244362395,0.14421961323507276,5.0153888598866105,0.26032384586684476,0.744920703310077,0.3484194573815885,0.9849916118636082,0.939105766354837,0.031147155186810008,0.658417982950962,3.098717778604925,25.780338029367353,1.1909623601126453,1.8104142848438325,159.1124847976248,63.383058646649744,0.8483054609424872,0.06717560678337363,4.224464266919476,92.1845501072682,13.172126122384455,1781025.351108755,1869878.5798525237
395,0.20771629332914576,5.515218184448025,0.20771629332914576,6.072059032096355,0.15056602389013113,4.9003807819757395,0.15056602389013113,5.457221629624071,0.16019017084906936,7.1445985627834245,0.14600528983759398,6.16385221994042,0.14710567698579619,5.1490892421727015,0.14710567698579619,5.705930089821033,0.33406993969516596,0.753558694793618,0.3546219324679001,0.8518346569830949,0.3593183724642973,0.029208785655960582,0.28165105211644437,3.163525419760431,31.43362074995212,1.9354652995990338,1.577508886718097,173.85680261775076,85.63562681863462,0.9099039009104757,0.10815043668023089,15.947566452805706,100.4629455108259,1.864604991775275,1394653.4670459945,2144906.0619357536
396,0.20934512329522378,4.811996757071871,0.20934512329522378,5.497615677857189,0.15219485385620915,4.08861160084258,0.15219485385620915,4.774327357818911,0.16425586317933302,6.436019818578741,0.14600426327588392,5.436323758311418,0.1487345069518742,4.809606802205922,0.1487345069518742,5.495226166093575,0.29446924298478294,0.7346905084305292,0.13853281169831416,0.9441271987951034,0.6189310236434364,0.0361891722381466,0.4836563815760645,3.9634999744948027,22.587937430224557,3.7610411266860746,1.9378801168721438,149.08614899050536,45.43172978265067,0.9993142978816272,0.10161631742624155,4.724651782925127,50.783449553660766,18.975721683707363,1037724.0550510157,2438194.7786426023
397,0.20987023174835462,5.499254207057648,0.20987023174835462,6.206222136178086,0.15271996230933998,4.862673283937464,0.15271996230933998,5.569641213057904,0.16875596531227605,8.390933312306153,0.14652757584292456,7.357875713497072,0.14925961540500504,5.857293369535175,0.14925961540500504,6.564261298655613,0.32029181397100615,0.7246535445650963,0.1498347303899471,0.9421259740586981,0.9428028249989953,0.036818162340148945,0.2607343674014215,4.802981200276073,34.14389767742893,1.8484502832671694,0.6662011896921098,171.2025106017947,79.9834798866249,1.08947135579614,0.0875636046250956,14.50692353549995,81.700680326098,7.4770060306952395,1550760.3838873548,2672249.54437897
398,0.2077820789300243,5.082963395864096,0.2077820789300243,5.838152230911045,0.15063180949100965,4.429063879128139,0.15063180949100965,5.184252714175089,0.16970909128597994,6.490270737723826,0.14759560933382,5.705526769300491,0.1471714625866747,5.152098331351489,0.1471714625866747,5.907284318725142,0.3541283957147451,0.7013435460263782,0.3426574457005222,0.8061024383303041,0.9559626438306823,0.04158133793494523,0.7663820914037893,4.95741465774843,25.94004924125273,1.450295049286622,1.9375715255099484,158.16277096350146,64.5109633625377,1.018699888750396,0.08016672105499963,2.9185975335268637,112.64351272958089,9.945258871707697,1242009.5467328264,2734848.272102832
399,0.208204682561055,5.726265637678439,0.208204682561055,5.943120075009348,0.15105441312204038,5.06962306566588,0.15105441312204038,5.286477502996789,0.16375073537635726,6.947105172407666,0.14586811820353351,5.6317921506527275,0.14759406621770543,5.177866022452957,0.14759406621770543,5.394720459783866,0.22646924029816973,0.8007137761017465,0.1153237530426167,0.9386573585955216,0.4651958833684849,0.04267364418814011,0.7949806247805531,3.93407923005367,23.648085816546057,2.753848732286115,1.908662456120762,177.83282146999,83.81428386878697,0.8680683975652154,0.07527667115316897,5.7216711180096915,46.82657526664045,18.396867612143303,2412454.0858200556,1705800.4307180438
400,0.2072851761460052,5.014004720993448,0.2072851761460052,5.319843013562874,0.1501349067069906,4.268083499797567,0.1501349067069906,4.5739217923669955,0.1596040138429975,7.228486951484257,0.14616412187761502,5.96396840151885,0.14667455980265565,5.5401768767198725,0.14667455980265565,5.846015169289299,0.2960767008379333,0.732192255755404,0.2940055258564331,0.8722769884547916,0.6283012934238483,0.03410082699819889,0.526098696054518,3.0038499766156948,25.635748182718636,3.0488827055602954,0.7555697760542046,150.42610738382817,43.66104620271315,1.1496470843925994,0.0782204309686593,12.830704316640897,91.78182836159183,27.28351220978472,1909689.278182019,1696669.0416803395
401,0.20698508591962217,4.911018858686181,0.20698508591962217,5.45350310424767,0.14983481648060754,4.2780653739365535,0.14983481648060754,4.82066697032012,0.16784491931120202,8.069910767747606,0.14611513357013056,6.854161967215025,0.1463744695762726,4.886069532599258,0.1463744695762726,5.428558403814918,0.31950321265091086,0.7038273790208986,0.2939271751584171,0.9133436850899269,0.8962302818242527,0.03662585610458095,0.8282692328475953,4.858601140445411,28.904128773682558,2.017024839168,0.7878665707871135,152.29515682966104,61.54233491280091,0.9929926176445711,0.10112884838924036,15.201765152571367,82.98918892390344,25.060941376454355,912809.4237399288,1869731.0659570713
402,0.20570298193845504,5.508258317314922,0.20570298193845504,6.1193790610631735,0.1485527124994404,4.613002524302414,0.1485527124994404,5.224123268050667,0.15958488873003845,6.967086400237572,0.14625211168708754,6.1527055372628485,0.14509236559510547,5.17105435922877,0.14509236559510547,5.782175102977023,0.2769990565086375,0.7155927414597356,0.36123170331083476,0.8159115605230108,0.8369925723574412,0.031240410456112748,0.2081618762431189,3.043171396006061,28.09771673500089,1.4982233216786127,1.7819369137885845,172.3008720502108,44.16675471056431,0.9162723690408769,0.09278573368529239,5.790881382988115,113.57294802785663,10.211025709490041,1706660.3880925642,2512108.2859643307
403,0.2066782550336508,5.59739379425785,0.2066782550336508,5.836470059343497,0.14952798559463618,4.864342914697986,0.14952798559463618,5.103419179783635,0.16610508468825907,6.960186920096553,0.14602176271781075,5.429719151447158,0.14606763869030123,5.391006783982379,0.14606763869030123,5.630083049068028,0.27159409355677805,0.808025283048462,0.37389511714184764,0.8555221627495184,0.35431206251453595,0.040057861688136145,0.7280372343937591,4.5286454944577965,33.93952222518732,3.115628917094842,0.509611271703408,169.86133880755565,64.88070859265717,0.9480181858583958,0.08841568143298467,6.092196233440001,81.15069231439035,15.867105848160511,2317330.0907290727,1627594.6260382712
404,0.20432053905780395,5.365522080420475,0.20432053905780395,5.83492790656125,0.14717026961878932,4.485087826005811,0.14717026961878932,4.95465688639054,0.15842444927223262,7.04840208686211,0.1447041332247771,6.122514425817433,0.14370992271445437,4.978583975653181,0.14370992271445437,5.448061540880288,0.18177690866675453,0.7959505030291534,0.29644360457655444,0.9492997996154232,0.5425652526004063,0.03307233480807582,0.6559177316867439,3.147532058352035,33.05740264817114,1.0768004320591267,1.8249942377778117,170.2829499221384,44.26385919894103,0.9028028740201057,0.09716860287398665,11.701200906469339,104.33468514871613,11.772175871625368,937639.4940660412,1618564.5816912039
405,0.2071150263012599,5.5971529049992785,0.2071150263012599,5.911704405948854,0.1499647568622453,4.884820073994227,0.1499647568622453,5.199371574943804,0.16603254473508672,8.423219517278623,0.1458031206384417,7.044392971473357,0.14650440995791036,5.330375690389256,0.14650440995791036,5.644927191338834,0.2597057197923755,0.8121080934749484,0.27381931585876523,0.9589709958581369,0.9219824065710307,0.038318929674880146,0.202072181183983,4.496382605468673,27.484534326195835,1.830991117893608,0.6357267438621669,177.39413821094612,75.35491390197713,0.9356611811349222,0.0910443136294252,14.9002154055168,46.462499615463344,17.618269703909547,1555837.5650648724,1516980.2556027162
406,0.2048920979522165,4.790488425183228,0.2048920979522165,5.2813720296115925,0.14774182851320186,4.375888041460942,0.14774182851320186,4.866848513616614,0.15986942734667503,6.640481007318523,0.14522508815540347,5.565225038015003,0.14428148160886692,4.580487503341211,0.14428148160886692,5.071410042353883,0.19814752605832683,0.7305162276035007,0.24684742273410315,0.9054015331703126,0.6880950215905215,0.03141277828706242,0.7067068523167435,3.3487273416372076,31.00392124126668,3.1611210199574002,1.5105265195944053,146.36325413481921,86.77535704132973,0.9386277235113307,0.09474712678842528,7.020207455531526,48.317427690356645,27.96514720880054,931075.0509375458,1700739.3294559016
407,0.20622569466886773,5.272952086837594,0.20622569466886773,5.841841084880279,0.14907542522985312,4.597395927855832,0.14907542522985312,5.166410175340264,0.16513900452372676,7.345835152715509,0.14547518457087635,6.223647532899765,0.14561507832551818,4.948789715477279,0.14561507832551818,5.517738813861746,0.3625615443316532,0.7103256062398313,0.3607247019275718,0.9764147795975886,0.7557723931824728,0.0429769564771917,0.8907668609054933,4.407974941911553,32.737143365008066,2.4281014659610376,1.420596848461481,165.67730649379763,68.82571860894006,0.916308247165018,0.10601516677914594,9.384535995448637,61.17583453693837,13.659967700241559,1039925.8385507837,1983045.8209671848
408,0.2045997667126447,5.281774006657979,0.2045997667126447,6.127573123547911,0.14744949727363008,4.483825609211639,0.14744949727363008,5.329716234561291,0.1623133477507904,7.280837284058332,0.14503651293641734,6.590007330201465,0.14398915036929513,5.367403593947836,0.14398915036929513,6.21318683494372,0.2082206665789059,0.7935126256362065,0.3180946878585078,0.9833955160761363,0.6823626639353007,0.042599891282371724,0.6854966675482761,3.944050541050582,26.967270136846118,2.444347466618819,1.64177135583608,166.9541002287953,52.747273172372594,1.0219386474894567,0.08529047837845902,10.650751953724125,94.66467803462216,23.105714633094472,1159308.3513042282,2962402.5197605947
409,0.2044620799119882,4.820536886739008,0.2044620799119882,5.135861330827146,0.1473118104729736,4.089824830977554,0.1473118104729736,4.405149275065691,0.16601176419436833,7.18272407025608,0.14496916615670402,5.8908173925680245,0.14385146356863865,4.188469909685217,0.14385146356863865,4.503794353773356,0.22782000368430189,0.7516637121677255,0.3367637825957174,0.9626732554493898,0.8027611663888023,0.033574297231567504,0.6391343809832867,4.820358958422775,24.757301645551607,1.295686102094879,1.3363468361483026,144.69079558386784,40.024849665668825,0.8131101088209193,0.09218558410282604,11.173791920088076,105.67633718177972,13.46052155956024,1598743.844438498,1567058.4186181293
410,0.20609835033880952,5.393256689157267,0.20609835033880952,5.794238103071003,0.1489480808997949,4.729321211715194,0.1489480808997949,5.1303026256289295,0.162364729358381,6.875521261989386,0.14525895241030337,5.656100284234789,0.14548773399545997,4.949888761671912,0.14548773399545997,5.350870175585648,0.3216105845204736,0.7493016063274938,0.38059906462475956,0.9301316030289256,0.503391942197853,0.03549511505435409,0.4558917405964047,3.854090875500478,29.122670666222753,3.2044226767749215,0.7670823811935124,161.40485986807462,66.36123013481397,0.882480135609572,0.07229049833959596,7.230574809144086,90.4407023003057,14.738206543529765,2481373.730156614,2264285.696753228
411,0.21199644140977333,4.904530351601707,0.21199644140977333,5.362620816019846,0.1548461719707587,4.209204981456935,0.1548461719707587,4.667295445875077,0.16740576065634208,6.710092798198436,0.14747841839420667,5.408776218322196,0.15138582506642376,4.76657786997019,0.15138582506642376,5.224668334388331,0.44795770133414886,0.843836448568627,0.3789596451939955,0.8908399616875629,0.5516305746534724,0.042658459261233364,0.2950252020342823,4.240282265456292,31.43806509147938,1.9369110145335564,0.5300097952852936,144.71544160034577,45.07810529830253,0.9592170855619918,0.09574500021465882,6.373578873077795,55.458519292621276,29.09047236800238,1806971.6390743144,2058875.387469139
412,0.20813407945679688,5.144707900044693,0.20813407945679688,5.600428994376873,0.15098381001778224,4.409629681369144,0.15098381001778224,4.86548706065011,0.16288595563377253,7.076584952820488,0.1465006787347557,5.976206097635112,0.1475234631134473,5.349772143532168,0.1475234631134473,5.805455218549923,0.2854126164160377,0.786949604480932,0.30036912738860894,0.8470259548622497,0.5874168329497005,0.0305278741512324,0.4901058406058509,3.642341929535827,32.009077350866534,3.4337912042148457,1.825422933737104,161.1202220339678,55.9065254502156,1.0544406092705965,0.08109325455590095,11.028863185960228,117.90539526496016,8.419728872114167,942969.2319644897,1590916.6349892286
413,0.2066408542550646,5.062510531141432,0.2066408542550646,5.940241683257966,0.14949058481604996,4.535712370024514,0.14949058481604996,5.413541191557152,0.16347505570264564,6.3828940751831515,0.14634761676800268,5.80283848982376,0.14603023791171502,4.689092667064428,0.14603023791171502,5.566893051588056,0.2619091555516683,0.7319194260193328,0.266730693487795,0.8881462548231596,0.8266034850043806,0.04207907006880163,0.7851135105738187,3.8506578814423618,30.99332728220122,1.3125379533093855,1.1269383583581023,158.32079880229054,82.88706071898392,0.8991118388168602,0.06445975803859069,4.316958284640357,104.86260932078024,4.555940371704387,887263.6207374822,2883999.1477841013
414,0.20914346978170842,5.267796736051598,0.20914346978170842,5.648163787413485,0.15199320034269378,4.72174098924856,0.15199320034269378,5.102108040610447,0.16360676150803016,6.693298151894347,0.1479157781388508,5.591350753318915,0.14853285343835884,5.619850694720792,0.14853285343835884,6.000217746082679,0.22320577954080228,0.8120629391559709,0.15252670307011315,0.80861895786778,0.9736949467880236,0.036333965874574194,0.9782802573730522,3.468720153696518,35.98361113762981,1.6636770001813872,1.171314166765104,158.37352957009531,80.14571290341541,1.0951021316388754,0.07123457423152882,3.7275949370129347,40.393007658566944,17.589275223469617,1874089.2342578312,1815122.024019802
415,0.21248180947408668,4.714559060079672,0.21248180947408668,5.206902649080071,0.15533154003507205,4.05652602066751,0.15533154003507205,4.5488732951079225,0.164276901496151,6.394624780713647,0.1470882898171513,5.228737861382967,0.1518711931307371,4.391171883896076,0.1518711931307371,4.883519158336489,0.3805820390557633,0.845751743661251,0.27455783293171376,0.8961532177407093,0.3583698811173307,0.03593749209539587,0.46758284018073326,3.63566730313636,30.819125055152625,2.882507129031106,1.8361136191775125,141.65839370459722,47.292592003687425,0.9023349567458884,0.10517639000121079,5.509487652471366,88.90373405515675,27.445770291534213,1139131.2010559973,1815173.2169551672
416,0.20955442491301043,5.3120983083920725,0.20955442491301043,5.630021415994749,0.1524041554739958,4.715718638441597,0.1524041554739958,5.033641746044273,0.16516027622456103,7.288379205139954,0.14725568175197723,5.901280167009655,0.14894380856966086,5.422331133632618,0.14894380856966086,5.740254241235293,0.25137883211205614,0.8328185300273001,0.18919184073667789,0.8536105257192456,0.7524048098543874,0.03592282397127483,0.5300999240323178,3.922289749224263,24.92530066419525,2.7986566767845775,1.0302371290803813,165.71481529640306,80.1594764990123,1.0284585793465948,0.10142524690667382,7.9242161728722325,104.32034973382109,23.408440153934134,1592533.1106965644,1568839.9656564195
417,0.20525349159598702,4.902286505268532,0.20525349159598702,5.168490267757941,0.1481032221569724,4.389197760655659,0.1481032221569724,4.655401523145069,0.1616811454027788,7.832188237995777,0.14545818823549397,6.454377019939845,0.14464287525263744,4.758971900178724,0.14464287525263744,5.0251756626681345,0.2879304816435386,0.7285666197414474,0.37230210798286156,0.9132220326467297,0.989662361477661,0.027047777898642666,0.5536733699399603,3.6939447124102314,22.168964013664052,3.6728267940219106,1.0199155288447885,144.84195879263686,71.21016382838673,0.9576688880294892,0.09229857322875967,12.8305120860526,89.65893259673963,21.370218627510887,2165120.670262769,1738784.8263646516
418,0.21089755384655717,5.416867048195435,0.21089755384655717,6.037288631347418,0.15374728440754254,4.718537978479478,0.15374728440754254,5.3389595616314605,0.16542040543359376,6.675875529516135,0.14778982797812473,5.684363331853827,0.1502869375032076,4.838112760689605,0.1502869375032076,5.458534343841588,0.3784569184683306,0.7761091748114224,0.3108020946578762,0.8240216555782388,0.577572878483587,0.033605224176529704,0.5312373955547028,3.826991754814438,35.462802814292914,2.149055862738131,1.01965644997943,161.38301530328428,61.386118456569854,0.8465736297277244,0.08198709305781537,4.015525795193976,54.35168611429244,4.67569771035385,2356771.508857184,2819819.55181301
419,0.21062570702026218,5.336727795146276,0.21062570702026218,5.643365679429827,0.15347543758124757,4.768017053004328,0.15347543758124757,5.074654937287879,0.16219706992841992,7.626821361611487,0.14648828958819837,6.398114736945532,0.15001509067691263,5.480947323793934,0.15001509067691263,5.787585208077484,0.3755180812418115,0.7421614722372997,0.22722400612257454,0.9250313332333061,0.7534328599743481,0.030117798900331682,0.9180690834331979,3.3718708841645904,27.493941507683253,1.2847597933954726,1.2594905824966782,160.0850010470869,78.54798794327434,1.0385422481847133,0.08691942136531143,12.94462121041062,107.46943124696615,6.9816090482269155,2399340.1384564713,1940464.1669716262
420,0.2095688696442516,5.172773546991663,0.2095688696442516,5.537704525599136,0.15241860020523695,4.417269698733746,0.15241860020523695,4.782200677341217,0.16715130191377559,7.0330817061501,0.14685155252065094,5.70815137683883,0.148958253300902,5.275478257822169,0.148958253300902,5.64040923642964,0.30241200230810006,0.7114353570363317,0.18082985160536758,0.8454891860667995,0.4071710439646571,0.03296144789776717,0.3246651594249823,4.452040642134934,25.83058173738668,2.548199513498193,1.6469265346248254,158.0756426533438,49.828411706567834,1.027796430102482,0.1013434902702377,13.680259686566096,67.75330825378734,6.490819115923614,1784252.8115400379,1808223.519222418
421,0.20892448249150752,5.635968685265044,0.20892448249150752,5.837972965156736,0.1517742130524929,4.959462001926929,0.1517742130524929,5.161466281818622,0.16206278888762357,8.481073200757416,0.14627712877189586,7.053631575151393,0.14831386614815795,5.300223589387067,0.14831386614815795,5.50222786927876,0.334180095519016,0.7390783925663793,0.23305335915294925,0.9481291930809737,0.9233920487834997,0.03753643749463722,0.858038744877659,3.440858854806174,31.85961009000723,2.569148035195465,1.3946598499454974,171.58082826291792,74.58845198631522,0.9162847588068856,0.10349016318571264,14.543863248055729,47.121904099228885,15.732167816118821,2395063.500075428,1570478.197328049
422,0.21522194014127866,5.6100565811263445,0.21522194014127866,5.876819564442986,0.15807167070226405,4.915042378839979,0.15807167070226405,5.181805362156619,0.16782925562562245,6.809367499246696,0.14978819230381898,5.527732206172095,0.1546113237979291,5.093620739715423,0.1546113237979291,5.360383723032062,0.37821594059734787,0.8184346899074362,0.1886886921613301,0.8156448991341574,0.6079086222979408,0.04276468683869107,0.5097656710371596,3.768175019035628,35.003872111527706,1.350998059070026,0.9896047446792464,172.63351853702724,73.17957834111857,0.8720162391023274,0.06794075293396168,3.94141600794396,80.0334464423662,8.552952570229776,1967521.8282871845,1521411.907608503
423,0.20818172057993262,4.785229051849322,0.20818172057993262,5.150124732005672,0.15103145114091798,4.08635596252953,0.15103145114091798,4.451251642685879,0.16014180233972775,6.181635343562779,0.14499766436377537,4.982824882212217,0.14757110423658304,5.003287435603614,0.14757110423658304,5.368183115759964,0.2440114110207936,0.8341842745926149,0.17888148274381435,0.9691274190226398,0.33481373627752836,0.03107804514213587,0.44585853423689126,3.320170439860685,30.550191049463486,3.2908716139265035,0.940202693019689,143.38721251040067,43.422592043284055,1.0650617861332345,0.060015562229993984,8.987977129498185,86.5922128083517,1.3472001206869166,1327565.63120108,1528880.752798376
424,0.2055973563495429,5.404567162961483,0.2055973563495429,6.1427728181920775,0.14844708691052827,4.8066864223569965,0.14844708691052827,5.544892077587593,0.16092290957913874,7.562103598303276,0.14604931644530703,6.791094342658713,0.14498674000619333,5.871936371072602,0.14498674000619333,6.610137696638066,0.2553598684681522,0.7221002018552942,0.3443807852570141,0.8145629445857594,0.705187438036895,0.029843041712955678,0.9878845313128919,3.3998874014576224,25.888485654910927,2.724265273572941,1.3765502501046758,170.6946140264909,85.04146599107764,1.117138557055247,0.07817430846678491,14.252470473461296,41.49665962365081,6.67544844988189,1412071.755700213,2773114.436652108
425,0.2058723173471315,4.6925098757721235,0.2058723173471315,5.512511682902823,0.14872204790811686,4.016449575609702,0.14872204790811686,4.836576725650915,0.16514284482298502,7.320864675233338,0.1455021631206535,6.656996413021952,0.1452617010037819,4.9176483936995705,0.1452617010037819,5.7376084597058465,0.3158953069753241,0.7225214629039605,0.3420562493131051,0.9734349837886794,0.865460557194969,0.04153409118314086,0.5778020348394152,4.4219282512413445,26.133672655081487,1.2164365097256744,1.6799997480157784,144.18790079137693,47.42268197837904,1.0667888663918963,0.07436515579862071,13.523394534636395,57.45068552459937,12.480453614017886,859147.129297405,2732807.9688877556
426,0.20729629759868673,5.664762124294456,0.20729629759868673,5.935260796597695,0.1501460281596721,4.97681464822298,0.1501460281596721,5.247313320526219,0.1642084873755808,7.16331213160159,0.1461166717113456,5.633182787406764,0.14668568125533715,5.278939304162881,0.14668568125533715,5.549437976466119,0.21975261232456617,0.8088876760733503,0.25339266530561577,0.8199862083927043,0.3613660677936954,0.02734294263910676,0.6696269504976076,4.067380232996192,34.74153248585077,3.991900133979831,0.6543068317260635,175.31127732120558,76.72941978723549,0.9058453719458838,0.09507784939392325,9.128235722267664,117.72963027360825,7.0713436696388445,1932363.4640308286,1512521.6528323183
427,0.20600690629649512,5.098553722202052,0.20600690629649512,5.899402801456622,0.1488566368574805,4.473338807903199,0.1488566368574805,5.274303803233651,0.1666565308610358,6.215771730444223,0.14538842500898222,5.451319155097507,0.14539628995314555,5.4275137651228516,0.14539628995314555,6.2283018545378885,0.22424375667349744,0.8206046873385815,0.31258400831069033,0.9053959470912871,0.409869014219586,0.03736721453958902,0.5130059080822538,4.809105147593911,31.03213344132913,1.6244937409680889,1.7361614048286818,159.72277805165947,70.13818903399829,1.0880966477264375,0.08815698138309976,3.120347926389033,53.976926065882566,3.2097763314684435,904837.3187443498,2650464.301082163
428,0.211039694581647,5.527286917278397,0.211039694581647,6.075181159518955,0.15388942514263237,4.877379045171301,0.15388942514263237,5.425273287411859,0.16733168477622543,8.280107410021571,0.14708772307060472,7.034310996237034,0.15042907823829743,5.976127217496018,0.15042907823829743,6.524021459736576,0.33866100585110065,0.8356094574531863,0.25880603402634883,0.9023797902416728,0.7546232965343745,0.03609435829063582,0.7669693583807595,4.342594611392876,34.26686278771922,3.9503247906923713,1.1811191022229524,172.58515834361887,79.44783374867978,1.1112633197600204,0.09111781049948176,14.959177717908274,58.79990626470128,22.900982519035093,1520518.4120651553,2160496.5964264283
429,0.20553598173045795,4.889485222924073,0.20553598173045795,5.5064127929279705,0.14838571229144332,4.465635600813502,0.14838571229144332,5.082563170817399,0.16342194623558692,6.309537856145823,0.1458053602158605,5.3683201726158964,0.14492536538710837,5.38657556072597,0.14492536538710837,6.003503130729867,0.32167224067032985,0.7167561616013641,0.37935084009265707,0.9245076198301301,0.9006093437482017,0.040753775067161435,0.39725400826206303,3.996120773395013,29.60597785235756,1.7690933114130498,1.2660569682096396,145.49883948250957,84.61095925118991,1.146163659277946,0.08874922259301157,2.581754485451797,66.12905460458964,19.043303147418616,1688517.1595846433,2507271.4590211515
430,0.20980651707279352,4.9621437358846405,0.20980651707279352,5.450120172802735,0.15265624763377889,4.308775122491772,0.15265624763377889,4.796774289379283,0.16652704096306026,6.894661514780696,0.14629466633516852,5.74599364466293,0.14919590072944394,4.677051816512035,0.14919590072944394,5.165050983399544,0.36041755653179186,0.7409703103015596,0.24525660788395134,0.9198931545824927,0.5542104977587277,0.035123715094319184,0.8325024934658309,4.385962721422997,23.799485950998427,1.1744227519644932,0.6309390818644811,154.1765289935148,60.600816781955594,0.9208965123740303,0.08073809547021733,10.527571709693426,73.37134010187268,28.49195212448462,1169790.8409746657,1886354.382994649
431,0.20687701960924584,4.850872119266819,0.20687701960924584,5.2012288759553655,0.1497267501702312,4.4737128424279256,0.1497267501702312,4.824069599116472,0.16115198070073716,6.74723485043678,0.14518322948159587,5.642086968225375,0.14626640326589627,4.548269902755788,0.14626640326589627,4.898626659444334,0.2693107440985187,0.8154171289042804,0.30367304548244234,0.973878518433169,0.44333348648464893,0.04150716463124321,0.22150680401531853,3.5519665112634318,30.738170831331416,3.2315865053516895,1.9679633840173851,140.8074025648573,86.71990600562233,0.9080587862863373,0.060351151745747296,14.534258183171843,60.520475544692935,5.411123718669333,2056938.2536641562,1868897.9266225097
432,0.21013954772877982,4.869652471112416,0.21013954772877982,5.771500637205002,0.1529892782897652,4.383442820646973,0.1529892782897652,5.285381130965888,0.16925254655025204,6.6805838338846915,0.1465558551083794,5.8882805357561105,0.14952893138543025,5.10136676752337,0.14952893138543025,6.003171973329258,0.36419612730276896,0.8071597159344348,0.3114497432610637,0.9017807529725349,0.41961246095775706,0.03844539854743852,0.7910133887613806,4.915460638492524,29.93913716134048,3.163273792467451,1.7173728812646756,150.88289552705942,81.13388040496102,1.065689492789413,0.08494572604501065,8.891782128474873,99.77695968792699,18.790635029958,820125.1380608724,2929816.6404019753
433,0.20715127091842658,4.789787569755533,0.20715127091842658,5.219346539425004,0.15000100147941195,4.163624350106987,0.15000100147941195,4.593183319776461,0.16718687738337143,6.368125772354954,0.1450365628186639,5.131773647491846,0.146540654575077,4.154233934292812,0.146540654575077,4.583792903962284,0.31939894426573234,0.7899283844121692,0.34595716413505934,0.968337728483341,0.45155472565662796,0.03328478005735632,0.9537549200990088,4.917788998237962,23.162987027903938,3.823416032851465,1.4206871685124516,140.37491512403227,50.71310999669749,0.8063014741142661,0.07324701236358122,6.6678885680252495,72.5210865875312,9.138109539229344,2076116.7495179982,2192722.7171539753
434,0.20756534363770185,5.16802147079487,0.20756534363770185,5.752916934670413,0.15041507419868722,4.47010854047701,0.15041507419868722,5.0550040043525515,0.16665439288803507,7.156525552592613,0.1466984616353071,6.112330546875392,0.14695472729435227,5.437975158845426,0.14695472729435227,6.022870622720969,0.2461706366300832,0.7219541344062359,0.19852581270405878,0.8382087233711343,0.6514827724520822,0.037096968404819505,0.4934643980235245,4.467409096327241,27.87914605238049,2.661856067303845,1.9700754541788856,152.31561986870958,52.296530963421965,1.0758243049198641,0.09829442444505831,9.182364349413774,67.9045934599602,14.07071218124841,2458685.234353885,2830779.7860074504
435,0.20690595009309543,5.6607508435812495,0.20690595009309543,6.22449292490256,0.1497556806540808,4.68870305861499,0.1497556806540808,5.2524451399363,0.16225940839376427,6.96234241029756,0.14582263094622677,5.835025727260484,0.14629533374974585,5.250522141001863,0.14629533374974585,5.814264222323173,0.22004057685205677,0.7994675835033407,0.24777437311435416,0.8554670363910482,0.3490927098828772,0.032609316981855235,0.36388702595588235,3.6960773959765216,28.29602493862833,3.2938135455856576,1.2392046039638773,179.97350178151285,40.808330023160465,0.9024828294969994,0.10877385032567477,9.254300890587995,67.03370393630011,0.1223470270359206,1541177.954608433,2272845.47410205
436,0.20705934300415677,5.657247702893989,0.20705934300415677,6.083102393471567,0.14990907356514213,4.858706157751215,0.14990907356514213,5.284560848328793,0.16353313967395403,7.131303080484827,0.14630845592934624,5.99677679584993,0.1464487266608072,5.963996748566755,0.1464487266608072,6.389851439144331,0.28471370962973874,0.7367515060503678,0.32733513743885523,0.806119324970972,0.4374865158249577,0.029606265183363074,0.23914813903785825,3.886138403524513,33.71811761791022,2.72045936646669,1.0679286667392236,175.26521895539264,61.042453945381,1.0748774585696994,0.06895064881847951,10.28164214826784,84.41635939802282,12.520502376533257,1937582.8466767252,2011276.879166978
437,0.20823543270225456,5.26819490702378,0.20823543270225456,5.849916311586318,0.15108516326323992,4.415762255395961,0.15108516326323992,4.997483659958498,0.16693499691469998,7.084071887596028,0.14530092472075648,6.089627268721444,0.14762481635890498,5.29497322374055,0.14762481635890498,5.876694628303088,0.3511723574601545,0.7708948809906586,0.30632112091755037,0.9828989121044213,0.7396329518770685,0.030356269374096082,0.23858972181700075,4.737116931993251,25.318185350242043,2.057315746670987,1.9064058000929696,163.14965574629423,41.19140399017504,1.007021998414198,0.07899282646840755,7.42920351192526,63.59312677389764,23.54685082181933,1670045.5701627973,2429116.999653282
438,0.20519498630046532,5.574314557307469,0.20519498630046532,6.014754035953197,0.14804471686145068,4.69943108288291,0.14804471686145068,5.139870561528638,0.1618072190481644,8.551865337518933,0.14527553447844438,7.408262746853545,0.14458436995711574,4.8796434234294,0.14458436995711574,5.320082902075128,0.2805431734701006,0.7021562460926823,0.32055552096950846,0.9617618687805066,0.968836065532878,0.03283859024788901,0.35743493708262336,3.7531404925008256,30.693871148486146,3.8911771115279947,1.404616088468845,169.2369392196133,44.10938811217426,0.8243906216443379,0.0725215635176414,15.329735207309518,80.25723547038297,10.091318452722334,2403733.6746161515,2331143.757998528
439,0.21001429906189278,5.507277073782044,0.21001429906189278,5.809140852906163,0.15286402962287818,4.870757322175108,0.15286402962287818,5.172621101299227,0.16715331560755708,7.041622969998232,0.14669665786810407,5.80392568555933,0.14940368271854323,5.541278849225628,0.14940368271854323,5.843142628349747,0.3149924079114397,0.8285645090200904,0.26549679118164443,0.8961083075188799,0.6776400909137725,0.03260267959961459,0.9820111685361188,4.438349042382244,24.671752520940572,2.5977682875076686,1.7932211367791635,167.93914911680844,76.84223099290215,1.0086619019106688,0.06488578966247822,6.832663920736879,75.00751854119683,9.433740793043155,2441352.320619601,1977346.9590621921
440,0.21100035216858545,5.575415007823199,0.21100035216858545,6.030243959362427,0.15385008272957082,4.960451895222072,0.15385008272957082,5.415280846761301,0.1614130207282146,7.629504778339095,0.1459928868250846,6.414951468905208,0.15038973582523588,5.349734110091778,0.15038973582523588,5.804563061631006,0.3303874411892408,0.7925072532016914,0.15487911767180215,0.9755369829425253,0.5221706960582844,0.04116404897881215,0.272886491088326,3.2742559688910493,24.63108522697068,2.2339823737543165,0.915106101444032,175.39879963425338,87.1780491497683,0.9449532353206118,0.10447993236569472,14.45170873244261,71.35630466516133,24.29588954265743,1821233.6824243977,2117575.761994061
441,0.20588145885377004,4.892556244069468,0.20588145885377004,5.277821937061056,0.14873118941475544,4.496442960190109,0.14873118941475544,4.881708653181697,0.16138706814358714,7.381206910755085,0.1451204536649065,6.140421946573104,0.1452708425104205,4.396749401458657,0.1452708425104205,4.782015094450245,0.243235845632849,0.8142164032082523,0.3137094768963063,0.9846389775276186,0.734180163664449,0.03747487442136638,0.3190444299734847,3.656875815446443,33.30348311630065,2.7362683322123935,1.186367066042535,143.95856752293253,86.99034513656684,0.8526539104056612,0.09589961311948483,13.011026869549038,115.2431714644046,10.903489811016717,1762233.8450027453,1791787.492073949
442,0.20893324758410722,5.542270691942231,0.20893324758410722,6.0285762222586765,0.15178297814509262,4.683434723392673,0.15178297814509262,5.169859393236967,0.16487242458161996,7.1806829063976245,0.14682403923550097,6.03947052355853,0.14832263124075767,5.508617375739951,0.14832263124075767,5.99492914544747,0.2898320990957557,0.8476722721345769,0.31959494298026064,0.8581324036835256,0.7856404362866426,0.029224113443467623,0.6288319519073343,3.9761926981896716,26.906916179339717,3.843757994356973,1.6805726380413049,177.92164352525702,55.05097218341139,0.9919093731221114,0.08224258064412666,6.217893762165767,49.86583922339308,20.135711623296817,1185907.8932770442,1861187.433929236
443,0.2083788263184181,5.503508797733804,0.2083788263184181,5.988377813004911,0.15122855687940345,4.785874943748529,0.15122855687940345,5.2707439590196365,0.16403052637819543,6.963844365812094,0.14517507479234096,5.710271462088413,0.1477682099750685,4.838024487359526,0.1477682099750685,5.322893502630633,0.2997291436456854,0.8108994134603873,0.2586285063213376,0.9819864874940983,0.5285446862870475,0.032136526469660795,0.9428099825936564,4.121194081086225,23.16496619284193,2.145671071551744,0.56297844532578,169.08985975022136,66.23615043697568,0.8316225717420929,0.10274818972242111,4.392792245197434,109.52307034933257,28.15525531828594,2325013.9204136673,2491898.587902688
444,0.21130995461905616,5.508424659110496,0.21130995461905616,6.037732442184995,0.15415968518004153,4.9364549677196505,0.15415968518004153,5.465762750794152,0.16429231271772585,7.038138929926046,0.1478531387932812,5.877079721651958,0.15069933827570658,5.024557723938932,0.15069933827570658,5.553865507013432,0.3205536952708766,0.7636227611328971,0.19406438673485027,0.82553453890786,0.41804985528339805,0.03734906433019827,0.42949929204394754,3.553144417670188,32.78108257013507,3.534801791675565,1.4808751617986045,169.65251492130827,87.57670315309109,0.8779804950136396,0.10172903457674046,7.191186763136033,115.5494186590873,9.27600623135731,1873659.9813595638,2302133.1323577827
445,0.2069032008780723,4.864902798946699,0.2069032008780723,5.564836423421945,0.14975293143905766,4.42954049762412,0.14975293143905766,5.129474122099367,0.1658670270438061,6.575617243012168,0.14631894213582824,5.643975591342189,0.1462925845347227,4.792921662999435,0.1462925845347227,5.492855287474682,0.22014359191312105,0.7849373503725379,0.2535631995450005,0.8248277756432238,0.3367801887676258,0.03932983922051596,0.7925902219516192,4.410417433085203,28.33380144494519,2.0608868050714415,0.8364270469844919,144.96927032424773,82.46808923396529,0.9787574642382398,0.08305051894899752,12.089957575036934,78.0720961013465,19.12190034638592,1670410.475057106,2768048.175609758
446,0.21283563510475656,5.360689087658242,0.21283563510475656,5.9882696268372975,0.15568536566574193,4.824722196685419,0.15568536566574193,5.452302735864475,0.16675300637834609,6.695043484851649,0.14757847363262375,5.762142965470087,0.15222501876140698,4.794017738491256,0.15222501876140698,5.421598277670312,0.30055902077119023,0.8299126231688614,0.12014520654116972,0.8572029715264887,0.3438030872712161,0.030087998340376097,0.8686355476155339,4.066933130971357,23.03500200125922,1.968517900660077,1.8835858554917593,162.38611829313234,85.56180705953753,0.8507047570625424,0.07828278504960712,8.364275717752735,47.9529445229694,10.384754980746498,2411682.776603733,2986114.879569496
447,0.21155857473260004,5.075865068684549,0.21155857473260004,5.533056071971519,0.15440830529358543,4.4545097469329225,0.15440830529358543,4.911815950719706,0.1659784989201454,6.888473539343083,0.14714945490640535,5.745872100724462,0.1509479583892505,4.85646227062667,0.1509479583892505,5.313693951624307,0.34113774820145754,0.7923209463919616,0.18749407984439137,0.9133838452692138,0.820212108685558,0.03637927993538803,0.5990479714350619,4.010850989701892,23.9241889270981,1.2256297172392012,1.807314980153905,159.70682669258065,70.62279956466853,0.9412372962822076,0.09810556138785695,7.514369452118303,51.859612589629236,4.077838156307866,1073002.7774075759,1735827.7490497648
448,0.2120293541162323,4.948503009486957,0.2120293541162323,5.443544493933145,0.1548790846772177,4.203542820209404,0.1548790846772177,4.6985843046555935,0.17082588265944246,6.884156981515356,0.14743916460278447,5.593489630836539,0.15141873777288276,5.136613137048399,0.15141873777288276,5.6316546214945875,0.3824156052645815,0.8418665658452724,0.3035037782711467,0.8786114710773373,0.5682533643505279,0.03517978480567565,0.5877048940925915,4.985278420986721,32.886097566299455,2.039207169698729,1.1700805216724006,147.46238618977583,40.723607074438306,1.054575099436558,0.10037408927869151,7.605012235299403,95.22029815400849,13.12045107950334,1627813.1709272112,2064533.3172482576
449,0.20726525974888688,5.381878978480533,0.20726525974888688,5.622436654254007,0.15011499030987224,4.755929943860704,0.15011499030987224,4.996487619634178,0.16030642267086206,7.08805056057092,0.1456727501706109,5.8072595020275735,0.1466546434055373,5.478533580924428,0.1466546434055373,5.719091256697903,0.2820975441051562,0.7894071005969906,0.31995753584792974,0.8923895755470972,0.43826291425689284,0.031693885621015064,0.5246548067045329,3.2657201590558564,22.39771037503069,3.704554902209561,1.2078958280243017,167.3184556919305,77.74944762266213,1.0247139581166165,0.06079647895919944,13.266681772790063,69.56000873009202,23.388484105087464,1887559.2575080113,1514717.0683502792
450,0.21627719994521571,5.3734589239367345,0.21627719994521571,6.09083524086321,0.15912693050620108,4.772102745309384,0.15912693050620108,5.48947906223586,0.16472411510160007,6.812857414449697,0.14707669749865224,5.750976060174531,0.15566658360186614,5.766215101608006,0.15566658360186614,6.483591418534483,0.4225316697146256,0.8187500601592155,0.1013438352757115,0.9714497982717079,0.5407891880303671,0.04159384811806283,0.8613941132385934,3.546389061609955,25.48025151434952,3.559274502360232,0.8125740130721586,167.54356694604846,81.33098297078976,1.1002902889529027,0.09093679228820398,2.3383538121961456,98.54728041283205,29.081980961829302,1678236.6103251814,2851390.188862796
451,0.2084234573283039,5.119915215836809,0.2084234573283039,5.8561028608819585,0.15127318788928926,4.450233491794001,0.15127318788928926,5.186421136839151,0.15949113362976663,6.400613152102568,0.14511475925759587,5.623918119774758,0.1478128409849543,5.503541503800684,0.1478128409849543,6.239729148845834,0.3009157076114228,0.7361362699939759,0.18319181477570512,0.982381896160505,0.3630629098148557,0.036513138924586214,0.23723380730213509,3.1382861357735674,30.072021569095778,2.4490354631292552,1.4330731983130207,154.5090699336784,58.61827612057907,1.1062228614147438,0.07783174423471181,5.032850488069575,109.1085863090781,16.04996840441415,1785020.5546135847,2926266.9313965505
452,0.21052300381536776,4.7243979886949115,0.21052300381536776,5.193061251870586,0.15337273437635313,4.091959356723262,0.15337273437635313,4.560622619898935,0.16027294738481335,6.008311355708288,0.14618498832321328,4.932206356637265,0.14991238747201818,4.9497687741610035,0.14991238747201818,5.418432037336678,0.3016697548837127,0.7489072503396083,0.11144117561260314,0.9281561375019582,0.39777855916918436,0.03549250121835273,0.5053484628489385,3.02504451483075,29.23806827082974,1.6283839770624384,0.8433384304514142,141.10101298629743,50.50530367192562,1.068333096582213,0.08104367976417035,2.8739292889554444,45.38813021782606,28.249642174275557,1339297.2793473648,1866143.28316799
453,0.20796572679772773,5.20804364059735,0.20796572679772773,5.675956234122488,0.1508154573587131,4.575134801618262,0.1508154573587131,5.0430473951433985,0.16355388001220403,7.137785909440855,0.14532480094992792,6.017960502053416,0.14735511045437816,5.521689979184207,0.14735511045437816,5.989593716866384,0.2576960423466327,0.8272624914352978,0.23328842507825512,0.9502616339088806,0.4701029155067345,0.03128723950563343,0.9898476996092171,4.016065899233189,34.79448081072309,3.525288844451479,1.3013606968756941,160.1757268839552,69.61070673754853,1.083771225920038,0.061494837200829974,12.141229721103818,87.70808741817466,29.40316560048661,1327566.7508431335,1809527.2013844294
454,0.21033426278670234,5.6086089433189885,0.21033426278670234,5.983948702301306,0.1531839933476877,4.888149764574071,0.1531839933476877,5.263578943802369,0.16438490601977934,7.1809566438162085,0.1474073927183403,5.928615641550656,0.14972364644335276,4.788904032984292,0.14972364644335276,5.164333212212591,0.278149744545666,0.7624764952339446,0.16511232551929472,0.8163992397328882,0.3635435283156012,0.032660723650203075,0.3949775901721364,3.7083299439644577,30.782516454915925,2.4116602188611753,1.4265072012539677,179.1618107340517,75.93380931406017,0.8042830994264689,0.09957451160421388,13.732121370502048,86.78229973630565,3.044690776929495,1242244.5183276979,1507990.782931735
455,0.2093805267697229,5.468641730280801,0.2093805267697229,5.7554801283212536,0.1522302573307083,4.649831213084048,0.1522302573307083,4.936669611124502,0.1642339634583239,7.167801289521466,0.1459087657665636,5.869092552341675,0.14876991042637336,5.875010921267387,0.14876991042637336,6.16184931930784,0.3738759583018694,0.7413215989901355,0.2668803833883693,0.9506490087272268,0.5519265274341756,0.03782992768223077,0.273218706863068,3.9748912556495153,30.811419540663124,1.2812758064980567,0.8391901835970628,168.15612848596922,50.988051878971945,1.1033883702503724,0.07991149006814763,9.62648117693824,40.05364825908507,27.275658394271257,1928101.4147680644,1599543.8428638522
456,0.21676359295042874,4.864943111370545,0.21676359295042874,5.232230835953034,0.1596133235114141,4.366710906390989,0.1596133235114141,4.733998630973477,0.16526477946692256,7.559690834437895,0.14961178869006858,6.386081866450918,0.15615297660707916,4.60698997733585,0.15615297660707916,4.9742777019183375,0.3691762776627072,0.8408476371373328,0.10813147181605194,0.844704730076374,0.734801228203998,0.0339869863544637,0.403935652501473,3.205417992946337,33.65326275001373,1.1004220190814977,1.6751408770986096,145.35126638490155,73.79876692244102,0.924074859581362,0.10017026194610745,14.189954668015515,116.08458721840957,15.689231401474293,1395366.9952108436,1537434.6575052242
457,0.2088798820787026,5.736166409496719,0.2088798820787026,6.281250168760663,0.15172961263968796,4.911313509889975,0.15172961263968796,5.4563972691539195,0.16522866263918198,7.448364365572272,0.1468521880038211,6.330520209839249,0.148269265735353,5.5339222853118395,0.148269265735353,6.079006044575783,0.29626776797635346,0.8335142516925463,0.3264465423584705,0.8469428619601653,0.43605264859615367,0.03895094067410647,0.43097835944498386,4.056053725364096,32.85794836128835,1.9408419894480275,1.0505626929033334,179.7224991134297,61.59325966616217,0.9518565644228549,0.09980625068697602,13.45922468021367,73.64012658895071,8.165684338188138,1825738.4617322406,2325297.5745253493
458,0.20776555166256938,5.141803126587256,0.20776555166256938,5.451975145521142,0.15061528222355475,4.648375254960267,0.15061528222355475,4.958547273894153,0.16149110810214476,6.651599854009149,0.14490018296298987,5.2414412327026625,0.1471549353192198,4.652742309238971,0.1471549353192198,4.962914328172856,0.2971859288032255,0.7733461082627163,0.24713154035501814,0.9927257986144193,0.5365304464036154,0.03024605087103624,0.6593570633244814,3.6465009978824234,31.336580298650272,3.8629723621106002,1.3983423605154965,152.29287421636676,81.39815255376847,0.8626126011435593,0.10564149372391879,4.365435485899287,95.40589265155833,7.93293455821191,2163371.525584077,1787961.1874559433
459,0.20748295206299636,5.76895166229084,0.20748295206299636,6.091953366821763,0.15033268262398172,4.844017310177893,0.15033268262398172,5.167019014708817,0.16724455499234384,7.255519503043156,0.14505335185839885,5.78819141870322,0.14687233571964678,6.230907100835084,0.14687233571964678,6.553908805366008,0.3198801843483008,0.8033744133855075,0.33315315272164814,0.9867645710644137,0.7471292871516442,0.027195843059397252,0.7853129628061601,4.899392669051033,26.41265511974183,2.19739424723024,0.5680146811022442,179.6978306904286,47.30326776390641,1.109981810583429,0.09839783981584324,3.869010242719196,66.29587751704335,29.890619567853182,2291243.4202441378,1942085.6228229287
460,0.21001429088717646,5.562976074300171,0.21001429088717646,5.95922834481325,0.15286402144816183,4.70383383439846,0.15286402144816183,5.10022013077741,0.16887048339678493,7.970140603999809,0.1466665666466173,6.756612547281489,0.1494036745438269,6.188921830578903,0.1494036745438269,6.585058049516556,0.36474953214920125,0.7065740450931656,0.20327905249013217,0.9271964211334592,0.9601283885297827,0.03374169739026968,0.5654135903528427,4.799299389429551,25.04103132073376,1.2054929346003642,0.8534229655465668,179.49027060969348,56.63418212708862,1.149169102086405,0.07101527123464084,12.366800704316672,46.80026432822957,7.732131043302694,1170618.700978501,1592380.270088706
461,0.20911410626847388,4.9847963677133995,0.20911410626847388,5.2606776780907065,0.15196383682945924,4.480024200574243,0.15196383682945924,4.755905510951551,0.16482436963871533,6.410797719077594,0.14596994799909818,5.188768099364614,0.1485034899251243,4.522276780704193,0.1485034899251243,4.798158091081501,0.2642198343844647,0.7640415130516108,0.10288039642007066,0.9609040671116615,0.6988200403185365,0.039119707101861925,0.8830322337816765,4.096947211467885,31.289430208960617,2.8697823233200133,1.9414241131724408,146.6348400792611,74.33849986462502,0.8650550694032132,0.0624088843210591,3.611646653794764,51.647399037897046,15.960506782528274,2020437.8204931226,1612847.306624453
462,0.2092222033115193,5.188133066484311,0.2092222033115193,5.541344868784598,0.15207193387250467,4.460095540966062,0.15207193387250467,4.8133073432663505,0.16393273197982935,7.2041672367363345,0.14678720920857438,5.961510499192407,0.14861158696816973,5.473453126513288,0.14861158696816973,5.8266649288135755,0.23476096631219615,0.8047529173244548,0.12207545750650999,0.8729595290071305,0.8547520814676484,0.02833718847065293,0.3902827810988434,3.7592982331031815,34.12794171279818,2.778384792597844,1.516399648363302,152.5682033777999,48.3082675284932,1.0800077191241657,0.08726518356210218,6.612378524018495,119.70618057231131,24.422113442098524,2279881.546718239,1960633.9083858202
463,0.2115205587191338,5.047597232157552,0.2115205587191338,5.4002782784033965,0.15437028928011917,4.393886228150302,0.15437028928011917,4.746567274396148,0.1642097809398264,7.556721947537576,0.14730643058064494,6.368425150280382,0.15090994237578423,4.766332685997454,0.15090994237578423,5.119013732243299,0.3720278294256312,0.7421027327318871,0.2010059925070164,0.8940702521305716,0.9672641678775491,0.028663451876186026,0.30574446033220637,3.611009907987677,32.02031392940364,2.859086612043795,1.4006851067752486,146.56977318191693,53.03462119937973,0.9179016948981303,0.062212263084369154,10.547376007028921,111.31403866304228,9.320971831468736,2366324.334500449,2028164.9276828263
464,0.21012600806406348,4.814775607490724,0.21012600806406348,5.485747090792815,0.15297573862504887,4.325734692156555,0.15297573862504887,4.996706175458645,0.16712169888882522,6.571726228689062,0.14696441019758058,5.6082957906886834,0.14951539172071393,4.990408191633815,0.14951539172071393,5.661379674935906,0.27367887345820785,0.8244544871293202,0.18164019699151032,0.8800322766717246,0.7119672083516746,0.03297273713375679,0.5790598978600618,4.377256459787616,35.16683794029163,2.4052618917590998,0.8816561248581634,142.76250820417948,72.67518570611884,1.0526325651581994,0.06928423292775437,6.488061114627232,69.466729781017,9.216138468011675,1392455.9730803412,2469926.758245194
465,0.20609935170083332,5.169019257057701,0.20609935170083332,5.4252003746525155,0.1489490822618187,4.572537869173302,0.1489490822618187,4.8287189867681155,0.16357173846508424,6.449352796603161,0.14484254145692033,5.114724953826135,0.14548873535748374,5.466292414823969,0.14548873535748374,5.722473532418784,0.29690472972082527,0.7112328115689098,0.29002874974332743,0.980470200166691,0.4212711831143158,0.03745833953490932,0.7351060935797182,4.202707477068007,32.8537873375884,1.7866738883577384,1.2488596366491724,152.89347445976298,67.37991576377964,1.0831821921531029,0.09016807861436933,2.0872545286347624,84.77347369217745,27.156765912456517,2176903.7980612554,1615931.033396372
466,0.20992343032232846,5.223668751014332,0.20992343032232846,5.94268101901534,0.15277316088331386,4.606799993678665,0.15277316088331386,5.325812261679673,0.1693770108524624,6.633402073520378,0.1473824212712137,5.573479509516129,0.14931281397897891,4.9511390114140825,0.14931281397897891,5.67015127941509,0.24481109425516395,0.7957559858887725,0.13717769166328997,0.8220484653195358,0.4785064470751794,0.03451665435052235,0.2284649381718709,4.822147419158172,32.60627054276339,3.5959018914710894,0.8377522338584138,159.0591876890488,70.68232060616411,0.9266975051601039,0.08135140652885263,2.186678621207413,72.49582331593949,27.375597780221813,1663545.3089341593,2784611.4933467805
467,0.21078550968441373,5.409874069804306,0.21078550968441373,5.914478942623426,0.1536352402453991,4.8384161877981855,0.1536352402453991,5.343021060617305,0.1663314016272476,7.927974004771142,0.1472852519136273,6.809092781121344,0.15017489334106415,5.7923366532161245,0.15017489334106415,6.296941526035245,0.3933226013252058,0.8216954686619766,0.345600376357509,0.8840045905621392,0.9887966513757569,0.02938132032651097,0.2024763145278147,4.105905857990193,27.524512804360498,1.8139985119994861,0.6130237067552162,168.74173061933047,86.88302367879308,1.09696836440205,0.07290564019784654,11.776466945297528,92.50403567620116,9.836746296154091,1641758.6376709496,2155269.7289725747
468,0.20468787587982226,5.062781720493605,0.20468787587982226,5.721301254721302,0.14753760644080766,4.5604223262798556,0.14753760644080766,5.218955175116373,0.16045618590543295,6.903477143678757,0.14546210564599632,6.122250475838782,0.1440772595364727,5.604672895657267,0.1440772595364727,6.2630919621943475,0.2758938758575933,0.7118227796013192,0.3673988352828492,0.929694723402258,0.9566531414106201,0.035644779763776904,0.3791077619332277,3.4308203394994585,33.58256092002282,1.37767189542752,1.013206493675369,155.18023705955468,83.20464126236942,1.1493684092872094,0.0674556554461126,6.854117629875802,112.77111119998916,21.253256535959693,1211483.9925171954,2350150.554096109
469,0.20940849349601298,5.252914529307804,0.20940849349601298,5.793166675496477,0.15225822405699838,4.545709403325036,0.15225822405699838,5.0859615495137085,0.16894113346070383,8.058048696668582,0.14754111361698782,6.990818615481125,0.14879787715266343,5.316578775590837,0.14879787715266343,5.856830921779509,0.2643298326124381,0.7562249391376362,0.16656482681087825,0.8340661842299983,0.9780669770345165,0.03146667164222009,0.4439036810889345,4.707765507935032,24.328131291855467,1.3940710591431682,1.5883260784200088,163.20724408058368,61.91538605925993,1.016688595391876,0.08782089279619022,13.419254268660662,95.90565526518765,6.768115936994702,1614224.0475554983,2278440.9912557807
470,0.2067418551319824,4.960673481630064,0.2067418551319824,5.396313189741783,0.14959158569296777,4.456315417073304,0.14959158569296777,4.891955125185025,0.16158977219943566,7.53166686443503,0.1469358810427763,6.466648424915777,0.14613123878863282,5.1318159772540906,0.14613123878863282,5.567455685365809,0.251766088524434,0.795900021886681,0.34385148074206506,0.819240752466135,0.7797474296301583,0.042539337374218486,0.949781502415314,3.3107637246007133,25.524244697982986,1.5628999750296382,0.9202330060768686,145.27603481465545,72.95860648178135,1.050399647386822,0.07843733460312032,13.64069889883591,97.98473167049431,28.25990523722269,2306847.755065332,2311476.2858718983
471,0.20532002382172185,5.069501932958223,0.20532002382172185,5.346272907750626,0.14816975438270721,4.515663720482532,0.14816975438270721,4.7924346952749355,0.16285634067393673,6.716650654108822,0.14466519290036878,5.426194039627365,0.14470940747837227,5.253746922273362,0.14470940747837227,5.530517897065762,0.2679572252060105,0.7503154953464322,0.34427539883946334,0.9581780970763528,0.3755619896301264,0.03307981946782204,0.8603280062887211,4.126030226041678,27.408555039863572,2.6167053327340843,0.9483569373814411,148.3594571522333,69.03502021028198,1.0531305198360505,0.06859103778627006,13.358312978446948,55.276526932497,7.3618528312362,2443013.3187384196,1874537.3477636697
472,0.21042140648513666,5.657126008199699,0.21042140648513666,6.096518214831782,0.15327113704612202,4.765942285390625,0.15327113704612202,5.205334492022707,0.16357460003391322,6.995638133268398,0.1469715757063606,5.916760071775384,0.14981079014178708,5.987322817932621,0.14981079014178708,6.4267150245647064,0.33149830169639966,0.8092682239348605,0.23236908374829698,0.9312510922007304,0.9092510356876207,0.042955361035625736,0.8043937876095668,3.5691000375933224,27.690258047035215,1.351890341452406,0.886779431600512,179.82884774332666,52.40769184357047,1.0785555957116642,0.06633499434894694,4.951696489615948,99.86891391387209,4.08835952308827,1565147.5820413297,1911605.4095074774
473,0.20841047910204588,5.534286852833663,0.20841047910204588,5.996979485260952,0.15126020966303125,4.693017397557608,0.15126020966303125,5.1558660029979935,0.16686402203407222,6.7274618324916435,0.1467517323063199,5.587742241800893,0.1477998627586963,5.042482461916996,0.1477998627586963,5.505266275846506,0.2571132034597404,0.7394777980239863,0.15589027365747088,0.8878982269076546,0.7703753836441842,0.041917841939539346,0.22667218684935417,4.440584742684435,23.531743925033222,1.0319163874013042,1.394563642446235,179.81808523217643,59.40737511486621,0.8830117831327087,0.09232418311692592,3.3396241018852364,78.97406484149312,9.078841610052255,1020450.7679415541,1729940.521915959
474,0.20863970237762278,5.150911578172828,0.20863970237762278,5.7943002573385165,0.15148943293860814,4.432732737890032,0.15148943293860814,5.07612141705572,0.16536883825861434,7.286795603451185,0.14634504740555046,6.270973828458969,0.1480290860342732,5.329280315691711,0.1480290860342732,5.9726689948574,0.3456643882681645,0.8334491779021784,0.3626840204681442,0.9395066284748927,0.9007736320466475,0.03970079051687659,0.4767691103724581,4.165553935382489,27.562024680340404,1.105802281162667,0.6229197126923965,158.56687150451938,55.678025222826356,1.0481249061602995,0.094231756950084,9.035456012063012,41.97637942874464,16.101601477819873,1516474.3006501752,2516123.3661872204
475,0.21144334739726955,5.21756567684797,0.21144334739726955,5.703374330447125,0.15429307795825495,4.608077844466864,0.15429307795825495,5.093999498309956,0.16904778000154957,6.682114271478667,0.14644730687990803,5.516628106548099,0.15083273105392,5.635528767424878,0.15083273105392,6.121259929844257,0.3578262129198289,0.7978746577686705,0.2206919191909286,0.9226978695900236,0.4427028439885722,0.03293933239070775,0.7452909126942742,4.815419881435984,23.73964362126648,1.771944218429561,1.3409701096486961,165.91346593195152,78.61419569490096,1.107755484631765,0.07957002184587532,8.077109486994363,64.10271215990812,9.129877635466011,1060777.0741196754,1822930.766273351
476,0.2096329597141661,4.816097123762047,0.2096329597141661,5.383027505661283,0.15248269027515146,4.158839181605945,0.15248269027515146,4.72576956350518,0.1630662899350702,6.74941005621242,0.14747850288627096,5.716693317356023,0.14902234337081652,4.166381622011723,0.14902234337081652,4.733312003910958,0.26703259941610247,0.8247162387364297,0.23597452831134133,0.8235500800984935,0.5597217274036375,0.03748574166625021,0.9037207997488874,3.4236269748219104,29.769736483944495,3.016722308704559,0.5235486050040434,142.85851045233414,48.81794185993788,0.8054278282886833,0.062131590094384063,9.726974252018376,117.45749521470347,23.21536108256798,1613322.6584965044,2314772.20427704
477,0.2066594729117059,5.105000540573783,0.2066594729117059,5.434968659188967,0.14950920347269125,4.496497335118996,0.14950920347269125,4.826465453734182,0.16360993922473144,6.663405920748056,0.14600040954888724,5.426431832704891,0.1460488565683563,5.191616676281171,0.1460488565683563,5.5215847948963575,0.21603669371955553,0.8159124162160108,0.2821547397225226,0.8388418451810256,0.5090846298371084,0.03064561049335563,0.23232821053461913,3.9764975405144534,24.587664969960997,2.1427900590198763,0.6663123118409233,155.55621463738254,68.42691749966227,1.0238218262598273,0.07043550204495201,8.619898116418131,56.58387864192389,18.605814946192236,1784358.445930128,1715979.1491012336
478,0.2055263721287119,5.233595066959796,0.2055263721287119,5.925839039151343,0.14837610268969725,4.536607753246426,0.14837610268969725,5.2288517254379725,0.16335700063798705,7.742985075671091,0.14531009506282438,6.776988593315463,0.1449157557853623,5.52860466392606,0.1449157557853623,6.220848636117608,0.21585656957659824,0.7943855448249414,0.28229663259604454,0.9428494034484592,0.806983458982667,0.03301953907775487,0.7632521791882632,4.088490553695203,34.1969342479811,1.5786674035663308,0.6603413069074484,156.40769201618076,56.516579555455884,1.0806940757588481,0.0990991091388908,12.33717990600056,83.64132818580448,25.236373971071302,2017765.052172536,2871985.1611359254
479,0.20608343552616185,5.327608998523441,0.20608343552616185,5.734504355824334,0.14893316608714724,4.720681701329657,0.14893316608714724,5.12757705863055,0.16360862217834107,6.852371155080459,0.1454863295111527,5.677846526734544,0.1454728191828123,5.439171960524302,0.1454728191828123,5.846067317825195,0.20944427396611326,0.7061840235797944,0.17248354595100307,0.8789632389791673,0.3887091272902193,0.03431330804774623,0.45542033612214256,4.102205334193243,31.720146223816926,1.1925813335188211,1.4979035445033841,162.44976012896967,75.35569524003488,1.029380864944508,0.10833631910944938,10.290032964265635,79.86919742715982,7.596300419693708,1845216.3453681157,1915604.4416394872
480,0.20746898450340737,5.443572472093428,0.20746898450340737,5.787613595071179,0.15031871506439276,4.810609223123869,0.15031871506439276,5.154650346101622,0.16415385277998248,7.4548464079952925,0.14489975560190757,6.165314495320199,0.14685836816005782,5.41806417017693,0.14685836816005782,5.762105293154683,0.2656536636685814,0.7738557861226417,0.21532652026710197,0.9750902806162264,0.4590540785529501,0.029606711356210416,0.4188581670490028,4.2553170394243045,35.99756645994091,3.564361835284658,1.1849124117902488,163.72086707838602,73.12767156702506,0.9933343711556626,0.06557805567073928,13.574690267665833,87.85666386659489,29.714484078942068,2170796.848882079,1860477.4043584801
481,0.21048206682645848,4.976450337255548,0.21048206682645848,5.537702600200534,0.15333179738744385,4.275904392938886,0.15333179738744385,4.837156655883872,0.16226510728278387,6.530015431703641,0.14560581580127968,5.504819522186528,0.1498714504831089,5.13757101344598,0.1498714504831089,5.698823276390965,0.32540334917247166,0.7963503431139844,0.18095872239420852,0.9695231861646549,0.3788782775819275,0.03497593566256121,0.39316735979805095,3.5610794687434737,33.35431652284852,3.166031675080881,1.1955919450081782,144.9645495283388,44.74005861283445,1.0475502802066263,0.0642773187985486,9.609564097477381,56.7169148843127,6.976718857963663,2113556.8289231854,2529207.2026517144
482,0.20928647783831117,5.425459587799406,0.20928647783831117,6.092827054139394,0.15213620839929654,4.747015210735875,0.15213620839929654,5.4143826770758645,0.16900456660140173,6.62092057137227,0.1472948958984109,5.799006071612268,0.1486758614949616,5.708291398351669,0.1486758614949616,6.375658864691658,0.24188116349485297,0.7430149474459741,0.11228520711741587,0.8261723758071863,0.7096676367215237,0.0320420461389125,0.2495361045313227,4.7862203590842585,26.777485274420304,1.3487177284720722,1.7392262553400406,170.5475513437638,73.4692296273971,1.0709490166123306,0.06541332034160133,2.221055719013865,81.95452611548426,29.936202501362207,1517224.3803331635,2602725.37313792
483,0.20606085216088027,5.048701630167653,0.20606085216088027,5.357863876744139,0.14891058272186564,4.4841652856211525,0.14891058272186564,4.793327532197638,0.15888840305422103,6.443609074325593,0.14475972419839794,5.152775422522179,0.1454502358175307,4.6114604211660355,0.1454502358175307,4.9206226677425215,0.24726719970280492,0.8373573993603347,0.3548409392811869,0.9407682187177699,0.3679050716504134,0.02771618444894792,0.8923395984422671,3.1801109093329325,29.78779561200021,3.5572459081576415,1.348663707543931,152.66201732632533,71.68794535851445,0.8774668200173568,0.09339127347620485,6.975146678668425,82.08528897460921,9.55048442747261,1632793.8434739453,1519510.2295301731
484,0.20970597838394775,5.454497235192131,0.20970597838394775,6.195258140541042,0.15255570894493312,4.690294674916478,0.15255570894493312,5.43105558026539,0.16915083983453985,6.691282430721074,0.14701497817633824,5.790907181938641,0.14909536204059817,5.60079762139138,0.14909536204059817,6.341558526740293,0.2678474172393238,0.7126179240561898,0.11787612422744115,0.8287247514471889,0.48958954383194575,0.02718450763302951,0.9957943747000895,4.859197250116803,25.67023020335069,1.1555248052425204,0.9804112133661327,172.75538466918633,63.35625080872744,1.0362307642086095,0.08362376175078262,5.6472676825080175,74.61632743599392,3.037198438512677,1431531.8648429862,2792528.2476047976
485,0.20915893209056297,5.4585360999452925,0.20915893209056297,6.096361505957875,0.15200866265154833,4.696538028732096,0.15200866265154833,5.334363434744677,0.1650026529827796,6.934683738774132,0.14689909564566805,5.886865702877888,0.1485483157472134,4.855979218488785,0.1485483157472134,5.493804624501366,0.3217560374480878,0.75926390128555,0.2893046892474427,0.8291529576109565,0.5350315832876177,0.028191422431704617,0.6796486353811618,3.9931300423840064,22.985503057643463,3.1662932505382555,0.8969014035811342,173.4602570803378,64.342146190189,0.8513853305308892,0.09029450158201943,7.316447170651267,79.41766469715633,10.518648087107694,1471281.9678516092,2517596.6066134907
486,0.21096146143694253,5.2981400763892985,0.21096146143694253,5.566661446518866,0.15381119199792792,4.681018867319515,0.15381119199792792,4.949540237449082,0.16487942067306025,6.756622368912025,0.14688469031911452,5.398033118901684,0.15035084509359298,5.826872676210448,0.15035084509359298,6.095394046340016,0.3405564892479493,0.8230903582232114,0.24947521291183924,0.908290450545903,0.7780541158047263,0.03214893989002268,0.8504608017272475,3.8590778837157065,24.260553810194708,2.5142232031775316,1.9418617363478248,159.21983271206946,70.71606935095257,1.1420700521977367,0.09953036014390085,3.6098947373603645,91.24783633959478,7.475100497217487,2427389.7094060974,1864744.6491414616
487,0.21837970492564238,5.4242976369351386,0.21837970492564238,6.145333839125688,0.16122943548662774,4.664627817535675,0.16122943548662774,5.385804864006192,0.16777599713016086,7.915357534902093,0.1504855368462326,6.940271175537359,0.1577690885822928,4.690179018183251,0.1577690885822928,5.411351327410871,0.43222208720246347,0.8006889099023181,0.12109889160372765,0.8399212883137833,0.8481887750299513,0.037052978335819074,0.8304536957479922,3.493533204285649,24.541120425410114,2.163706472434955,0.6236144774758581,174.68862681904767,65.95218599812799,0.8202434615618277,0.0843828109628293,13.946794684795021,42.43267181180532,5.109488389064284,1036320.5172902641,2532530.401265331
488,0.2085590098216353,5.322471945386992,0.2085590098216353,5.969986000463478,0.15140874038262067,4.46640494633969,0.15140874038262067,5.113919001416177,0.1621267616548931,7.615396852799275,0.14605670123486295,6.591562359854887,0.14794839347828573,5.246616193962363,0.14794839347828573,5.894130249038849,0.29555304684860395,0.8385208983200775,0.2931036705144947,0.9385810227223681,0.8776508197493544,0.03202132291331857,0.6933353615196038,3.520797270198554,28.466487663045008,1.7051849134539685,0.6845825237121601,167.00553592680905,44.38378156395793,0.9805678317378007,0.10803630937650306,11.03553261806213,112.14761247738413,4.195936133118607,1328191.7569502522,2418560.575990131
489,0.20901996197328873,5.54704268678052,0.20901996197328873,6.235933790838722,0.15186969253427413,4.926237107811658,0.15186969253427413,5.615128211869861,0.1683014052774576,7.014552939857116,0.14613926670499167,5.956440920059725,0.14840934562993918,4.75145563525971,0.14840934562993918,5.44034673931791,0.3587892957150126,0.7113534108070729,0.2624712383019048,0.894827606439896,0.36162908525579096,0.03466332419628569,0.6129065600620615,4.8594927050098145,25.32360083731798,2.2381134031773717,0.9846889010863435,172.02618184446413,83.01538794311816,0.8021405620825539,0.09585271362007819,9.086874139645758,86.42802112638554,8.1925938689991,2087583.7038726613,2980766.733163015
490,0.2065488162782652,5.237611359439195,0.2065488162782652,5.887766951596006,0.14939854683925058,4.405814702800627,0.14939854683925058,5.0559702949574366,0.1630971483838002,7.1402422664741545,0.14510205066488646,6.152734190466895,0.14593819993491564,4.786680886040262,0.14593819993491564,5.436836478197072,0.2660213126277782,0.7814563909495776,0.28247330606982846,0.9787622298322316,0.4934246335050156,0.03990263663007564,0.7443013132309668,4.017234541125094,28.935564869406075,3.290619371401312,1.6740741862948691,162.05209918070153,42.958364153362695,0.8809529770582502,0.09465900335807181,12.76461220103357,96.50415663626859,5.196004269552809,1489537.712726643,2510143.0591570586
491,0.20918093417843228,5.619300049276324,0.20918093417843228,6.147733984578442,0.15203066473941768,4.81049103132907,0.15203066473941768,5.339074921447018,0.1669742903048256,6.720497954036496,0.1459125701530327,5.579273890995184,0.14857031783508273,5.497227131343547,0.14857031783508273,6.025683699204955,0.36982242489219336,0.7491324175116573,0.2797053371197278,0.9487436626192062,0.4335281566875106,0.042106902488076255,0.7406980248965109,4.580825476833503,34.442013896135634,3.486238223436565,1.1271705053542722,179.31111728989296,63.659622314124576,0.9708797434009644,0.06612985679468422,3.934369820797014,74.85736917273569,1.4957981302062107,1130450.4632552378,1895982.1190287697
492,0.20587836091586628,5.18266392433149,0.20587836091586628,5.92946474413626,0.14872809147685165,4.64637726197131,0.14872809147685165,5.393178081776077,0.16007391715697908,6.898211009514513,0.144967656183254,6.25045947067888,0.1452677445725167,4.878603093788508,0.1452677445725167,5.625403913593275,0.2613113161088849,0.813064288564046,0.3750443773455704,0.9265242815504273,0.4241994887535337,0.02997984488920771,0.7981407515264574,3.4117897640659356,35.66253610564133,2.2010744130356255,1.7458188153486223,158.57653319252972,81.79019313467202,0.9179676461638796,0.06156819040843345,15.301964232170501,87.42069719875748,2.420520112218394,1361421.2009814703,2685606.430903151
493,0.21072527974219243,5.0341189267459185,0.21072527974219243,5.466920866155562,0.1535750103031778,4.3471470125031155,0.1535750103031778,4.7799489519127585,0.16819766050666995,7.5714224090438735,0.1478951530560226,6.266508447113521,0.15011466339884286,5.553205931162728,0.15011466339884286,5.986007870572372,0.3118767951344914,0.8155730314176033,0.25595920856544185,0.8286994539024689,0.6442377729727664,0.03808887246318915,0.4489201713428777,4.412767315133166,26.779460220201585,2.9386733134604155,1.5309129584234935,153.93673285339128,55.446780149734934,1.1442651748195765,0.10452136962867867,15.512735099539237,67.33687960766109,3.7021864574161256,1499132.900828189,1858511.4955580563
494,0.20585469860799477,4.987463494017194,0.20585469860799477,5.539479508302052,0.14870442916898013,4.414350154232024,0.14870442916898013,4.966366168516881,0.16036891226841554,7.012848242934903,0.1456060384470006,5.979523971772635,0.1452440822646452,4.996977379830504,0.1452440822646452,5.548993394115362,0.29342957810349624,0.7198627682083906,0.336534173466453,0.913716773796013,0.7924223144676779,0.03398965553860206,0.33207236378453847,3.3384166669510256,31.795865172275054,1.231041372895097,0.6172967209959058,148.05451245968044,65.81303705178934,1.0027491592707145,0.10224319530047343,9.841035429168333,95.04661826129517,0.8899698753908347,1820567.8127333084,2353473.6997525846
495,0.20923929176102304,5.435427428723752,0.20923929176102304,5.721546898782714,0.1520890223220084,4.768725606076725,0.1520890223220084,5.0548450761356865,0.16825302717374233,7.44284196846719,0.14715084789504707,5.989167013687279,0.14862867541767347,5.6271879113067405,0.14862867541767347,5.913307381365703,0.25693816393718544,0.7159795469769533,0.10299436166562462,0.8565930051238935,0.8380123366672405,0.033495988800080284,0.9190984434102134,4.637225027823311,24.524681903068597,3.1515021151977334,0.5047175099816874,168.17088010251805,72.68917139584764,1.0487833849911412,0.0810059793898749,7.570701575927514,110.1676148426023,24.546270160366863,1995215.913809556,1690590.7879104894
496,0.2051140042912291,5.558275330557138,0.2051140042912291,5.909256456270424,0.1479637348522145,4.95871402957855,0.1479637348522145,5.309695155291838,0.16395982604573642,6.871213532470392,0.14576750286413556,5.5520278337147095,0.14450338794787956,4.8789178249330085,0.14450338794787956,5.229898950646295,0.2033847649690977,0.8208821809946838,0.38372840689184284,0.8100366083899567,0.4404983515025828,0.035415630142672544,0.2336637976843159,4.1819833422914465,29.821558065411793,2.8530603790339137,1.3575643227283016,172.79557831100936,86.7660590986059,0.8317986923491358,0.10551644184224941,5.436279033956509,40.089176754208154,14.492582724789925,1859491.3073912156,1767441.2174155978
497,0.2061546216957232,5.2217483728708824,0.2061546216957232,5.8351742918818745,0.1490043522567086,4.6916198625675305,0.1490043522567086,5.305045781578522,0.15905200199591424,6.68996366824357,0.144541286428155,5.882431705497396,0.14554400535237366,4.884427492411082,0.14554400535237366,5.497853411422074,0.2888692928153115,0.7433684190936565,0.2993683702101184,0.9976786098624282,0.4654304227966755,0.031101161453067613,0.4612810418768982,3.247098976231075,30.463233912819845,1.6334354278839678,1.5413092665881805,154.48482798686973,78.53062620140732,0.9065840560580486,0.07078026729953713,8.2252942329185,40.348308619181914,24.25344735230219,2368049.327490166,2851835.148516462
498,0.20697220179622972,5.621176095231286,0.20697220179622972,5.96437681203278,0.14982193235721508,4.797554099641714,0.14982193235721508,5.1407548164432075,0.16322605025468906,7.633744363658169,0.14524274197685627,6.378575028419936,0.14636158545288014,6.033850806515219,0.14636158545288014,6.377051523316715,0.22922472418970374,0.8274754692440592,0.2119179379356405,0.9850752873652042,0.8375307168763062,0.032115102644810704,0.43805148619041545,3.9926916231784606,22.572540878461567,2.875921341093238,1.465892066384489,176.68049356789965,58.80758291070103,1.0999270041481086,0.08364772109554577,9.592572636981348,114.39549204238226,13.379435488110465,2000040.7490761755,1887970.2778980902
499,0.21220830860370732,4.78882452746644,0.21220830860370732,5.464806358603839,0.15505803916469268,4.2896000786011355,0.15505803916469268,4.965581909738534,0.16899770409111112,6.968540707959665,0.1474488944851149,5.980608515635563,0.15159769226035774,4.890736853308921,0.15159769226035774,5.566718684446319,0.3072651485487533,0.8059139672135731,0.10542559639593264,0.9056926688017478,0.6741294193953151,0.04204951628290547,0.6204582338573432,4.566242355927054,23.39387645623465,2.2690437408722928,0.9337466366592106,145.59389996037214,74.03435014007312,1.0299465742791252,0.07328004993224393,11.818634152414205,74.37895045233816,3.6887201608036415,1346695.1297535938,2568908.006745868
500,0.20732539748416953,5.45001453858823,0.20732539748416953,6.012277090067008,0.15017512804515493,4.74023819557834,0.15017512804515493,5.302540335269669,0.16568674109992235,7.367962195867794,0.14674328289019367,6.330866670930513,0.14671478114081998,5.428781103110411,0.14671478114081998,5.99104759137905,0.29455325033662216,0.7207843947619031,0.309656697672681,0.8106711499880627,0.5083229368163893,0.037745377390930736,0.8904388715435432,4.262038877019078,31.04068737932303,2.3529188854719756,0.7864968275615162,172.10633608834877,70.53876470632474,0.9947227642638778,0.07075771473687284,14.13357668819482,75.62308884423895,19.160898915971174,1268717.831888783,2104530.5004175967
501,0.21267263892805477,5.12117117485334,0.21267263892805477,5.76777386582941,0.15552236948904014,4.554692178644959,0.15552236948904014,5.2012948696210275,0.16609192264823597,7.846367673239149,0.14659921914912624,6.767844972491731,0.1520620225847052,4.900396576425923,0.1520620225847052,5.546999267401993,0.35742455392303907,0.7864002659728795,0.1101473839555449,0.98128375728097,0.9804607958103386,0.03696120210432789,0.5699532519435477,4.06337706479385,31.8754019050875,1.2726613106037112,0.5329772221655078,150.0588702912986,68.80010434967258,0.9370564771693279,0.09492272965938595,11.769548275829061,100.10458226215746,4.148618966019911,2325681.1854348457,2915614.3072884856
502,0.20961722867419777,5.318615962111935,0.20961722867419777,5.981687981568889,0.15246695923518316,4.625028338999148,0.15246695923518316,5.288219950726244,0.16345161408753328,6.559194962803295,0.146305730097598,5.670601163439688,0.14900661233084822,5.823813317034277,0.14900661233084822,6.486791671907119,0.3132415634035996,0.8200298548478818,0.27222974479346373,0.8995074397921353,0.39258763666103585,0.03574662573570091,0.23586636294966487,3.7322134745406697,23.984190336500145,1.3257484374347126,1.8270192046241736,169.6555547891815,70.27293083852139,1.1273726172593754,0.09777663208395208,6.273438241996699,76.27903617591731,9.620805546363137,1130236.6863931194,2405078.7291422603
503,0.20511704808520959,5.206280211585838,0.20511704808520959,5.482214553039822,0.14796677864619498,4.527261225796296,0.14796677864619498,4.803195567250278,0.15926817336561813,6.406035804657334,0.14563062611950023,5.244751036066368,0.14450643174186004,5.015147971257525,0.14450643174186004,5.2910823127115085,0.17038617550604357,0.8322215565041655,0.3003700523734012,0.825129573534819,0.39975806968167593,0.03522225585374089,0.8176082032466072,3.1288644903493017,30.852067548210265,1.4201892071754894,1.5010114355228832,155.7273920079027,58.44167083709313,0.9474911441969658,0.09050450868619034,6.481258144198805,67.65462740069077,5.551760885589103,2091182.335732114,1650164.6405978424
504,0.20935264510353052,4.900107107770581,0.20935264510353052,5.211260495001585,0.15220237566451592,4.268829231926318,0.15220237566451592,4.579982619157322,0.16472350211385878,6.4958471840691745,0.14747630767410239,5.1646810100158405,0.14874202876018097,4.466666317153251,0.14874202876018097,4.777819704384254,0.30832113143212725,0.8080924997716028,0.3185559532675446,0.8122345968177757,0.4130317607393439,0.04197650945372174,0.3201426028724821,3.8044818965669256,28.87472215864823,3.219875614535293,1.2404077048085953,146.12133312420005,55.66221422399373,0.8730946973861183,0.0868321023436402,6.7724043624845,48.684677523225695,24.18660241520502,1696178.0154086137,1568750.2594834873
505,0.2089378269610679,4.878480601513292,0.2089378269610679,5.747116822064952,0.1517875575220533,4.195530171118915,0.1517875575220533,5.064293012024798,0.1639597234042055,6.877532486129108,0.1461777628820065,6.080184423479966,0.14832721061771836,4.489892808205824,0.14832721061771836,5.358601073699322,0.2992653717534681,0.7468913286757121,0.21630910962074312,0.8895815864083332,0.5546249320363927,0.02835481785081115,0.4546820661221512,3.90290466315892,26.77844878652957,3.119082677313823,1.503478036206302,151.62857839673265,53.75995050430605,0.8903796512972018,0.09856655970195463,10.09228743706925,81.06386943092312,23.032242781661385,902654.1417237413,2897206.295088198
506,0.21365277629631715,5.245693194227555,0.21365277629631715,5.8902370564253665,0.15650250685730252,4.403836868374295,0.15650250685730252,5.048536812392164,0.1694728091566937,6.933368503800207,0.14876874897694434,5.719867359949764,0.15304215995296758,5.797423127074189,0.15304215995296758,6.441864697456339,0.4277533930014849,0.7484493393494076,0.21823973527865753,0.860072359749909,0.8906057955849358,0.041122834914169154,0.31353747011044525,4.355810707160829,28.06644164857951,3.73782389740891,0.5961441488506065,167.0470185494124,46.53934831901177,1.1412768184191835,0.09498088014495076,4.551496083508995,53.676991826653726,10.006552054778568,888107.118814621,2182505.205099355
507,0.2083066417080048,5.543939560236052,0.2083066417080048,6.022661757345276,0.15115637226899017,4.606945414132419,0.15115637226899017,5.085676632931603,0.1684267891764515,8.236526801688273,0.1459349298995902,7.040621190941241,0.14769602536465523,5.704096939434552,0.14769602536465523,6.182789443006092,0.2769851707987103,0.7679871197232978,0.2057881509878895,0.9314034829558082,0.8517571085262208,0.029100748364914497,0.33621947264125307,4.948893762867682,31.75821644281764,1.8641821471954119,0.948039825957322,175.45123512030577,41.4199473275791,1.03904573585319,0.08203671581040564,14.466744708874502,83.20040925099454,17.419000992601816,1330958.7711977586,1869642.7128768591
508,0.20939879444791443,5.500602291606448,0.20939879444791443,5.961189256141219,0.1522485250088998,4.644769750703135,0.1522485250088998,5.105356715237906,0.16665102134645315,6.865389008717843,0.1456175126954826,5.761878207505148,0.14878817810456485,5.901026534008278,0.14878817810456485,6.361613498543049,0.28077433595067336,0.8438845909727362,0.2022648183457636,0.9636531531917655,0.7177672811333132,0.027603484182348828,0.6342618029696085,4.555701717176849,35.89701196729467,2.3541553183715727,1.321879616300407,171.55775798258912,49.197028925114836,1.0998558736153001,0.06251834615900599,4.966315765926457,73.11206098450204,6.639459420990442,1436546.8829935105,1834288.5771757415
509,0.21154872070361005,5.029416915641304,0.21154872070361005,5.671532835619207,0.15439845126459542,4.396743099180989,0.15439845126459542,5.038976318129914,0.16451958127197971,6.81653008175919,0.14825104028860406,5.827010875004324,0.15093810436026048,5.408161828379055,0.15093810436026048,6.050207528304552,0.3513909479990156,0.7051864138417439,0.16960477727098883,0.8345895223046353,0.8715978249486092,0.034965403990914995,0.47132379494637,3.5037122642128473,30.34256694939608,3.787018827742825,1.8777084014814411,157.44223031057413,66.7672749133971,1.1028984098285546,0.09353062458207649,4.685942100655616,97.48800990167535,20.06994368438069,840861.6634124089,2129176.757062164
510,0.20917840180162953,5.192784160337367,0.20917840180162953,5.620957720340812,0.1520281323626149,4.377723100417518,0.1520281323626149,4.8060477743459655,0.1644876268289534,6.564286394746599,0.14725391752211076,5.499225856873865,0.14856778545827995,5.669559846687236,0.14856778545827995,6.097645011539873,0.27894940100409027,0.8042647297662654,0.2539976220542406,0.8399740828271449,0.6709409047139714,0.03724449960852464,0.8901796945352838,3.795204913148404,26.94453852976678,2.713892033497867,1.837779610563778,164.05951527550002,47.509788007098244,1.1243070512381113,0.0674917622888881,5.233028363412797,58.606560350110854,10.611806154971855,1034923.4675498189,1602679.5294314353
511,0.21115229331944457,5.202326168264785,0.21115229331944457,5.533057339114491,0.15400202388042994,4.653098998371098,0.15400202388042994,4.983830169220804,0.1637606173421607,6.558525731697398,0.1464251357938411,5.185939041457797,0.150541676976095,4.932997315044921,0.150541676976095,5.26372848589463,0.35794658332824575,0.8361657333149003,0.26839432208792235,0.9297753915666528,0.3531768576451817,0.04005093587659215,0.8924336294813646,3.699106817048426,30.034610534021894,3.297448817773173,1.7063470298078873,157.29280133414116,78.42613878244329,0.9267449364007863,0.10855000885227645,4.093455544296643,107.21693263316352,1.0108441241019095,1888114.7529487298,1717302.5428256658
512,0.205492189048669,5.67811445590793,0.205492189048669,6.161758844895607,0.14834191960965437,4.750060383363204,0.14834191960965437,5.23370477235088,0.16032823611741617,7.90364061969089,0.14594173136084318,6.830754763324933,0.14488157270531943,5.29948932014804,0.14488157270531943,5.783133709135717,0.20781033089921164,0.7705555040272287,0.2625959531697516,0.9053311428198278,0.8395039449688448,0.04298983066129182,0.47217793570305117,3.26814731268568,28.256886047451346,3.411285084173583,0.9829114133253486,178.14352126294463,45.44267823153234,0.909070872366074,0.0706747557748586,12.286742987509411,76.60295943701333,12.615168708857581,1894855.221338344,2218060.1578380303
513,0.211962599878961,4.8191464380481674,0.211962599878961,5.502887142059257,0.15481233043994636,4.168081449099972,0.15481233043994636,4.851822153111061,0.16406867202331832,6.557490033296317,0.14819113667932585,5.604268474437698,0.1513519835356114,5.015036732901377,0.1513519835356114,5.698777436912469,0.3040667126563554,0.8494565719659222,0.22053032222003985,0.8209554169979635,0.7317846333416058,0.027688101450232136,0.8585095865524617,3.4127579218328785,29.148207050148926,3.609251946502333,0.9740851909479558,143.7019325096668,50.49222132225218,1.0583195180499083,0.07259242148444797,6.849148421952848,55.692419542522885,1.7185593118195763,1541825.6820468567,2643687.3223333973
514,0.20884328705431648,5.652350559573943,0.20884328705431648,6.159845068173861,0.15169301761530185,4.759598012796859,0.15169301761530185,5.267092521396778,0.16264002936284128,7.441793951759634,0.14723595840441897,6.350484679390389,0.1482326707109669,4.824003353342102,0.1482326707109669,5.331497861942018,0.3009007306401603,0.8476816173365705,0.34757299633391997,0.8515072790269714,0.7196989972453394,0.04201509562354837,0.9086195364448353,3.3979078916047296,33.845222512781454,1.9070589343521451,1.275104412142573,177.21924952720735,49.3684417799675,0.8000298678040788,0.10752015168376546,8.014346986238712,93.20788496092139,20.143427945578324,1636220.6227350268,2097722.83801415
515,0.21271703396708905,5.144017138806081,0.21271703396708905,5.568828973294717,0.1555667645280744,4.601923966564768,0.1555667645280744,5.0267358010534045,0.16394745512771203,6.767099345551368,0.14842155293194512,5.613937499715959,0.15210641762373947,5.251258753537077,0.15210641762373947,5.676070588025713,0.3523049034511602,0.784055179139675,0.2012398235458251,0.8325289952407642,0.8108396474384099,0.029390748201579192,0.6393266968803656,3.307710614582402,28.519229409144387,3.036872403515462,1.30404509584903,155.42959751411345,77.75560633609075,1.029518428789699,0.07348804524161853,4.572303007191847,110.99805973557369,16.644941793303914,1865253.5275492996,2016790.1104020085
516,0.21264752477384452,5.155777504961047,0.21264752477384452,5.567423025791113,0.15549725533482991,4.61816212381484,0.15549725533482991,5.029807644644905,0.1679100035413106,6.80752631632235,0.14692525534196654,5.389773578110091,0.15203690843049497,5.392473410160289,0.15203690843049497,5.804118930990356,0.37926848982743044,0.8408242890771918,0.24868189364172008,0.9142603243052626,0.42850104210589907,0.03558829207241492,0.40037353139758985,4.420987767181443,33.0585716947963,3.626379579790135,1.5903659631555944,155.92397158326898,78.71024136848376,1.064944364501314,0.10914916948177242,4.537499341830117,75.48084984694162,18.543199262467088,1676146.1314888415,1828217.8942579115
517,0.2068702639657724,5.182397554636325,0.2068702639657724,5.621554919653886,0.14971999452675777,4.421046346094755,0.14971999452675777,4.860203711112315,0.1632759841575645,6.6635525431149185,0.14653335990113325,5.577872207821953,0.14625964762242283,5.624844315841808,0.14625964762242283,6.06400168085937,0.24541176134055925,0.8092325818420303,0.33297696504416174,0.827553906664152,0.6066634633699735,0.037863588569330225,0.42935940460493766,3.7763264270519814,31.468364054078176,1.9101534875641468,1.9050092859458259,151.81302097202158,42.73525734070748,1.1246854028524256,0.10067454323923546,4.6331989428307025,99.29972772448346,13.383095293935005,2461136.5585045135,2346077.1228842763
518,0.2063903755672275,5.6708430247542685,0.2063903755672275,6.319579906725077,0.14924010612821287,4.870981131846545,0.14924010612821287,5.519718013817354,0.16128994492939702,6.779337811696891,0.1453152854834038,5.828915656565995,0.14577975922387792,5.486612981214602,0.14577975922387792,6.13534986318541,0.29670469641839303,0.7051887616634251,0.28225119805162757,0.945352561792723,0.8015513176388441,0.02828306303953063,0.9594402704299008,3.5821875504776717,31.073740103554652,3.8454791354541342,1.039460915199311,178.40905390797886,64.01337846864268,0.9558218851871483,0.06587443644545801,2.714955973248192,42.8052943122113,11.215215599307655,1697864.2122486385,2601097.6200292753
519,0.20747836700762326,4.984119471937444,0.20747836700762326,5.395885992469564,0.15032809756860863,4.4959219276602305,0.15032809756860863,4.907688448192349,0.16580722030025075,7.588562072553655,0.1454950295442298,6.419542400772077,0.14686775066427368,4.716396760934769,0.14686775066427368,5.128163281466888,0.2746010229364574,0.8014423209933387,0.262823736706061,0.9709563719181183,0.8236875474207632,0.033507711874042695,0.4998869540055513,4.491049865653748,23.10463856179233,1.756074663412722,1.9433412424297125,148.29470097713198,78.22827765252727,0.9227633913209657,0.08915860549260053,12.154691418111188,96.28222347576349,27.776152945830383,2132496.5203306787,2165420.376007819
520,0.20629886807815873,4.872768739311679,0.20629886807815873,5.578610514523138,0.1491485986391441,4.18412250408427,0.1491485986391441,4.8899642792957305,0.16404208913387205,6.331311583390109,0.14496606881921564,5.354123178465982,0.14568825173480915,4.772754067252805,0.14568825173480915,5.478595842464265,0.3326021765400444,0.7236896434263456,0.3441045914490014,0.9629011840939159,0.3514778931368812,0.038719593989411175,0.21105142277567968,4.277338454567424,34.72148501142884,2.9685023476956505,1.7282685709998589,143.6228561092172,44.87625356722903,0.9702077179200678,0.10809719201742561,4.401796420479834,67.0013885157674,8.458370412520837,1632888.2504713372,2703790.4675133405
521,0.20633025642127656,5.5594370929410255,0.20633025642127656,5.98236733524086,0.14917998698226193,4.621774174915383,0.14917998698226193,5.0447044172152165,0.16354360115730066,6.879775296230379,0.1462960896302986,5.710023002341784,0.14571964007792698,5.7967525382974205,0.14571964007792698,6.219682780597253,0.29116182621191283,0.7288115348595559,0.3363933668779351,0.8682862411819884,0.9342580640279541,0.034896366948942936,0.5529772680855719,3.89728425117755,25.3751381779455,3.18226095881282,1.501721674719222,175.07384368949408,40.926588142889884,1.0579920355465058,0.08589857635934117,2.7476661221029763,96.92781531620545,21.560251858581328,1740971.5344529394,1971995.8422493362
522,0.20997671682977587,5.241923953021669,0.20997671682977587,5.87249679556843,0.15282644739076126,4.459071249980402,0.15282644739076126,5.0896440925271635,0.16990223909020147,8.515059557277265,0.14689990177798928,7.348681051853946,0.14936610048642632,5.31659824811234,0.14936610048642632,5.947171090659102,0.40397949082322326,0.8354988018636225,0.3810517413028267,0.9304086624877612,0.9628680810730739,0.04209173650804882,0.406672071572901,4.972170845720837,33.15715169244714,3.444276898840493,0.6497301678962164,160.7319732947929,48.70903658464265,1.0198761593592245,0.07645429242764046,15.98933434996648,52.05133406222893,14.045545441159181,1518428.6933000218,2428663.9894865113
523,0.2139776130549453,5.637606782005306,0.2139776130549453,6.061321491974555,0.15682734361593068,4.81719214531385,0.15682734361593068,5.2409068552830975,0.16561314978073222,7.053981927830148,0.1470756055020118,5.818952350410174,0.15336699671159573,4.830417866662927,0.15336699671159573,5.254132576632177,0.3722079976684019,0.7906486657930543,0.1096402984675644,0.93911702870474,0.765699817772001,0.03073828271259815,0.7435402831870213,3.8365088439016617,27.218776849778862,3.4144784945868194,0.7852432856830375,176.65638512694395,59.358790093772996,0.8045167886041756,0.06006328179075421,5.033363248542705,57.62225164575882,13.2295844692765,1904734.221739814,2048398.1508464706
524,0.21333853073872844,5.040350452232652,0.21333853073872844,5.744960135903791,0.1561882612997138,4.431863143698249,0.1561882612997138,5.1364728273693885,0.1656931478953001,7.587941833778107,0.14831949962474605,6.689610757543606,0.15272791439537886,5.432322920515672,0.15272791439537886,6.136932604186812,0.376393830361951,0.7007423229149936,0.10933648776443726,0.8627824529564472,0.8645629829243964,0.03223602261723335,0.9820041899570449,3.6631293140949506,26.20851326813846,1.4065828122169801,1.181041672767257,153.136035283059,65.91291450676522,1.1095069743690793,0.08965363376784889,13.097501869957961,59.11299833668607,3.838839315026197,1669105.3672690503,2800397.9503070624
525,0.2135236617691333,5.575303917451748,0.2135236617691333,5.8861932342203716,0.15637339233011865,4.948180620897255,0.15637339233011865,5.259069937665878,0.16574943205487752,7.769994168598824,0.14896307778654963,6.417052696464004,0.1529130454257837,4.923356752236672,0.1529130454257837,5.2342460690052945,0.327237631598956,0.8240352237970722,0.17667177335948697,0.8111202711291502,0.5115869271886923,0.03761803556588269,0.2754844573272246,3.562552754434292,33.72304691996832,2.7411170164622987,1.5541601637178724,169.28458487638352,79.3317750783536,0.8352374126125092,0.10406511342229494,15.002576168054645,110.27028732751057,11.634156609703323,2276011.614308049,1828236.2444727728
526,0.2073082276378955,4.997761812400156,0.2073082276378955,5.4571328712902085,0.15015795819888086,4.415713774999791,0.15015795819888086,4.875192746741774,0.16511438797934452,6.39770066371588,0.14650331489652,5.2039428991724455,0.14669761129454592,4.35108092058012,0.14669761129454592,4.810571875380547,0.30021431820791006,0.7006641745700165,0.2958556782071845,0.8152034196261712,0.4676689107274652,0.03379782617268084,0.5497304676244787,4.18589554522199,23.024228617560546,2.3756512465933084,1.7139186383050404,158.01947496688985,74.48967132229876,0.8249498438316918,0.10815570462523061,3.994281535371178,61.85276005226403,22.356029681302452,883634.4095253303,1649248.8154953949
527,0.20941123497040035,5.3264062673983705,0.20941123497040035,5.609016123196859,0.1522609655313857,4.535114586309703,0.1522609655313857,4.817724442108193,0.16119257250425595,6.643652744291191,0.14638669046804717,5.396285166445216,0.14880061862705077,5.301801015430437,0.14880061862705077,5.584410871228926,0.2917054072362989,0.701575750878939,0.13895307041139426,0.877620422857539,0.34679125652004,0.033198502197282834,0.9243091827147834,3.2370242367947863,22.357760079172426,3.43573541703819,1.9679736589411692,162.31589019423728,49.06811331140942,0.9935146951746376,0.0807300180357953,6.40398864238379,86.77556831936744,19.95198804664214,2248999.0406490928,1834311.4127332899
528,0.20425832768973312,4.604828136580487,0.20425832768973312,5.148344224445413,0.1471080582507185,4.151407531699792,0.1471080582507185,4.6950076846374476,0.16651834172920224,6.219298304065888,0.1450576900267105,5.0698844474776505,0.14364771134638354,4.091838328319293,0.14364771134638354,4.63544952550452,0.22125255665746119,0.7197577686001729,0.3545195394483759,0.8552254395635954,0.4185861711363671,0.03168077410566904,0.8271084483032873,4.9623685434687435,23.697121135624183,1.1917531057535555,1.161403390020245,141.37745962005573,76.18460019508615,0.844792875907723,0.10873395027700883,6.472099501589993,118.76947254663543,16.922896108294886,832551.6676710439,1877085.1806554568
529,0.2089327215764304,5.5430135851695,0.2089327215764304,6.112756775541847,0.15178245213741576,4.942590041113319,0.15178245213741576,5.512333231485664,0.16616386468444144,6.625586964030039,0.1466230607743031,5.646839894539986,0.14832210523308081,6.1384290614785275,0.14832210523308081,6.708172251850875,0.3328615378229518,0.756070002788417,0.2964771206423818,0.8577718616934593,0.5061899380190251,0.03282418413252468,0.4514286223035406,4.3059598101594005,32.6427019562952,1.0129766568383496,0.9971246054430986,172.92677539433276,86.91700328913683,1.1473063574911646,0.07697455481577883,3.3568103610323923,70.87714585128495,13.36788838980951,1633927.4949287463,2305678.185628869
530,0.20799629598493363,4.980998263876744,0.20799629598493363,5.259469957710655,0.150846026545919,4.244383672552679,0.150846026545919,4.522855366386589,0.16126764565761323,7.200610960938627,0.1468599805856034,5.891628558496999,0.14738567964158406,5.452836742124532,0.14738567964158406,5.731308435958442,0.3045923991919086,0.7344395451868686,0.28335121735782254,0.8508383712580413,0.7804733811013043,0.03660239482048151,0.9054897985744705,3.204686932490005,22.352915441573796,3.0129870729295263,0.7265863186247783,151.86501841229912,46.415410733840524,1.1329227208318478,0.0805687705199163,10.963898483441149,88.26055571803877,17.896795662209257,1657220.3890578588,1507575.4419022189
531,0.21624158242629526,5.096832616064078,0.21624158242629526,5.872504026926156,0.15909131298728063,4.354930394924041,0.15909131298728063,5.1307393559183945,0.16486247307492663,6.680577176479654,0.14900331666991087,5.813781741478221,0.1556309660829457,4.552395412513109,0.1556309660829457,5.328167763104479,0.43092740510469874,0.7817569503838566,0.17320321124739338,0.8440066741544009,0.3975357232779131,0.03206753980296714,0.3478157043238812,3.263754813645142,27.9115339556659,3.5625806983949593,1.9523011939138888,161.06354878721362,54.8073831131227,0.855411544298588,0.09499237405423669,8.769008084225709,85.39178405383919,4.973630318784136,841857.9456887525,2566648.4312808844
532,0.20901019176068913,5.190666032907664,0.20901019176068913,5.8084940475397975,0.1518599223216745,4.620216307104476,0.1518599223216745,5.238150084238736,0.1663085409421752,6.94771649808483,0.14678436283598129,6.014504190049955,0.14839957541733956,4.513076148805986,0.14839957541733956,5.131029789936507,0.25151354322983693,0.770794819652129,0.1621702824467121,0.8517008828176852,0.43411512818801345,0.03699633108374934,0.8002810308302821,4.302019803590614,30.6640127953201,1.5885008241695258,0.7321961769923896,163.49319725520428,81.84701857292202,0.822723848418112,0.062170620437562815,13.489264420204762,105.44321621879581,17.22389607614051,943656.6486154137,2110086.5274649374
533,0.21002869967661136,4.925142695904922,0.21002869967661136,5.7180893967307345,0.15287843023759676,4.3602377572852715,0.15287843023759676,5.153255749337536,0.1651621502999799,6.936895749505852,0.14811337684166473,6.060090713684025,0.14941808333326181,5.041397200029108,0.14941808333326181,5.834322347041002,0.3256942370180153,0.7766029308098523,0.28178623572876954,0.8138973209097922,0.7781432962842756,0.04166255442851888,0.4587562750095726,3.735888075183955,31.986506306864065,2.2177153555489237,0.5537989369452082,150.57129202107635,69.5808055088777,1.0330255987071293,0.08819465933319103,8.17554538564708,41.59475670709443,22.9541517548721,1102976.9643627258,2721677.7386913644
534,0.21159002772657287,5.333262350381005,0.21159002772657287,5.8050164170666285,0.15443975828755824,4.457293171708185,0.15443975828755824,4.929164338722016,0.16367615266413194,6.562859084701084,0.14673451890486194,5.429918739760189,0.1509794113832233,5.80954618122895,0.1509794113832233,6.281211943954744,0.30339564097020616,0.8321066494120866,0.15313566820989033,0.9096598353785172,0.5720568269353646,0.03050795045204807,0.8755211209442748,3.6086479813581236,32.33196266734822,2.5461330823547494,1.4832159190839453,167.64111471390464,42.29952418632743,1.1215257714244444,0.08770341123562102,2.8559093382876584,99.1398096587754,8.18822654708464,1141651.134693626,1741738.0886669476
535,0.20796554565503547,5.224996965980637,0.20796554565503547,5.79209156790438,0.15081527621602084,4.452656831498702,0.15081527621602084,5.019751433422447,0.16478568397658494,6.965539302703021,0.14518162124155065,5.927074411176235,0.1473549293116859,5.653933188080547,0.1473549293116859,6.22102779000429,0.24091576688428967,0.774184053492091,0.12173907404867756,0.9756388345641325,0.6372203558251821,0.02886407219646205,0.9788193198840969,4.308225039253303,30.587644003895818,2.1115407937329516,1.6121976884396547,159.9522445520645,49.35825422793512,1.114727095428826,0.09049923508874227,6.363236248295689,104.76809499471891,27.63697984532972,1633753.3982049092,2314149.498039391
536,0.20654072146004818,4.930466717823656,0.20654072146004818,5.554332194187843,0.14939045202103354,4.385565682942656,0.14939045202103354,5.009431159306841,0.15934370587831326,7.01264864999379,0.14539585497930732,6.201351862874213,0.14593010511669863,4.7244095990124375,0.14593010511669863,5.348275075376623,0.22984848648917766,0.7299039457919759,0.14543402018281687,0.9915254901272195,0.7581081539248057,0.04292290783489494,0.5805425188928559,3.1083286926750437,33.1523035840127,2.07601203963687,1.5279080356192851,149.42213589833588,71.36489226937076,0.9410021347115377,0.07005408230064143,9.677679332329927,77.57824648615843,28.384307930610102,1242922.574721356,2262717.9404740743
537,0.2089628937354737,5.296763705464447,0.2089628937354737,5.635482350435622,0.1518126242964591,4.672616985206307,0.1518126242964591,5.011335630177481,0.1628317994303137,7.02695857773552,0.14732725969812902,5.822887535881711,0.14835227739212414,4.907348870809266,0.14835227739212414,5.2460675157804415,0.3051954029021232,0.7031920625626341,0.2139069803858805,0.8349305745749027,0.8760774908329934,0.032895856027535135,0.9012226255816989,3.4226924725474484,26.382294292957734,1.3931135982850016,1.4446062642067203,163.9223529116629,74.41613775453193,0.8983662552721109,0.09964260486143152,6.081923551093788,53.62898370999905,23.897025870741928,1686943.9597161189,1670383.5815079005
538,0.20752951558317906,5.689362436110906,0.20752951558317906,6.08680264515599,0.15037924614416442,4.9620632888994916,0.15037924614416442,5.359503497944576,0.16543741309162716,8.263103634865697,0.1473142778377548,7.009297783552018,0.14691889923982948,6.301968054256102,0.14691889923982948,6.699408263301186,0.26134221339783054,0.7218781028617608,0.2470684138790339,0.8107914145651282,0.92031349596298,0.03863389550722581,0.6767044753193687,4.069008246625215,23.676763932783636,1.8509897437652527,0.9964628830073254,176.2223241230467,71.99913378162728,1.148724893179572,0.10097573856100012,12.215830800184088,99.19181068358333,25.076176936055646,2415588.614045382,2264000.0606767093
539,0.20897776628670614,4.9222176971042035,0.20897776628670614,5.711422691607584,0.1518274968476915,4.165052746161538,0.1518274968476915,4.954257740664919,0.1621826332629726,6.477682223889257,0.14512528427274018,5.7168112721688065,0.14836714994335656,5.070711705936557,0.14836714994335656,5.859916700439937,0.400435198913097,0.8164745571792678,0.3708495865227974,0.9946824037626782,0.6758816479608238,0.027007601171078244,0.6773749972844852,3.6967567574932483,30.296895617213686,2.467196953261446,1.7918868385463251,149.20345613822144,40.801308428744946,1.04257882412845,0.08494970326672724,5.143578644486181,46.651713002998285,14.884375940589358,1344265.194590909,2853900.8240049947
540,0.2078912993313128,5.4651140350134995,0.2078912993313128,5.95348736252679,0.15074102989229818,4.923419136222279,0.15074102989229818,5.411792463735568,0.1610260721878323,7.537517432176672,0.14649140112237144,6.501710849365954,0.14728068298796324,5.342678338161686,0.14728068298796324,5.831051665674974,0.36533139958605954,0.7156468865867729,0.34825681050168394,0.8410544723373311,0.5703545181201675,0.03140416019048682,0.48670523949821326,3.2397580273763005,27.56925117819154,2.2111083381155776,1.9740563688409367,164.82290829982875,87.04161414056978,0.9682199848882949,0.10630799753274212,12.952969652211964,104.45559581339703,21.671246815648313,2499453.2743121265,2554243.9386888123
541,0.2086802065973703,4.775970583145009,0.2086802065973703,5.400090962114444,0.15152993715835567,4.191823225361749,0.15152993715835567,4.816051906392406,0.16259706764586832,6.704499033518024,0.14565050914939523,5.642001364961857,0.14806959025402072,4.87328607471328,0.14806959025402072,5.497388411199007,0.31650509848783986,0.837914269778353,0.3240286300647743,0.9351447797079728,0.5027555822108489,0.030670554114258064,0.9139317437451182,3.709886474179366,26.781467942274585,3.5306174439136866,0.6665151119916064,146.71200096898545,63.01713132987907,1.0283726191716627,0.08130423891884676,11.527330277320821,51.791544967976066,16.369383935226107,975621.6818311192,2178990.3872799696
542,0.20772344660034756,4.686637271827595,0.20772344660034756,5.137981708266478,0.15057317716133292,3.9807908013409534,0.15057317716133292,4.432241072563698,0.16348244328482953,6.539863463388644,0.14516644575923837,5.4650671419442345,0.14711283025699798,4.87196760825036,0.14711283025699798,5.323277684080038,0.31953907577399376,0.7156262247025141,0.24305011841613225,0.9634713037347789,0.5415719093358924,0.030076502181531586,0.3265751272820988,4.040636158005418,22.78252233402884,1.3249525877280857,1.3674204787447373,143.96585637382603,42.9393458224844,1.0550642968217774,0.0765208577214119,10.450779452388382,105.78941603546842,16.33841365798399,996282.4397663472,1690815.2627505662
543,0.2073948863019751,4.693993865482395,0.2073948863019751,5.208946079020119,0.15024461686296048,3.9862035617033262,0.15024461686296048,4.5012870009566965,0.16585271077345176,6.360750369772306,0.14529765040892217,5.233833106800947,0.14678426995862554,4.323616222288786,0.14678426995862554,4.838637104570666,0.22920296793824094,0.7833720582751623,0.12641149358230835,0.9981220818911122,0.8278112896531161,0.035374191669029734,0.6097904443359505,4.536994457266898,22.74717704968584,2.0566942209568024,1.044658931028223,145.65667226908533,44.32528030216767,0.8912329202078276,0.08278028783223376,4.400503793715129,58.269848493128826,23.85934202891008,808616.7955187632,1788594.9641929273
544,0.20717721075144174,5.140647248157686,0.20717721075144174,5.811228058703458,0.15002694131242714,4.556241923399298,0.15002694131242714,5.226822733945069,0.16483930725011078,6.497823666422161,0.14588301730089856,5.41053432013335,0.1465665944080922,5.338619439181125,0.1465665944080922,6.009200249726895,0.29514386996238273,0.769163984428754,0.2948397002008926,0.953057765941411,0.9950010213726876,0.035672908668651075,0.825485479464481,4.212267370277804,22.808389454059718,2.504775225558754,0.6749699364564106,157.62486627715046,73.74006700377751,1.0537332455722024,0.10884362360169506,2.086826468887236,108.09803385481848,3.252612875803292,1784571.7534473096,2784253.0079121063
545,0.20805925964947486,4.883232315699379,0.20805925964947486,5.467028997947144,0.15090899021046023,4.289714279405429,0.15090899021046023,4.873621001065496,0.1655178824317345,6.822584211335945,0.1453101194290186,5.850116279542467,0.14744864330612528,4.667158273381743,0.14744864330612528,5.250995016182307,0.2582339664221856,0.8455191377391177,0.24475594179242607,0.9531363582012168,0.48537404496271774,0.031091993192926506,0.4757952279265536,4.4470488429381705,22.0086423168665,1.525315726601021,1.1122344501206385,153.15344711702696,68.18259062377365,0.9396525520136766,0.06928535829636291,13.081168825147472,104.36717905376887,23.189609401360364,921887.1967311844,2071237.2077495377
546,0.20598612650124545,5.395962900930335,0.20598612650124545,6.048534154822027,0.14883585706223085,4.809781331067491,0.14883585706223085,5.462352584959184,0.16601134838498124,7.702208111155685,0.14639831847188703,6.811259506941934,0.1453755101578959,5.602996534987967,0.1453755101578959,6.2555677888796595,0.17988007462135022,0.7962618608035827,0.2155250452504329,0.8331093768562217,0.678222440680274,0.04128147548685493,0.8467558886222704,4.46223779252007,35.608996364237996,1.1363667261812487,1.338767963915548,160.26331355898182,76.21723485657293,1.0552675741375226,0.09043833538861848,14.085725434893211,112.30895409793602,8.28520044590627,2381480.2322924724,2930102.7037171787
547,0.20329839495747348,5.142384452010969,0.20329839495747348,5.652191933736828,0.14614812551845885,4.424431257809641,0.14614812551845885,4.934285621785971,0.1613295922567914,6.371735481955711,0.14452580936429532,5.36885251489936,0.1426877786141239,4.854983534341603,0.1426877786141239,5.364837898317932,0.17162443058240945,0.7521799045213703,0.3388291646924403,0.9169051606351618,0.4607804616935276,0.03207604539604486,0.9288439825581414,3.9098079878841254,29.93236634096673,1.3406919563373545,0.5296782181578721,159.89498683229917,57.16597880573886,0.9231142123398726,0.07003702263151396,4.708886798221787,82.82205207820762,27.70456699846834,1185186.4059122098,1907643.467823558
548,0.21323204963909892,5.500666163840847,0.21323204963909892,6.082854865474374,0.15608178020008429,4.7740749485014655,0.15608178020008429,5.356263650134993,0.163524458560312,6.707588966947789,0.14687785550477406,5.631985417675071,0.15262143329574934,6.111141745409205,0.15262143329574934,6.693323972221156,0.3912209984445413,0.7187431397644019,0.11940133612830117,0.9149924720186557,0.44083181848030495,0.02926319859188015,0.9987575183856123,3.4840765421493716,24.70528150857713,2.1772351278396123,1.4898969344211779,174.7758261518711,70.63325291434131,1.1494328028230716,0.10504359638170721,4.0326264052081395,101.71499410110266,4.621571880796102,1465797.247899545,2323765.536261015
549,0.21174868539212874,5.1774186037951955,0.21174868539212874,5.823095566607939,0.15459841595311413,4.552134059067616,0.15459841595311413,5.197811021880358,0.168043024302565,7.033549062927041,0.14783150628465289,6.076628709906048,0.1511380690487792,5.47873620587099,0.1511380690487792,6.124413168683733,0.3482760393798919,0.7641781608780068,0.19924844419797844,0.8584932549799327,0.6142101479490312,0.0393695874319483,0.3934190939354625,4.33179303256715,24.00212336802555,3.670702433447156,1.7745755472613884,160.37157678122378,70.86591456096184,1.0803823536269972,0.0670795573478995,9.0242059898738,118.51510457528208,12.117993407637035,1573951.3372997032,2590733.708657775
550,0.2166049469873445,4.804708471518362,0.2166049469873445,5.571055493984422,0.15945467754832987,4.1332850040234295,0.15945467754832987,4.899756509722101,0.1727008811021393,7.243989563742131,0.14973571755529314,6.231161594837989,0.15599433064399493,4.68767586375738,0.15599433064399493,5.454044584299305,0.41330063431565106,0.827420010557941,0.18220095792667687,0.8403932089925996,0.8275743279967391,0.03360419659473981,0.3470109841382555,4.717571555711632,30.98895574705257,2.703204332189738,1.3974725365445517,146.91606193362574,50.72300947950012,0.9659261904164635,0.09215678575054409,8.842931834142915,67.48364730616223,27.067118674270763,939326.4145371584,2561129.89909063
551,0.21150227539923527,5.266269033658759,0.21150227539923527,5.878765917240215,0.15435200596022064,4.683060280254774,0.15435200596022064,5.2955571638362295,0.16220822283507683,7.787971385424027,0.14597542366894076,6.894805816219428,0.1508916590558857,5.764476553459385,0.1508916590558857,6.37697343704084,0.3317069253327273,0.7906139446867293,0.12188516355363163,0.9855474133210989,0.8406397762012716,0.030633916591722654,0.9786198516575322,3.423641589208913,23.414032484321837,2.3989131580602554,1.7458526154952458,164.91326696657381,81.41128416447702,1.1292463532522103,0.06640833874167715,12.789819271864546,101.98499514892859,28.070112572227004,1497289.2505967484,2452534.4647579067
552,0.20535443692837868,5.175698673740887,0.20535443692837868,5.909128398945208,0.14820416748936405,4.62319892973232,0.14820416748936405,5.356667998921638,0.16497122481886628,7.262497167011002,0.14478499754303498,6.383959626060756,0.1447438205850291,4.963955638222033,0.1447438205850291,5.697424621013101,0.3022565366644475,0.7081940141527105,0.3350655260707059,0.9876735851066154,0.641787312617069,0.03411905170443396,0.2055686163733321,4.567451903453728,24.721634094548268,1.535953580397112,1.695106129725207,162.80939366040118,83.52506163154749,0.9443695254928179,0.09986733245637616,12.246715891650997,94.31802328377405,9.861793319813325,1199926.1554925865,2653191.986596198
553,0.21054497158608168,5.031831181732661,0.21054497158608168,5.701701055755199,0.15339470214706705,4.571628059994366,0.15339470214706705,5.2414979340169,0.16183272511254942,6.375279384298714,0.14548451406787793,5.441740766451394,0.1499343552427321,4.939796373230362,0.1499343552427321,5.609666247252898,0.422118482705137,0.8409577390119126,0.3592608725802179,0.9789457675309663,0.3549852729904242,0.03511820674848742,0.717086355115579,3.4877050505471887,27.33134108189718,2.8741957025184637,1.8080871946084485,149.30948284624566,83.20954130094628,0.973628894464537,0.09430516062545638,2.9696470163945348,107.98382563559844,16.086463581321404,2095742.3327537486,2907791.689460909
554,0.20744460874730808,4.961809284971613,0.20744460874730808,5.528032997310181,0.15029433930829345,4.514286406095938,0.15029433930829345,5.080510118434503,0.15881190361592065,6.828219019218085,0.14514685002479952,5.855205356666182,0.1468339924039585,4.383120911732648,0.1468339924039585,4.949344624071215,0.2579234898288939,0.7661147401570414,0.19400753292362546,0.9725559336283548,0.6602027221719058,0.029596768365955907,0.31153708875333197,3.0189654256233958,31.75422583170623,1.5236466997284883,0.8966200354275378,143.32154603613915,79.03674176871166,0.8272584200652416,0.0929372466710231,9.359910779094147,95.03878932387946,7.664652723059148,2319741.759183961,2664263.9343907293
555,0.20645409043958285,5.234437160851835,0.20645409043958285,5.475760005989291,0.14930382100056822,4.487274000679541,0.14930382100056822,4.728596845816998,0.1665035706404918,6.78588269887216,0.1452354468687933,5.314055556933386,0.14584347409623327,5.461759351948058,0.14584347409623327,5.703082197085515,0.2747619005881551,0.7721913914066059,0.31210965969550686,0.9441936207504565,0.4003256155140605,0.038856881031191184,0.9446632743686181,4.769449793409336,24.23091681027921,2.7809321768678985,0.5215877528070123,160.19278931596918,53.23286076924179,1.0607103148156103,0.08177194208328638,10.349917942178413,46.91437275780126,8.15913648164081,1922598.9469050104,1515527.782104265
556,0.20610209323223191,5.155683267382073,0.20610209323223191,5.859153945128431,0.14895182379321728,4.37268706232295,0.14895182379321728,5.076157740069307,0.1631483414016129,7.589458981406816,0.14567067855772695,6.596119174647042,0.14549147688888234,5.44883842376981,0.14549147688888234,6.152309101516167,0.27242639199932017,0.7436523254909899,0.3093953042966795,0.9274984618022355,0.9391438006672224,0.03224831395136247,0.4028697093111402,3.938808886898309,31.378905029266853,3.7913788712330883,1.6547558633930555,153.224291284907,41.02673342038771,1.0818527983020454,0.10728563055785272,9.472478058716568,100.22496533542308,10.471464826388985,2115404.8084239615,2983297.3897432713
557,0.2100650896446516,5.575712495934723,0.2100650896446516,5.919065914894003,0.15291482020563696,4.969793105226802,0.15291482020563696,5.313146524186082,0.1629785407833326,7.7744280749414765,0.14671124022424184,6.543141084965505,0.14945447330130202,5.490561709524309,0.14945447330130202,5.833915128483589,0.2684161741027166,0.7901586361356787,0.10642710384679983,0.9227010727510644,0.7127107644374711,0.04176825796440641,0.23494908382185936,3.5137883184797176,26.811833118004213,2.2884162095426084,0.8618540433824144,171.47871980616748,84.71327786524927,0.9787557185883796,0.07135873393041041,12.484595009963689,78.39954818156755,27.788472145810566,2267927.5952695995,1993485.3384571841
558,0.2111345268000682,5.000340229848761,0.2111345268000682,5.472269823164165,0.15398425736105356,4.564164574922588,0.15398425736105356,5.036094168237992,0.16383067997973688,6.291380092367775,0.1478172494822617,5.224070815816933,0.15052391045671862,5.494854013341121,0.15052391045671862,5.9667836066565245,0.4093248640182895,0.8459372558007484,0.39495982805851904,0.8466005041503487,0.6195434230619784,0.03914993674757393,0.9359656192053232,3.4564683466324926,32.80260452598135,1.7921373704031422,1.2502135036440525,148.48995835580203,85.88090774276002,1.1424770553153227,0.08142635902860902,3.006765326640444,113.96786586877396,2.417179091626689,1794158.3454878153,2084745.3331084931
559,0.20920568351476096,5.521062757444988,0.20920568351476096,6.064008276496265,0.15205541407574633,4.708381787362688,0.15205541407574633,5.251327306413966,0.16096373747631984,6.749742656958767,0.1455494721757577,5.750974846387099,0.14859506717141138,4.7181405976330515,0.14859506717141138,5.261086116684329,0.30899679446262346,0.7839592989760693,0.20889291172334112,0.9685332433424835,0.725318370481707,0.02802768907262675,0.6844927746678822,3.341364237334811,26.33963902503403,2.7267010151720843,1.2868260862638377,172.90705111445587,56.65619394262321,0.8013336306552389,0.07129147855308483,2.9474867550179193,112.1961896381554,20.930998600335677,1772378.0235583293,2354792.9352118587
560,0.21242634589140574,4.794396960554484,0.21242634589140574,5.3251505820490825,0.1552760764523911,4.303089626007909,0.1552760764523911,4.833843247502509,0.16731134460343752,7.625979501214851,0.14871521760827205,6.567586460455304,0.15181572954805617,5.007005410717837,0.15181572954805617,5.5377590322124375,0.3245816864123304,0.8299595418710133,0.229544201932747,0.8076746408844344,0.8886728233224781,0.027593226632852418,0.4339718334696858,3.989515392866914,32.44632098819842,1.6762124169091677,1.5825941858057704,141.89450278912065,71.36402613830128,1.0641030311800233,0.09327338883987174,13.547657112114315,107.38307180157126,2.0583533306919675,1505984.8960979902,2115967.3718116563
561,0.20514201026497622,5.436277165393578,0.20514201026497622,5.98425215562061,0.1479917408259616,4.644714049097831,0.1479917408259616,5.192738061298003,0.1582790648945838,7.186568837707344,0.1447658827512357,6.254262440303791,0.14453139392162664,5.253909518378998,0.14453139392162664,5.801918319926783,0.24255640427753766,0.7464663146127879,0.3120855633500704,0.9547287286430604,0.46095569935982644,0.03346002129190636,0.8997793150841475,3.0695758187733486,34.91307134045475,2.9118509295546127,1.7001050313087922,170.42863278918168,57.138448095298045,0.9542292189840016,0.08286802128600697,12.660152935700788,62.630074796312115,23.3894886032032,1255458.9152458962,2015625.6346319872
562,0.20767413460112924,5.085943834895671,0.20767413460112924,5.598600663221378,0.1505238651621146,4.413063500493369,0.1505238651621146,4.925720328819073,0.16427947485288155,6.603419936494015,0.14548108205813765,5.46571134061653,0.14706351825777966,5.28093986063399,0.14706351825777966,5.793596688959695,0.36194757975902936,0.7485035955895755,0.3444451067062747,0.9386243569796325,0.653912582185563,0.028827722840871123,0.26006947429630095,4.160122362937062,28.556706887944173,2.2205968095515125,0.6585965681000753,149.18434168647502,52.821052601108185,1.0559198673815549,0.08110163462808512,4.136131769772297,99.72943031272204,21.302378727468756,2378258.955071261,2560227.018062364
563,0.21193924464945238,4.718560694463369,0.21193924464945238,5.228116930806763,0.15478897521043775,4.062595351252672,0.15478897521043775,4.572244754041682,0.16456963366321248,7.018909340900224,0.14776160113251285,5.945899740380469,0.1513286283061028,4.130482233767529,0.1513286283061028,4.640131636556539,0.36470816262479344,0.7112488318854393,0.15321500361649543,0.8746800638089158,0.7053575914464006,0.0389399718522036,0.8198106321387983,3.5856407115764712,35.093849537783,1.6301940322291832,1.3935686932926412,141.3342383507199,47.320382676925256,0.8220152895168801,0.09631311340726521,11.706879583768682,113.8152838785002,1.1821166706727027,1027173.474574473,1771567.069851981
564,0.20717909643926583,5.654265237414107,0.20717909643926583,6.017957564294743,0.1500288270002512,4.8257777370501,0.1500288270002512,5.189470063930736,0.16702683357025797,7.176779970692049,0.14682078404495452,5.930171153208728,0.14656848009591625,4.967497158530971,0.14656848009591625,5.331189485411607,0.2761455944529797,0.7943432839987737,0.3648124554174135,0.8082501168039928,0.8531774150628813,0.029341931241140366,0.7955410899954718,4.554243754400312,27.919883205572912,3.0863656709938847,1.928957776268081,179.92908345840289,61.342487264953306,0.8367052026458223,0.08761333591167844,5.893694901266369,56.57308013382503,0.0044505312604614655,1525059.331842247,1649795.6938848281
565,0.20742985065782765,5.301224512830339,0.20742985065782765,5.8027150233846045,0.15027958121881302,4.756525272996529,0.15027958121881302,5.2580157835507935,0.16232548122615342,6.578883559246047,0.14653488474236645,5.496082603565935,0.14681923431447808,5.399346448169724,0.14681923431447808,5.900836958723989,0.2828049266868803,0.7549465647436093,0.31997810538255683,0.8132478934693054,0.36802422974692317,0.03615440300679246,0.6892091726268386,3.5466014130212287,24.691919539458446,2.4202227331222286,0.7135146374764577,166.97341245763317,88.89409319494455,1.0251409912883005,0.08022470640127916,7.8415731078745,78.13849008273516,12.9005366445228,1366452.4773141108,2024456.4749607716
566,0.20485368318414016,5.454081237015527,0.20485368318414016,6.235206688831582,0.14770341374512552,4.7713517552603255,0.14770341374512552,5.552477207076379,0.16333017547786377,6.749342477816965,0.14506390189705243,5.959509854412525,0.14424306684079058,5.195422721912257,0.14424306684079058,5.976548173728311,0.22652252023364772,0.8337167407749477,0.3968032950027002,0.9409204748894131,0.65519371347732,0.03466819085730998,0.9443922739064559,4.1705409197439485,34.9329956632657,2.823109194402332,1.6781211250605372,167.6244427314352,69.82644456244374,0.9339834160294959,0.08713099915563688,3.0878889146294655,83.06344000545808,16.9580963649507,1742824.7230922189,2997256.083360914
567,0.20939365846023456,5.11579231363687,0.20939365846023456,5.356484422828284,0.15224338902121995,4.6184446749690595,0.15224338902121995,4.859136784160474,0.15983377592403233,6.644436207652809,0.14563652453431897,5.317080860938444,0.148783042116885,4.708959585455292,0.148783042116885,4.9496516946467075,0.30963277074557394,0.7611511260841897,0.18452864299607447,0.9555981276494405,0.4985276548281062,0.0332255458109101,0.2613232147310167,3.0751714900654994,31.189165574375,3.648658358950897,1.7113689563807286,150.83340221130038,79.4922528596812,0.8846063340050507,0.08312939747651221,6.953357937180378,107.74575094378937,1.2742164682620216,2216986.063993275,1605512.5711803925
568,0.21138608501522704,4.885528598638066,0.21138608501522704,5.510545978063708,0.1542358155762124,4.401866534957337,0.1542358155762124,5.026883914382978,0.16538724750610748,7.787007905867041,0.14670367203195908,6.7380080875071915,0.15077546867187747,4.796277430665891,0.15077546867187747,5.421294810091533,0.38325551145476144,0.743434065148624,0.2050185055127861,0.9261449188262922,0.7475096880038055,0.031862070941444026,0.880784982411057,3.979741451589576,33.70987422992566,2.1438835090368027,0.7626957486908692,140.54226089002134,71.15522510565161,0.9728311918277056,0.08263980542320579,15.76447566940059,43.44251445213398,29.122222907553034,2171505.0045078318,2751830.1235917136
569,0.20948298584227687,4.701359959241983,0.20948298584227687,5.5494470206035915,0.15233271640326224,4.067468748018321,0.15233271640326224,4.915643267709785,0.1655055235392401,6.00923514884052,0.14715213146657366,5.24965101750752,0.1488723694989273,4.407803903744532,0.1488723694989273,5.255945390965492,0.25257303713727497,0.7941555374638015,0.17386042337520852,0.8324103789170068,0.5665570081739849,0.032301278750338856,0.8127848266118227,4.034118011205864,24.317601298758966,2.2990818031301528,1.0799498416322955,143.921049195313,53.13204720625145,0.9127531380244488,0.08076691887922025,2.9977326533648245,49.49856766070387,12.87543862738964,1024348.6208950528,2922984.6295192908
570,0.20977247821284933,5.229897621294254,0.20977247821284933,5.645804327639574,0.15262220877383473,4.707080806356957,0.15262220877383473,5.122987512702278,0.16163640154720263,7.519879193178918,0.14631476441983687,6.332853880617645,0.14916186186949978,5.498416099132363,0.14916186186949978,5.914322805477683,0.30470549507033623,0.8430648232480887,0.24902929142721808,0.9347635381491121,0.8961656267586195,0.029515638915172355,0.944418553497224,3.3142649883682314,23.538883389735197,1.5209806152127179,1.0577559664469551,161.1139009022333,86.04767465340609,1.0713025035047923,0.10172567636494922,10.687342750805112,63.9164260783751,13.52854227491202,1799003.8634378975,1995386.2470721616
571,0.20954607746520829,5.349586907875083,0.20954607746520829,6.04293438873075,0.15239580802619365,4.654535525001932,0.15239580802619365,5.348009573518256,0.16691298873378846,7.608418377791749,0.1477271523554828,6.5475284058418275,0.1489354611218587,5.4365408200116105,0.1489354611218587,6.1298721794407935,0.2619349911737315,0.8278145447955815,0.24280081434245102,0.8094675093638851,0.7413852212488536,0.034642023733154476,0.9558634925842335,4.226874082013895,26.3112046511065,3.9532471423501336,1.6197995634140168,170.26930835795594,70.63199302299965,1.021844184833645,0.10716523413436024,11.756215516485645,61.454364695097475,4.071986242940653,1129958.2534789299,2476093.681334282
572,0.20764257067741662,5.421503700729259,0.20764257067741662,5.930190535638894,0.15049230123840202,4.750602550548573,0.15049230123840202,5.259289385458209,0.16639611384141517,6.39900164512709,0.14632189851199506,5.4870416555849095,0.14703195433406707,5.445263438627073,0.14703195433406707,5.9539502735367105,0.25208329655053113,0.8384935188731565,0.305795337663756,0.8655296225552562,0.7591682738419723,0.029318004907385422,0.5144791141191238,4.477934613173395,31.819692902314394,1.1168569597062468,1.8328628624224392,168.00868731691227,72.00333838899024,1.0060502528073725,0.06596290510650829,2.0319885392318584,64.52265591553282,4.41191790319502,1630067.462020741,2123311.7949146666
573,0.20704311243084172,5.495898921901208,0.20704311243084172,5.827778620104258,0.14989284299182712,4.92427011079894,0.14989284299182712,5.25614980900199,0.15939928992075184,6.938555788388998,0.14529234882844,5.731929768383552,0.14643249608749218,4.801042249630625,0.14643249608749218,5.132921947833675,0.2828907706182983,0.8362386505904035,0.3501364149731969,0.9518080147743277,0.3594128413849673,0.04023559799523154,0.8977975304943779,3.1373622215982557,34.71727079488416,3.790064664615361,1.6445369735140534,164.92495328250476,83.04047848581992,0.8197511604564208,0.07318405728146651,9.482676876363442,62.21993893678538,14.123825630140095,2366028.2040059576,1936872.3186586224
574,0.2055331132038585,5.332578479241942,0.2055331132038585,5.757613073588427,0.1483828437648439,4.631020247353323,0.1483828437648439,5.056054841699809,0.16520444260973488,7.94515716186488,0.14515781571664832,6.647391919197662,0.14492249686050895,5.464113099404608,0.14492249686050895,5.889147693751094,0.3247810438191471,0.7023428307373388,0.34234282782048775,0.9959324797152479,0.8986763546314847,0.03684932437417897,0.651139022080413,4.523315214061112,29.93098265341079,2.19999151473581,0.633957957866826,165.88088261642145,65.35308233227865,1.0339240232750009,0.09606723295666826,13.137891464714798,112.82704810076004,2.5573735359726446,1479840.8042741814,1796481.6226111432
575,0.20989748389192903,5.231154660658985,0.20989748389192903,5.694109642144542,0.1527472144529144,4.465884354469556,0.1527472144529144,4.9289101705890035,0.16243758796167823,6.465290658503826,0.14522330011696907,5.306313478204278,0.14928686754857945,5.756072272678783,0.14928686754857945,6.218929933405742,0.3693963529058926,0.7793653086141736,0.24972614841607227,0.9980499990535371,0.4767192367411046,0.03392501280663992,0.2416175524315537,3.690623614845457,30.169220363996875,1.7401124435186142,1.3981134339234096,163.6887930237793,54.05495536662739,1.1371687833300115,0.10213111642790373,2.5988837955079234,86.83152617384411,16.508060594423142,1175661.3791797722,1749949.6839214745
576,0.21326272770785373,5.716395518335016,0.21326272770785373,6.243541497641354,0.15611245826883913,4.946461613574237,0.15611245826883913,5.473607592880577,0.16816088611494123,8.347111192500414,0.1495167148689147,7.2336982156686975,0.15265211136450418,5.417677024134929,0.15265211136450418,5.944823003441269,0.40505997839691743,0.7880299048958133,0.28031335879355845,0.8020548327739511,0.8409830776349694,0.040702431122010475,0.9907870981734195,3.9730450478943795,22.990764244345897,3.7607500813489008,0.9041399034942121,179.50475860118325,69.39093805657647,0.9288049563988424,0.06309455919204325,14.62243251810252,62.65524977494353,22.397113356896295,2153465.381184535,2540000.9391076667
577,0.20819764037958532,5.272207157243358,0.20819764037958532,5.520311009386626,0.1510473709405707,4.513413884188713,0.1510473709405707,4.761517736331981,0.16671073418828064,7.6287967925273685,0.14574237250633656,6.220290430328677,0.14758702403623575,5.677948106377069,0.14758702403623575,5.926051958520337,0.3648347772095508,0.7127410837550728,0.2724429497415226,0.971866253829948,0.897389039960601,0.0346506505009097,0.4945508008625127,4.598467634528412,30.136003367138457,2.3966605319157717,1.0299871736938446,156.8166861193493,48.2142504045842,1.1106930066035232,0.07856511587361538,10.434289886592286,98.60906497499178,9.170185150441881,2358080.645018042,1713790.6153559475
578,0.20886777129307038,5.518980243444894,0.20886777129307038,5.914010441879944,0.15171750185405578,4.666446043830408,0.15171750185405578,5.061476242265462,0.1659320927065591,7.02590731953988,0.14590273089978242,5.637196256299996,0.14825715494972083,5.381465705700661,0.14825715494972083,5.776495904135713,0.2990513051591388,0.7371443694738918,0.1824664379531292,0.9355194266096679,0.5392049722916838,0.03638607180086472,0.22214833634217568,4.377381669781662,22.92609481196483,3.1632481022656083,0.6718376588682424,168.8659605588164,46.789590401737776,0.9651606444035636,0.09972020580022814,5.670079946930715,102.04054275275233,12.60562532862312,2456231.0682316674,2285181.21214738
579,0.20650310317874138,5.072130441712741,0.20650310317874138,5.656084250550704,0.14935283373972674,4.5801688892967585,0.14935283373972674,5.164122698134722,0.16760571062257962,7.429529219283972,0.14574888631581778,6.430542248618086,0.1458924868353918,5.58804586168181,0.1458924868353918,6.171967448275547,0.25674213395499423,0.7996560590070457,0.3295235812250181,0.8959730853111313,0.8184191973951075,0.028230484776233307,0.3182163961080763,4.9202716348874835,27.11860391353423,2.297860302804447,1.345325609041513,156.848735870938,86.33602294880498,1.140712919978697,0.07106136840789727,11.37059902385634,68.44423818068216,23.398693350184207,1308983.0761370957,2229173.9069618057
580,0.20779218943575883,5.382326303347348,0.20779218943575883,5.77805743960313,0.15064191999674423,4.629803583266861,0.15064191999674423,5.025534719522643,0.16705752143921415,7.164739664728723,0.14503933102664854,5.799116650540186,0.14718157309240928,4.807298726088258,0.14718157309240928,5.20302986234404,0.21894412358713333,0.8316645851669101,0.12274989466193317,0.9823880186520598,0.4304076520341168,0.03458140429311285,0.9360508192558208,4.846064138084218,34.265854933656335,1.4699765565778966,0.6566675141875804,167.25769563840177,59.437696282720495,0.8529157470422398,0.10092341814463171,12.911183472604172,109.05821692846382,0.487149699456767,1400934.7044070635,1622967.934531502
581,0.20764863958370958,5.608673226574772,0.20764863958370958,6.002707174179942,0.15049837014469494,4.779740083726424,0.15049837014469494,5.173774031331593,0.16757440339149027,6.885801587985122,0.14673918418801227,5.68343127573346,0.14703802324036,4.911193336289778,0.14703802324036,5.305227283894948,0.3029838422955091,0.706846653897404,0.2795529110954797,0.834090143534255,0.7163875559766169,0.034114882101199194,0.4974799454680276,4.6627948042951655,31.45642857646188,2.83207319815667,1.3953542343407308,177.10859656179258,58.53951726439773,0.8315171641155925,0.07139956476587143,3.8001735080855257,85.4140061117232,11.68686014525283,1495829.0042942935,1698518.3050423996
582,0.20776340725958484,5.517484648853288,0.20776340725958484,5.799893747415376,0.15061313782057023,4.9636077168233195,0.15061313782057023,5.246016815385407,0.1663342842737587,7.075456141142322,0.146874298875712,5.633780367937984,0.1471527909162353,5.323863315008058,0.1471527909162353,5.606272413570147,0.2874627150278781,0.7129651042243486,0.25961847150749867,0.8286441790099086,0.9274142636915588,0.028050591892395768,0.706743284184431,4.351943423368947,26.79661252312588,3.901332861948802,0.7420104842009252,167.60117123622442,88.20851037908598,0.9505757857775509,0.08113148107219649,4.5230133671391615,98.79145232688015,4.360078317765183,2458268.48728503,1903805.5146874732
583,0.20604038285247556,5.07684704896301,0.20604038285247556,5.766900228726223,0.14889011341346095,4.4257658327537595,0.14889011341346095,5.1158190125169725,0.16091171245396296,6.626881515784415,0.14553708793839687,5.859956555437837,0.145429766509126,4.597849638529648,0.145429766509126,5.287902818292862,0.21008680375912753,0.8105300508482802,0.24513454312895133,0.9393317829636865,0.7303935023680892,0.03814861245466685,0.8260382097713239,3.4626088105151958,29.430347356759682,1.3958928963919612,1.2894207646888454,154.53456589863484,61.31081803382182,0.8673915667379714,0.07493693114454916,6.57834715662588,98.87073427889831,8.777636360107058,1556320.1058563448,2668017.5972968885
584,0.21126118632889956,5.476927444562985,0.21126118632889956,5.9091182228416255,0.15411091688988496,4.869015336302987,0.15411091688988496,5.301318822683208,0.16639487854759535,6.870286410746229,0.1482235795949384,5.656242861686507,0.15065056998555001,5.919943940739888,0.15065056998555001,6.352052582888033,0.3038053438595418,0.8324170877902772,0.2323529228827019,0.8275843320385885,0.6478790681117634,0.04161270312656211,0.6416064305835585,3.929163329838655,25.8343737777355,3.213358923080363,0.9204333711679229,175.97811236963548,88.93368589324788,1.1076823020669186,0.07353495225092989,5.1949665186029454,80.50898321854586,14.30587835488631,1114042.4701422113,1666369.2406717425
585,0.21006809715206193,5.122878182379673,0.21006809715206193,5.322528806353881,0.1529178277130473,4.656978119176624,0.1529178277130473,4.856628743150831,0.16844069316678112,6.651531223723504,0.14679221406628268,5.17371569150942,0.14945748080871235,5.215796553430234,0.14945748080871235,5.415447177404442,0.31466773872994264,0.8162380559157987,0.2547836863023015,0.8883347353325166,0.7544131725351163,0.03029975340034498,0.20534458457750962,4.699526357816195,27.065205891299204,3.822307490734693,1.0280792182666745,151.22338352973622,84.46205171305306,1.0262873163533626,0.06409790124531042,4.477960218584031,87.29223354925333,3.129143495906103,2377996.750052445,1604402.26762773
586,0.2085363916379872,5.578260815930247,0.2085363916379872,5.966889184041593,0.1513861221989726,4.767833901086313,0.1513861221989726,5.1564622691976565,0.16577503443370345,7.608531271270155,0.14700926849453252,6.32164229378282,0.14792577529463766,6.029985794689222,0.14792577529463766,6.4186141628005675,0.40659657140961347,0.7482185150111444,0.3919801505854955,0.8460949141424214,0.9297110097834618,0.029897647497221617,0.3783551490742941,4.156674430800372,31.344371717615118,3.133611485924464,1.9318811746450266,169.30086022838725,53.185491810436076,1.1141506940325365,0.10848276333591142,7.696373894995879,94.11809277683477,1.070875716358024,2390816.7549913605,2151764.4904696774
587,0.21014249244593008,5.327486472476544,0.21014249244593008,5.635903680374861,0.15299222300691545,4.492759488169253,0.15299222300691545,4.801176696067568,0.16897170667794567,6.593075169915286,0.1467921475171996,5.154732712720422,0.1495318761025805,5.335781623712957,0.1495318761025805,5.6441988316112734,0.39550508639652193,0.7224228293973548,0.278510725135943,0.8769791203194954,0.4710721607018189,0.03511286052318888,0.24392069693686144,4.818413508355191,24.847766393733053,2.2231885629765227,0.6132193943610695,166.26964491426062,46.79318894614389,1.0021343957826931,0.08762585210865369,4.423013311444437,77.6165899928444,2.90387729017745,1609946.8146076286,1551433.0037354766
588,0.20791684136835054,5.582468994588554,0.20791684136835054,5.984707311973432,0.1507665719293359,4.781111732447802,0.1507665719293359,5.183350049832678,0.1650067871235303,7.835939440795693,0.1456085842321206,6.467658984639868,0.14730622502500096,5.407512730034507,0.14730622502500096,5.8097510474193825,0.2611204017418411,0.7469035104547578,0.1340980529962513,0.9984554866423654,0.8459158741773061,0.041618976717313766,0.623109681398502,4.25512334042707,25.777111677356768,2.8657405502235465,0.850405390929158,174.26174608271765,59.456033777861464,0.9570472423802754,0.1052316365812285,10.046216740685951,44.13795418958649,22.990758998084793,1970061.761312447,2022544.624588321
589,0.2063276654854375,5.375070762181271,0.2063276654854375,5.567737896167664,0.14917739604642286,4.587127253297507,0.14917739604642286,4.779794387283901,0.16084147127876447,7.275550230432691,0.14523061181569769,5.950048761254301,0.1457170491420879,5.461088523450297,0.1457170491420879,5.653755657436692,0.3470000461067142,0.7147679577940359,0.3476662129789101,0.9676961222067332,0.6497174212283403,0.036716072359079435,0.9273863642393319,3.4960143662250953,25.536366007008716,1.0792719078042243,1.217882611206894,161.5957157549977,48.76862538456143,1.0227730871272542,0.09208760773022093,10.356727054422604,61.470720339907345,25.425523438763708,2499153.3765718173,1656671.3381980988
590,0.21489505150716348,4.777589098688509,0.21489505150716348,5.122448177941466,0.15774478206814885,4.10260665632994,0.15774478206814885,4.447465735582899,0.16432047621578624,6.874291332621904,0.14837430921414296,5.53799266322185,0.1542844351638139,4.317228112634088,0.1542844351638139,4.662087191887046,0.35874181777297853,0.8264603842758289,0.12680814649642244,0.8765416293816521,0.5240933827456995,0.03874637544904774,0.7431113657341932,3.3039058408266975,24.92584220160023,1.4020516180818445,0.8544519413567699,140.26387233735494,43.46203595923825,0.8595840954267738,0.10885582196321747,10.718533247892942,111.30089648543114,19.397504865458135,1945997.4431726125,1838845.1489029662
591,0.20566958056720722,4.975905512837762,0.20566958056720722,5.305906318343314,0.14851931112819258,4.393665089308795,0.14851931112819258,4.723665894814348,0.15890972085152746,6.314185349660469,0.14538422645943944,5.094387780628011,0.14505896422385764,4.877368182225425,0.14505896422385764,5.207368987730978,0.2529533993299685,0.7995996168979372,0.3262377321762917,0.999072904152396,0.9411967208095404,0.04234939467674548,0.40169415007539727,3.0430722944677946,32.33322749326946,1.559204509922946,0.9167255745949967,149.4790892450209,65.93501277907086,0.971797736570187,0.10244529164660632,2.8487529729995718,44.43106300151322,10.691161455754894,1535458.9497170283,1507747.9258064828
592,0.20999221522869677,5.223912842456159,0.20999221522869677,5.624630141734604,0.15284194578968213,4.496392885108117,0.15284194578968213,4.8971101843865625,0.1685016538479848,6.664814980839863,0.1469087950296089,5.36917951010473,0.1493815988853472,4.564726541272626,0.1493815988853472,4.965443840551073,0.3448500287551946,0.7484741672384145,0.22934826905665429,0.9062151826429243,0.811605397490861,0.038114209805153204,0.9997949838782119,4.680446752125559,35.67719627153336,2.670352505990026,1.0300172678921813,159.15891561656943,55.01691617857979,0.8228093436038743,0.07843972165350542,2.9737881596848603,56.68519734275701,14.263680229736519,1522583.9425624702,1693529.082643522
593,0.20437291700428473,5.203995883686257,0.20437291700428473,5.841306252400872,0.1472226475652701,4.409677524796433,0.1472226475652701,5.047135161698447,0.1653261625829046,7.135075743385161,0.14459776150077155,6.342352951909628,0.14376230066093515,5.761039172029368,0.14376230066093515,6.398246263821752,0.2709504782467651,0.7151455213178214,0.37384047609780646,0.9574220103011601,0.5185673542257718,0.03172428908604065,0.8124473995284076,4.754816776338201,34.131892489528,1.02091738832781,1.8484583436198152,163.1201885296705,49.491542817325076,1.1460711066894813,0.07477870381814365,14.747563621208792,117.24676317546565,7.648525537478006,927240.971882482,2128049.5183198904
594,0.20683433218754196,5.080344951138277,0.20683433218754196,5.758430075686805,0.14968406274852733,4.429330910682448,0.14968406274852733,5.107416035230976,0.15986178204888765,7.443832327247425,0.14539164098946042,6.531495987112532,0.1462237158441924,4.445665117647691,0.1462237158441924,5.123750242196219,0.3547362613087876,0.7423097395201868,0.3540845977094369,0.9784396981870424,0.9546694141797489,0.031409930230966776,0.5519221217445229,3.2179519967970354,34.40437685943702,3.0475946475496345,1.6355353524201652,147.9935272139016,54.633406700500444,0.8165255506227089,0.10412741408591586,9.38015344670584,74.94285190106095,9.5683304056945,2263265.0319522535,2955560.820880226
595,0.20689175236890933,4.90410694664289,0.20689175236890933,5.3786570582395905,0.1497414829298947,4.258276559466626,0.1497414829298947,4.732864311509746,0.16328699245118836,7.328257549144736,0.14539046940361322,5.97980759832685,0.14628113602555975,5.176886801053248,0.14628113602555975,5.651386338738039,0.3343467052926071,0.7924480457401742,0.379524670702614,0.9737623924392708,0.7518770784984448,0.03699441346033118,0.2754364667141738,3.9812777834903184,35.321095680562905,3.6858893337521996,0.6754784747137855,148.35711376833822,55.73522532030821,1.0786478773879622,0.10540012788185513,10.778775013556334,96.71704981613217,15.011604242680836,1143198.1480197997,1720718.4115974833
596,0.20829980745481538,5.032257325229046,0.20829980745481538,5.509961514134036,0.15114953801580078,4.391112182689488,0.15114953801580078,4.868935241166037,0.16723382392064112,6.64851110064249,0.14610311961770472,5.4869033425594855,0.14768919111146583,4.449469191947046,0.14768919111146583,4.9272814309192,0.3147389856870345,0.7831953919777164,0.29013953601477094,0.9288975094483768,0.8821483466259807,0.03197478876915542,0.6954290077571261,4.650444218726487,32.50855290285435,1.2383582164500684,1.3934746687375579,156.69263866776865,64.7824965977617,0.8409091528192587,0.09899783172623129,4.234411936082465,94.01297458930463,10.268674284056365,869368.8588991172,1612851.8709420846
597,0.2078340335344246,5.480067906756822,0.2078340335344246,6.049116904092604,0.15068376409540996,4.8561968075257385,0.15068376409540996,5.425245804861521,0.1620125323982583,7.000571150082474,0.14593793572717223,6.025253142808306,0.147223417191075,5.670945440302203,0.147223417191075,6.239994437637986,0.32984057912663883,0.7650600921133796,0.34644167559642847,0.8706247259352562,0.4540615325912617,0.028325686082972847,0.2996264381526479,3.574966762021279,34.75767372483263,3.2721204399505828,1.8914898761183012,166.74329933030052,77.35181365545762,1.0489745031747355,0.08455783341429676,9.379838477637197,44.10681702086166,7.451091176886976,2022861.4144672123,2489213.3980956706
598,0.21742946784700365,4.736518767269419,0.21742946784700365,5.478591142455079,0.16027919840798904,4.360339658100451,0.16027919840798904,5.102481777633481,0.168835676489122,7.988846125849891,0.1511561119781463,7.0667793655466635,0.1568188515036541,4.9370957027287785,0.1568188515036541,5.679130890555757,0.39483441440625666,0.8053630333569457,0.12891284973738046,0.8041377216276169,0.9257840885742008,0.04239153991101098,0.33408497135022763,3.628895750126138,34.30700321906183,2.0772043181719644,1.1531112804854895,142.26278416648117,88.17406052240219,1.0603077014513376,0.0905416338864177,15.885246702553374,97.36744323121215,1.1913151478878747,1038265.945467709,2507682.5898859594
599,0.2114746113880913,5.583614888988318,0.2114746113880913,6.062164428220145,0.15432434194907665,4.945039429014948,0.15432434194907665,5.423588968246775,0.1639404799002072,6.794617980554428,0.14754505136928525,5.505523977138276,0.1508639950447417,4.978139432808266,0.1508639950447417,5.4566889720400935,0.3685322219203382,0.7307109299619701,0.22621603772839044,0.8294761023493021,0.37009672816290107,0.029529987374810045,0.7336657177985288,3.536179150533367,27.754423663902514,3.6918670927683697,0.6587213217314414,176.801137018806,85.22900262432734,0.853487356470214,0.10129715844442878,3.6434508082301935,72.06037752252797,15.614715684649687,1546413.0010983548,2017203.4535746118
600,0.21033483320105056,5.505813254294508,0.21033483320105056,5.956320153083981,0.15318456376203593,4.7588100584986925,0.15318456376203593,5.2093169572881655,0.16770727454206594,6.909431043008789,0.1469738483636758,5.727465625556941,0.149724216857701,5.804035001044519,0.149724216857701,6.254541899833993,0.4023230849686678,0.7658491057284352,0.3118978824525774,0.8965213629634315,0.7551492030473721,0.03638383403292285,0.32169054143739945,4.483519219838254,22.11936662650055,1.9451681326907821,1.4432229957366165,175.05065556653543,68.10003694170888,1.0728851720128856,0.08447238160142809,5.285740524483092,68.94338850883022,3.411549883882865,1566734.1429176168,1995380.86462383
601,0.2139479600507534,5.4958378525196565,0.2139479600507534,5.9162682990988795,0.15679769061173876,4.716868488733774,0.15679769061173876,5.1372989353129945,0.1690915488457948,6.9087993029456225,0.14902726573247368,5.500972929389818,0.15333734370740382,5.055353174323052,0.15333734370740382,5.475783620902274,0.377030772581503,0.7609616890543444,0.1635170655120381,0.837477799810836,0.6683406494821414,0.042533249400870596,0.31958536700693163,4.2249308301326565,29.302144864917793,3.110738539017373,0.5338396137856677,168.84921089023956,57.282558235136705,0.8883919844565483,0.09595614040225395,2.6423865896559366,50.167895968312834,23.064323708847958,2055743.7735752454,2093518.2321245172
602,0.212997446525009,4.6961913478650485,0.212997446525009,5.524969329248791,0.15584717708599438,4.163020543068961,0.15584717708599438,4.99189737536892,0.167126977931177,7.195670614090332,0.1476276757695241,6.1720257391106905,0.15238683018165944,4.5602640914528685,0.15238683018165944,5.38906727401753,0.3745240856721855,0.8414689786205722,0.23565373547348886,0.9005540303613058,0.5819861059620159,0.04210519174561629,0.6104456531963447,4.1015964521156985,35.64101234827143,3.3338653583059337,0.6122274628595543,140.62993855399097,64.12257754203709,0.9586560608727784,0.09746068783399173,12.330944305876685,101.71463582206296,26.248641821074944,969416.8947649647,2727215.509906712
603,0.2076556474254228,5.109029698472534,0.2076556474254228,5.704596428032567,0.15050537798640817,4.398358504068438,0.15050537798640817,4.993925233628469,0.16551941927216896,6.676633956379622,0.1450616586476482,5.805008568729089,0.14704503108207323,5.2022228041912175,0.14704503108207323,5.79778953375125,0.23771311935396794,0.7807008257180675,0.15116076466517514,0.9623199914775015,0.4694707558306331,0.029432545158938124,0.39382325246717764,4.518187562841291,35.56607665479713,1.21747822300669,1.4271910735681863,151.0659417517921,49.395265380421094,1.0263925186824017,0.06472709374438249,7.717032422922816,65.56953913555924,27.665229088781963,1962084.5612047748,2534993.159924061
604,0.21437696175001264,5.476965014981064,0.21437696175001264,5.944830671692468,0.157226692310998,4.777801039724532,0.157226692310998,5.245666696435936,0.16774596380229756,8.357614500622585,0.1487445316827611,7.034346665708571,0.15376634540666306,5.250198534628221,0.15376634540666306,5.718064191339624,0.3361501070879984,0.8303275966661103,0.12517074702469425,0.8562416572561181,0.8164508644976949,0.034199596058694166,0.5287794759104008,3.971986916299593,28.753661766967355,3.748295333089399,0.5352407286099488,165.9031823665913,65.78451939004285,0.9415226400328122,0.08252756099063069,15.263914657483474,63.2623340356585,21.99614279342282,2371359.8881654134,2415427.4215301564
605,0.20582477917336628,4.932394661062133,0.20582477917336628,5.480552187882606,0.14867450973435167,4.444070761133247,0.14867450973435167,4.992228287953719,0.1592519582204841,6.358735553526016,0.14513306159316314,5.385050530895015,0.14521416283001673,5.371772669005061,0.14521416283001673,5.9199301958255335,0.2619011554001053,0.751464975548398,0.3209658314685374,0.9198670993882846,0.47721814789115974,0.03181069938270223,0.9248831672485462,3.1917995326050628,24.01579292320372,3.6017041516901926,1.357485228099756,148.7061328181588,78.71435451699651,1.1264075607005535,0.07062574813660907,7.994860410875437,49.73282415477934,3.577201912886616,1735214.3713949076,2372749.4535487075
606,0.20962854209025164,5.053032719490688,0.20962854209025164,5.671847719491738,0.152478272651237,4.400332785336379,0.152478272651237,5.019147785337428,0.16557639596268298,6.738476821117483,0.14591838690882084,5.675849707034175,0.14901792574690206,4.6341115076833885,0.14901792574690206,5.252926507684439,0.32854998130936747,0.7827891960864041,0.2023910368923798,0.9975226381325383,0.8335897129563814,0.04294715861747648,0.7279021699442731,4.22896093497798,22.874271326365303,3.608570229145011,0.9880113278779561,153.5247709331462,60.070265889760954,0.8832605862370098,0.07492010365105388,5.248003049517689,92.07872643552153,8.801688374411112,1829938.892182697,2652267.8981045187
607,0.2111707930926057,4.635359379877489,0.2111707930926057,5.485755259211498,0.15402052365359106,3.9700693846946487,0.15402052365359106,4.820571950073428,0.16890455125379722,6.728195520851451,0.14824508981807857,5.916449479131238,0.15056017674925612,4.672390936633944,0.15056017674925612,5.5227799502444315,0.3136893037303018,0.8310579961953811,0.25737511719966566,0.8230865524251153,0.9853268740807088,0.03007283102313975,0.5000417983206988,4.475067493497734,24.67654378784857,3.3551999707326163,1.8629845015704058,141.281480618388,45.98885820997117,1.0112116574535868,0.08649900216383823,5.445416946586348,113.46598140832452,20.960826516991176,983999.882524916,2904607.4713989287
608,0.2071420505768046,5.424219688633288,0.2071420505768046,6.030058441315781,0.14999178113778996,4.57245622856811,0.14999178113778996,5.178294981250603,0.16499667459824988,6.760906745011611,0.1461860339134949,5.73645335093389,0.14653143423345502,5.8627963981417235,0.14653143423345502,6.468635150824216,0.26764291462779166,0.7867993172192065,0.3114250470857353,0.8704842241315357,0.5874956447188973,0.03650772279449235,0.9374645269136244,4.214976517320254,23.121164567444286,1.1489707052502238,1.2994118400869548,168.8780477027136,46.884501537242386,1.111105607961129,0.10513805521901887,4.406316451718158,89.31064134805202,14.62063128041245,1891688.0204078737,2637720.5566923274
609,0.20874005663552134,5.777423645473792,0.20874005663552134,6.087533437534903,0.1515897871965067,4.8188322389378975,0.1515897871965067,5.128942030999009,0.16077270171556846,7.867484461004071,0.14702310972910443,6.615994725673742,0.14812944029217176,5.467337686663246,0.14812944029217176,5.777447478724358,0.21681294447237695,0.820710246539027,0.1396736428350525,0.844455768573494,0.8055886539029002,0.03210762661643465,0.315891786011349,3.037507672345017,32.84454270985449,3.3502270023865144,1.5308642802021413,177.92478100400785,40.786179709109156,0.9254394202638667,0.0872558495328984,10.171007637330133,80.83035744427919,21.362524898579537,2313791.4350968576,1856576.3143963353
610,0.2067148230037801,5.637781012728838,0.2067148230037801,6.054085455132184,0.1495645535647655,4.95338541871446,0.1495645535647655,5.3696898611178066,0.16099502460690046,6.847016289495102,0.14617400437199565,5.82621206378877,0.14610420666043056,5.475869411638197,0.14610420666043056,5.892173854041541,0.25512553903235546,0.7737921076588525,0.3348697620314145,0.8089519042493832,0.38514018845935016,0.031620097254548514,0.5042735770154457,3.35272056288001,29.040632681949667,2.192961319559211,1.8853706693387076,172.38947239230583,74.40142037933039,0.9598180654520305,0.07762174783378735,9.057623394181089,42.38160234075182,4.621345744752122,2413209.228207525,2275629.18845912
611,0.20994675944422025,4.7271138333997715,0.20994675944422025,5.4050005902908085,0.15279649000520562,4.023122751773079,0.15279649000520562,4.701016657093082,0.16722074397022216,7.253591716418242,0.14748916271569631,6.296633830990331,0.14933614310087068,5.049565147413639,0.14933614310087068,5.727392121196302,0.28145347780289054,0.8081649422405023,0.19459929931050235,0.8780828952200144,0.9590178277966739,0.041219238356599935,0.21898743854832708,4.293443750424448,32.63262910843919,2.0723562963446316,1.7681563981760375,141.64294144511402,40.743913097424056,1.0973760833725519,0.10112820677048204,8.474989034694373,110.64765553091041,27.489055926438343,1138689.7638445562,2375122.045745202
612,0.20405630095192526,5.051439031693202,0.20405630095192526,5.513280700699468,0.14690603151291062,4.289618516625774,0.14690603151291062,4.751460185632038,0.15957589870355912,7.410535193296955,0.14512491814300665,6.347107632093827,0.14344568460857568,5.489875395325168,0.14344568460857568,5.951717064331433,0.17770665760019771,0.7024325714444379,0.21849845761954936,0.9458579318393618,0.9544615714240443,0.0327741007625268,0.3825002192648729,3.3265043041449758,29.065933593484807,2.2690288036482977,1.694260338835592,151.0355491107357,41.864953574463776,1.1241912513937935,0.1058555983454982,10.210762534294336,114.53522159017452,7.258807938783872,1901627.9888189398,2140984.543950309
613,0.20859481950924708,5.127606093212074,0.20859481950924708,5.507600319355492,0.15144455007023244,4.444473593392999,0.15144455007023244,4.824467819536418,0.16996893848464165,7.002037069084703,0.14759248419280815,5.763917661686328,0.1479842031658975,5.564063319114898,0.1479842031658975,5.944057545258316,0.2527548696229341,0.784581979626334,0.23513452188031186,0.8065707894077316,0.7942364878461241,0.03841195818549375,0.685449555529859,4.977597595502527,30.549996680598476,1.3988013815924303,1.6387904532368869,151.0851369534295,53.20040435927719,1.123590064923913,0.09298320464388243,7.377053340277728,48.87469810730411,4.662675959878937,2278493.714250543,2075098.292457857
614,0.20806189960137167,4.7327916032785495,0.20806189960137167,5.150580327271639,0.15091163016235704,4.044581688010639,0.15091163016235704,4.462370412003726,0.16599644413839404,6.198462819484545,0.14560035553238626,4.83092284111919,0.1474512832580221,4.912628917387911,0.1474512832580221,5.330417641381,0.2576042582142829,0.7351225126874587,0.13679364378273204,0.946736559364459,0.5222865665121044,0.03647622048208234,0.4752890827151064,4.491494699690192,32.41524236919132,3.85262603448264,0.8397476959066403,141.4013404153679,42.82415466049388,1.0544113994861966,0.08665833414090997,2.038915940003463,67.21477648289942,18.003996965281573,1214139.7465727725,1611633.9560346631
615,0.2033569670508395,4.775797132571921,0.2033569670508395,5.190475561918378,0.14620669761182487,4.227534189245106,0.14620669761182487,4.642278508785509,0.15979735521909194,6.220918010754656,0.1443158722337802,5.061008956579008,0.14274635070748992,4.92300665286076,0.14274635070748992,5.337657789272364,0.18596686195748915,0.7790923119404807,0.38130718998991564,0.943261393790821,0.525735194365168,0.027240846512728473,0.736169766284166,3.593852089904866,32.610898285040264,3.079896577513015,1.2040259862541633,144.19823222364914,65.59122130336843,1.0436675724717064,0.08600015734121144,6.075937748411173,54.84675498093814,3.6963714152526994,1074604.2720558497,1526454.8508954565
616,0.20551272162983455,5.210788881827382,0.20551272162983455,5.700981533113011,0.14836245219081992,4.679345817404534,0.14836245219081992,5.169538468690163,0.1583160801354139,6.476563680584063,0.14484285100372957,5.488423474531204,0.14490210528648498,5.134438757208431,0.14490210528648498,5.624631408494062,0.21237751824603296,0.8178785108747565,0.28558983010929356,0.9661185803411345,0.5471718559386352,0.033090896344151896,0.8127057883561999,3.044791488258439,26.174589458925865,3.8914678953298276,1.8991110344068367,162.50030843555734,86.36689324922756,0.9798989300169034,0.06912989269143746,5.201385870348763,99.01025298644791,7.720398264106903,1386946.477461263,1988339.0197840012
617,0.21346309517983914,5.435791754783352,0.21346309517983914,5.968624063434804,0.15631282574082453,4.871544168910834,0.15631282574082453,5.404376477562288,0.17162028667640547,7.015244602990632,0.14845784689175193,5.831011589205117,0.15285247883648959,5.987732064158183,0.15285247883648959,6.520564372809637,0.3264144602021029,0.7867803658010432,0.11095720951472532,0.8477731539358784,0.46377733712431535,0.042180624032218145,0.4266690460990405,4.892650879853615,33.83749844112616,2.9463510128870527,1.2366809376522838,165.22944735406222,84.38598229619237,1.142911861900342,0.07550572188984286,6.902988157611567,72.97029949710321,14.44304116284701,2009391.6785092072,2379477.9602634907
618,0.21018357198937274,4.999399651129002,0.21018357198937274,5.514433066526514,0.1530333025503581,4.5848208026490695,0.1530333025503581,5.099854218046584,0.16666535351282577,6.683914453698847,0.14775409826865726,5.685358707864518,0.14957295564602316,4.640970961685769,0.14957295564602316,5.156004377083283,0.33243545112436945,0.7804272967004724,0.29365125585650764,0.805950954283854,0.6571836411665428,0.030152954079970925,0.9757479052252527,4.143264366472666,31.57589946022293,1.5727549968979124,1.3267589958606578,148.13364621315165,88.66179533841661,0.896482764240001,0.06995971759062244,8.094079332160852,78.74948048579519,0.39605957199667197,1888833.966855301,2281921.0471459385
619,0.20553112259619216,5.508538601558406,0.20553112259619216,6.231292444904168,0.14838085315717756,4.835579002012317,0.14838085315717756,5.558400756165172,0.1660599076612897,7.328296272088397,0.14585712130647613,6.411395472715116,0.1449205062528426,6.021033373561104,0.1449205062528426,6.74369219936726,0.18988300911970912,0.8398863738490601,0.3427150856560104,0.8053603652591794,0.5034141666070797,0.030305143099800248,0.40952342833798394,4.627958616032714,22.979783208831655,3.840119268206051,0.9401416716091993,177.27651288400423,80.9661155299029,1.1236577464458752,0.07019944566561231,13.005012981216531,75.56563826879446,20.517925261458235,1241658.3361777384,2662942.5273842993
620,0.20720535941282742,4.848710876532714,0.20720535941282742,5.388927737752581,0.1500550899738128,4.353564630466651,0.1500550899738128,4.893825276318122,0.16680537942254148,6.912942607379216,0.14646331502425872,5.8029932518534775,0.14659474306947787,5.093607094308368,0.14659474306947787,5.633778551287367,0.2795997090695509,0.8200485658468483,0.35363961681088574,0.8852300575624366,0.7725089732859631,0.04209181444664517,0.6226571527456142,4.549376307741228,33.49580787521235,3.4185321553290366,1.653527067055638,146.70827161466087,75.68123649939706,1.071402031063699,0.08434237174813541,7.473688291938603,68.10777182145969,20.63956067604057,1121014.6091352678,1932998.7581776949
621,0.21156515633843218,5.29413079775425,0.21156515633843218,5.671680616305857,0.15441488689941754,4.724687905124515,0.15441488689941754,5.102237723676122,0.16280733991592208,6.957971740302576,0.1475642120259935,5.772584443600513,0.1509545399950826,5.624687108239165,0.1509545399950826,6.00223692679077,0.310503337861349,0.8445586416052703,0.20078097396057565,0.8847462787303609,0.6462746409395519,0.042646726074229646,0.6365483682513635,3.258314550338091,25.506208408626165,1.5881826839887137,0.59193899502992,159.08610385310806,77.51244562333682,1.0888948950846356,0.07336641671905636,7.239931914286494,84.76577577630164,25.186528435754436,2369995.5215995014,2165534.228630304
622,0.207045344903047,4.951428886836738,0.207045344903047,5.852487475944171,0.14989507546403236,4.483023871747031,0.14989507546403236,5.384169304066344,0.16653242863419782,6.503121483585749,0.14588869601880938,5.8714479277226665,0.1464347285596974,4.958981997580677,0.1464347285596974,5.860039186326508,0.26097386949242635,0.7446858761831865,0.22504286981891364,0.9384907591738422,0.7988065099138255,0.039605448711386784,0.6530136142123598,4.601235798811292,33.42960087492761,2.591372563227613,1.9935218983441763,153.1785065634271,86.01488908601922,1.0021091676901681,0.07558694781159991,3.253678637191789,92.50350443174804,26.708083210320748,838377.087899774,2906406.0667157564
623,0.21498389033770424,5.5882524593430825,0.21498389033770424,6.152138505688947,0.1578336208986896,4.997357460408211,0.1578336208986896,5.561243506754076,0.1614578752639216,6.615043413066619,0.14680492828007427,5.521824316698995,0.15437327399435466,5.050417006000043,0.15437327399435466,5.614303052345907,0.4024297678099649,0.8425298531970309,0.17127456462821014,0.9371880825684389,0.3317576352480249,0.029593273905037364,0.9943194839704343,3.000733093439869,31.380882038959122,3.6355278551147627,0.7295106537177003,169.8057069354728,85.22929672505315,0.8644933029102212,0.06207057164076652,3.0454721960474105,45.399727741606014,8.35341267425095,2378698.102538932,2696554.9119550176
624,0.20862931715666228,5.111240660407542,0.20862931715666228,5.702815195137812,0.15147904771764764,4.334017424329437,0.15147904771764764,4.925591959059707,0.16606192688341193,6.985236452836029,0.14616696136269294,5.771435185444574,0.1480187008133127,4.689317442324465,0.1480187008133127,5.2808919770547345,0.32791943765326653,0.8252000031617952,0.34275524777633226,0.9145920331297027,0.5983070478083896,0.03644760609089986,0.9823244385332417,4.369424374433041,22.83306910638475,3.5509404183938855,0.9198359353802432,157.4810670821008,46.105916888907636,0.885377812886089,0.1074578287235641,8.692179259836493,90.48068579981015,5.910544688041945,1631072.0365420973,2457445.0220902194
625,0.20499217356932142,5.40120061790123,0.20499217356932142,5.863243404830282,0.1478419041303068,4.54992229894747,0.1478419041303068,5.012106680867179,0.16479623181533543,6.922552045951289,0.1451841149858887,5.717781130247202,0.14438155722597185,5.585547556385423,0.14438155722597185,6.047556165029182,0.22607534700531157,0.7540835646826596,0.32139476843606374,0.9087337954426703,0.7838171886205971,0.02727920450563507,0.258194423620885,4.4820137546949725,28.393696653393945,1.8677306019278301,0.8921799299857114,171.88158194339874,50.01527397523258,1.0458764364557651,0.0975658692369317,6.149262858534497,83.28091383126495,0.5879582949551676,1124097.2614901816,1737032.74365588
626,0.21475446440577686,5.681887591284018,0.21475446440577686,6.245942249314374,0.15760419496676223,4.785921763077379,0.15760419496676223,5.349976421107734,0.16904522288734922,7.57947344944877,0.1477532954857825,6.614819264542082,0.15414384806242729,5.047288176237285,0.15414384806242729,5.61134283426764,0.4061557156114075,0.740994481520629,0.10234358666432732,0.913510970619801,0.7472122876860181,0.033249510769062934,0.6029965064177173,4.3922501019459865,30.84166814074699,1.323814001828771,1.399578117887449,178.7538183896729,50.68172590514809,0.8481174238422753,0.06012949416190105,10.164297340850311,116.34800895650791,4.733791717847559,1725072.9161367621,2355578.615490183
627,0.20801822744258552,4.784149126259664,0.20801822744258552,5.493954130875055,0.1508679580035709,4.382614469240821,0.1508679580035709,5.09241947385621,0.16655888095691165,6.1225541536822625,0.1465003115641189,5.3553693498682495,0.14740761109923595,5.073509540835164,0.14740761109923595,5.783314545450554,0.19877853460416728,0.8215122540805233,0.13634060728960695,0.841418815923072,0.4349453580976012,0.03523969459838224,0.37016758419813195,4.4688317568181475,28.610284830503094,1.3567028953305533,1.6089987910141974,143.00696675327734,85.40509215492948,1.0865656387237868,0.06800436373544139,4.243103412138001,119.41827914182264,14.767751352263332,1454600.382456684,2684026.034445495
628,0.20904114671342153,5.504671576269797,0.20904114671342153,6.377433310779386,0.1518908772744069,4.899982366510577,0.1518908772744069,5.772856211590012,0.16297983674540245,6.762661346838193,0.1466319304928559,5.927440699118338,0.14843053037007195,4.876378824546638,0.14843053037007195,5.749257045769212,0.3074448095445379,0.7347571473395702,0.2186407109218637,0.8798846715890616,0.7895418480260916,0.029752694497572427,0.4548602108263558,3.5876460930408887,34.27419622462425,2.9481131308591317,1.099627810401278,174.08954429530627,87.33328291299239,0.845626607059438,0.10780678920682334,2.001964783111564,89.08364464636551,13.35589685376175,1181285.9428683016,2987121.745935181
629,0.21357612384280208,5.188436563281649,0.21357612384280208,5.93251204638336,0.15642585440378745,4.657197787005388,0.15642585440378745,5.401273270107098,0.16971879873201842,6.822022499181999,0.1488971170722931,5.915965026199904,0.1529655074994525,5.359415225171939,0.1529655074994525,6.103490708273649,0.37204396078944435,0.827196647594955,0.2616956078374496,0.8027405464373001,0.6034187259552057,0.02802260197421161,0.2499351190908204,4.425098013738026,31.685031292980575,2.6530802709715298,1.2689957444075564,159.5289799395373,83.397146300824,1.0458528084084289,0.07464018745745966,4.709379746743366,108.04015966621918,27.4988428562958,1431643.4013231169,2748946.1573368474
630,0.2105125048611017,5.249147672481047,0.2105125048611017,6.11953727542407,0.15336223542208707,4.399730883936856,0.15336223542208707,5.270277970424602,0.1661813709647393,6.806360074140801,0.14825144766130513,6.056386230483574,0.14990188851775213,5.044519507655948,0.14990188851775213,5.914947049063554,0.3680706324094544,0.7868522355174572,0.32580761653586976,0.8207869779507035,0.919235140967861,0.03817993863225109,0.732697373620846,3.9080265342836498,22.06224182728828,2.6733890542519005,1.8811847992983834,169.032307388931,47.43591058855527,0.9482180050583136,0.09713043988233855,4.308003487152195,90.37155444629528,11.975983024759135,888416.9045569345,2938959.2811643276
631,0.209556818852625,5.114629944533639,0.209556818852625,5.645670252900708,0.1524065494136104,4.467599904323271,0.1524065494136104,4.998684954568641,0.16672473303158516,6.23907557069662,0.14681116629395155,5.170365667860404,0.14894620250927545,5.476670229702468,0.14894620250927545,6.007643415087971,0.27584684213387933,0.7197614969905998,0.11610882829206189,0.8780987192211701,0.48176421142984616,0.04010988446945253,0.8715000094934704,4.35024295434268,30.863614472884606,2.1555629469958277,0.6022943515508759,158.44681990245826,65.88024565774343,1.0977364273101047,0.060323927183750986,2.9219010553277105,112.50308322807766,3.2577495577085958,1181837.785728448,1964754.889504244
632,0.21102495766393872,4.938158034395546,0.21102495766393872,5.666234097863728,0.1538746882249241,4.417325613782815,0.1538746882249241,5.145401677250998,0.16298173879505715,6.615802221212181,0.14842609049199637,5.8730601735989945,0.15041434132058915,5.445111792717703,0.15041434132058915,6.173187856185886,0.2933916304235038,0.8012403162114389,0.2021978660661557,0.813748835792825,0.7556318194937395,0.04076047960145131,0.7742732715457001,3.158617216797176,22.061280696712156,2.3557442076560684,1.3918164631351675,150.82748821135152,76.25115216595414,1.1437975422992388,0.0603455375954428,6.864461720954586,110.70755436614401,10.291812003893078,1560631.2639905438,2858479.648884129
633,0.20499264745990087,5.37215436097007,0.20499264745990087,5.750109221787653,0.14784237802088626,4.786845413099184,0.14784237802088626,5.164800273916765,0.15958371979878322,6.659771355558915,0.14482090847952112,5.4797595638046435,0.14438203111655132,5.3806327686659206,0.14438203111655132,5.758587629483501,0.22536431434113655,0.7125786986288665,0.24448837030288795,0.9795079616594856,0.8497672107558976,0.02807641036198711,0.44869804791557777,3.3540387137489533,29.209499933049933,2.963968359570735,1.4771337587372928,166.61359088236992,82.68227745183357,1.0021770454050192,0.0923737688007937,2.8653039919851198,118.65219272579957,13.656893551262273,1641502.9266644549,1743253.8871991942
634,0.20609906355335167,5.1070191901171205,0.20609906355335167,5.553031683118239,0.14894879411433706,4.555978868026197,0.14894879411433706,5.001991361027318,0.16249721504673006,7.857917402541258,0.1455243737969711,6.619682864136431,0.14548844721000212,5.40232288835841,0.14548844721000212,5.848335381359531,0.24237251337179272,0.7995318376594094,0.2878603740038816,0.9723918439280543,0.9407868541621374,0.038492836245184875,0.23895652260006361,3.8103214581013396,34.28484531659545,3.675144445914338,1.3952441359930243,148.83452844951285,69.75964485523252,1.0848845801745457,0.09848039771691339,11.13470359424014,74.3374524391534,26.33323140549376,2309349.7046014983,2261268.5363449585
635,0.2084555459565441,5.249197520496911,0.2084555459565441,5.567278987688838,0.15130527651752948,4.709432640487305,0.15130527651752948,5.027514107679233,0.1669569772269232,6.732331734724645,0.1462772192557621,5.519958938944873,0.14784492961319454,5.235307335065553,0.14784492961319454,5.553388802257481,0.3572458329493261,0.7424722468854894,0.3353375755823066,0.8568066314749102,0.35961442174529057,0.031665084861203084,0.4612588810203453,4.57979577807675,27.37739669032466,2.0646119438288486,1.9354692455866673,161.71793620196405,84.36514071188134,0.9963253712537679,0.07565529358791748,8.282259800222954,61.39189056831785,28.19610901333822,1668408.138274597,1591062.3440580885
636,0.20658519765381167,5.5918936954060054,0.20658519765381167,6.004422434923748,0.14943492821479704,4.968899937015159,0.14943492821479704,5.381428676532899,0.163352015635204,7.186615155598123,0.14505082430042404,6.056261123614913,0.1459745813104621,5.154898682249797,0.1459745813104621,5.56742742176754,0.2975940602377479,0.7189500341122965,0.2927140376010045,0.9311386534415569,0.41014305437819965,0.029485265559687484,0.45204784050856867,4.101605993325053,24.59709026622353,2.1066345587241946,1.352391388602121,178.68117210624126,89.45987281859524,0.8953687766140929,0.0755436323908659,15.307238472578003,56.616016402890665,5.184922318826142,1470000.952568682,1804717.6295649589
637,0.20909861769586371,5.199945327363966,0.20909861769586371,5.388363786268872,0.15194834825684908,4.420174114359458,0.15194834825684908,4.608592573264365,0.1632452406136361,7.976164006199961,0.14743374617913169,6.6350156781291885,0.14848800135251414,4.600256485945642,0.14848800135251414,4.788674944850549,0.2758540320004721,0.8347254528114919,0.28167384005736007,0.8414606353104332,0.8456663682677084,0.0382836011219017,0.46319470880149755,3.4833386347833164,27.251540916614495,3.3598573150594357,1.7069086109340457,153.73602560993882,42.17706542348684,0.8331162948562739,0.07154770451100281,14.043942046858234,98.98998381109683,25.19869821459938,2477521.6679867585,1619438.0902163591
638,0.2081113438036319,5.656219654182989,0.2081113438036319,5.944893475050753,0.15096107436461725,4.825687760662876,0.15096107436461725,5.114361581530639,0.1615622385007253,7.326080003611068,0.1453251130508026,5.981059959793405,0.1475007274602823,4.846358320567871,0.1475007274602823,5.1350321414356355,0.3522912606984826,0.8021999777468323,0.3487840047442645,0.9755595363938353,0.5614973735688785,0.03557805079827883,0.2021371950501214,3.560848555672493,25.47812800805232,1.9810887294437256,0.7806925865020662,178.73597803167888,59.820277433873244,0.8061515654276331,0.09512505821713266,10.339242347127128,78.72166084439982,14.863285426454336,1802118.0923332176,1585094.3821485296
639,0.21340881344273932,5.475552788320797,0.21340881344273932,6.128325489648915,0.1562585440037247,4.676339659840576,0.1562585440037247,5.3291123611686935,0.1636889828484955,6.710046677744252,0.14795926779863297,5.7660775535297875,0.15279819709938974,5.262487326780779,0.15279819709938974,5.9152600281088965,0.363233748691724,0.7647590471288783,0.13603095216937142,0.8805852770135931,0.5320200963270254,0.04108335913380968,0.48850291102053567,3.303962035998011,28.65398714744382,1.6819603546255555,0.7977455174813752,170.59307824856884,56.21181917393339,0.9465662979715277,0.08149489785896336,5.600530908576742,70.16918667424311,1.937795884602812,1725561.5992055428,2648141.7750464873
640,0.2076848338482521,5.620728550275356,0.2076848338482521,6.019186589784865,0.15053456440923746,4.929108956878973,0.15053456440923746,5.327566996388482,0.16753962020480373,7.698348065096221,0.14746447181784758,6.595972286719119,0.14707421750490252,5.3706967422842515,0.14707421750490252,5.76915478179376,0.23349870693193997,0.7767129841243965,0.23718065880799916,0.808440589304671,0.9976073375707941,0.03838453773101835,0.3824297767703148,4.502672200615238,33.6723047896302,1.3361115353053745,1.2124614223537724,170.4435426095544,71.47374506073089,0.9372406663211879,0.06793155958417933,8.959770196032778,89.63425456151776,9.930100296802513,2385468.368948562,2164390.092542033
641,0.2084104942048519,5.271860171623119,0.2084104942048519,5.932193028134804,0.15126022476583725,4.466566341380446,0.15126022476583725,5.12689919789213,0.1666549184231294,6.406730773086123,0.1453053016146078,5.527459987853575,0.1477998778615023,5.006185371934827,0.1477998778615023,5.666518228446512,0.3106771362999811,0.7547950706019599,0.2309638525832658,0.9623537659760742,0.42898730109053584,0.03359553036412824,0.4507540324655782,4.675918122770984,23.401407115790736,2.4568427151008803,1.9134545775037934,163.7902342979232,48.61530520449259,0.930605352726357,0.06679816878724745,2.4782546734735744,49.151061687195806,23.656023220780764,1684210.6225607637,2700316.011535528
642,0.21143648974014287,5.040790608264109,0.21143648974014287,5.634517076813488,0.15428622030112826,4.403018087515739,0.15428622030112826,4.99686280034594,0.1670797424486355,7.057790461976412,0.1470175263769341,5.971585969782439,0.15082587339679332,4.314250328159858,0.15082587339679332,4.908095893896321,0.3476129861722979,0.7891803635156313,0.22018998137586843,0.8845412702418816,0.40806235120371254,0.03524299527523325,0.9784849300922929,4.296939138394456,22.79706002036985,3.6530228299115577,1.9789125038134534,158.61870914333272,67.23177488352994,0.8040714593187592,0.09053066649384922,12.87559935269992,104.25309196595092,28.95255054229248,1063821.1080329681,2166540.5729381274
643,0.2046714166894683,4.991039570178477,0.2046714166894683,5.347658251408035,0.14752114725045368,4.451498857727313,0.14752114725045368,4.808117538956872,0.1607114634090482,6.731640879906241,0.1452481155226494,5.612787586222959,0.14406080034611873,4.773857670480552,0.14406080034611873,5.1304763517101115,0.2598142201670398,0.7091610449444714,0.3489901633609077,0.9182427926106251,0.9212054597619392,0.0284357557325242,0.5022003436633504,3.5419636509581114,25.32687940565673,2.1235507585884825,0.9166888509511323,148.46428989158494,71.21616876969486,0.937415723323807,0.06111401487589686,6.47017819943366,92.82941958053092,14.320144901254094,2056636.3647084304,1937855.337896171
644,0.20768810064469337,5.439297914541301,0.20768810064469337,5.964982101745319,0.15053783120567873,4.822198752236327,0.15053783120567873,5.347997350839832,0.16131876686158933,7.226369132865508,0.14618866716135379,6.179134960809174,0.1470774843013438,4.935434612076976,0.1470774843013438,5.461212216529154,0.2896585840637003,0.7947651262075206,0.2880418826707195,0.9404858284328923,0.9651327687262041,0.039593826950405614,0.21552032265728693,3.3453391181111964,35.2751917635674,2.2458535949195433,0.5198982646145789,173.16691302939404,84.84969469276629,0.8755396831549116,0.06611334672324407,7.556675632104653,66.8993155857879,8.117422122401026,881584.0063782486,1748245.7909772983
645,0.21027443600799045,5.427547010098719,0.21027443600799045,5.980788336639058,0.15312416656897582,4.512273742567128,0.15312416656897582,5.065684762565765,0.1705559592108627,7.250315508801688,0.14758042396167786,6.115498887920622,0.14966381966464087,5.4459826406234955,0.14966381966464087,5.999220549161642,0.32720265560337447,0.7006942421973955,0.16487615148700208,0.8655491116761672,0.8934197016551457,0.03859283315887955,0.3653069310436339,4.992454479836683,30.0309295441934,3.3599133212003114,1.6945313036526664,173.04592224267662,42.14345266825433,1.0045570071959293,0.08036770123308176,6.137875145973831,61.55849355767211,15.581979227464265,1050001.4306456496,1968776.7366486369
646,0.21042403902852871,4.952861765123721,0.21042403902852871,5.5617556549109235,0.15327376958951408,4.3813884366704094,0.15327376958951408,4.990282326457613,0.16373751953590696,7.8038664957390385,0.14797612180596345,6.995003416861054,0.14981342268517914,5.106818833985621,0.14981342268517914,5.715712723772824,0.3096558418818896,0.8032017883203126,0.2548768909627973,0.827572661145337,0.9027574075937759,0.03426268143719485,0.5301334155911235,3.434046098060376,34.560812090155395,1.8317963206524903,1.8766358233336997,142.8989525768342,61.054753681905495,1.0460929180801528,0.06956347523887949,13.634897216035956,118.24403902130834,19.32855230276361,2207524.763876597,2715086.207269081
647,0.21015905471839982,4.903020231463798,0.21015905471839982,5.462321708377651,0.15300878527938522,4.277171628811837,0.15300878527938522,4.836589139288641,0.16461448459772843,6.266339834684914,0.14645287941190205,5.186443588677879,0.14954843837505027,4.235664013203524,0.14954843837505027,4.795089219273971,0.37487488634373867,0.7394861258516265,0.24796506671338617,0.9185925143992316,0.6225937461583886,0.03472348002567133,0.5739494863701782,3.922210405751552,30.987969743179427,1.1875038060275804,0.7072695779867619,150.96954584216667,61.275281152363114,0.8109174496858499,0.09202172461494043,4.030928609949421,85.60195004995492,3.562928512886978,960224.2385593159,1929251.2083796433
648,0.2103777376579275,5.363887720036474,0.2103777376579275,5.543892013126568,0.15322746821891287,4.599381266570186,0.15322746821891287,4.779385559660279,0.1677839393211091,8.011891334267888,0.14780417977370905,6.543727448539989,0.14976712131457792,5.245908653075902,0.14976712131457792,5.425912946165995,0.3315125692326491,0.7782283995523853,0.25859182675417247,0.8429196711131216,0.7538962732235515,0.0404634125026316,0.48184629662641704,4.3487363843705635,35.80407489455587,2.5751039134658766,0.6139118425713492,158.17339743878873,48.83459386888997,0.9680893883116686,0.06289021412635107,14.509631883472338,106.57368127142475,22.88696443919495,2471499.011691085,1512775.6351866957
649,0.20882356115403095,5.575832225174051,0.20882356115403095,6.094700980308197,0.1516732917150163,4.885101510518446,0.1516732917150163,5.403970265652591,0.16802166951046574,7.636637693394982,0.1469821109387683,6.368581899066711,0.14821294481068137,5.000150273804494,0.14821294481068137,5.519019028938639,0.2939241375486188,0.8283960777119781,0.31158903530742166,0.8611874148296587,0.8147721014461926,0.0349051817527364,0.5956306647392879,4.6401747204248185,30.53840627252336,1.7620301629751314,0.6904224293592556,173.98193885682676,74.9315220474507,0.858439508303994,0.10940756633621884,9.15088061480281,76.68667955572494,8.967767163692864,1769885.6444244818,2234090.293729604
650,0.2059256877026445,5.428882474711732,0.2059256877026445,5.9592702696382736,0.1487754182636299,4.56313245522187,0.1487754182636299,5.0936807619063025,0.1588333895292337,7.49469400647037,0.14535811856568287,6.499141895894262,0.14531507135929495,5.005338265841418,0.14531507135929495,5.535804586698055,0.2949287169535968,0.752956680569015,0.3575094623781636,0.9375705443731819,0.7795513612692209,0.0314706366106815,0.9297874823333598,3.0380020319880803,27.733604983063707,1.5641444360976386,1.120592519460619,174.75341799085166,50.8081257236375,0.8963292697650156,0.10114766269405512,12.014932031999829,96.23675690320763,5.470568235449274,919911.3416640095,1846978.6868932392
651,0.2056227598890013,5.038674502502827,0.2056227598890013,5.427654325893594,0.14847249044998667,4.411445535580075,0.14847249044998667,4.800425358970842,0.16486612398030404,7.000072761672345,0.14524266151863208,5.790839704067443,0.14501214354565173,4.415583287410345,0.14501214354565173,4.804563110801114,0.2990366033614502,0.7179990521686226,0.33123960086426185,0.9719862420088478,0.8720267098126038,0.03485715528518206,0.4172374127261261,4.431358142580534,31.336655904229175,2.535289088327446,1.7583747850615867,148.27656345089326,58.371225819099635,0.8202194390386616,0.09155680280991865,7.077683858758956,61.31330943511572,9.323462852921523,2109216.70699682,2006183.465772778
652,0.2042776871723295,5.36953908775195,0.2042776871723295,5.622407035482195,0.14712741773331486,4.571692830412651,0.14712741773331486,4.824560778142895,0.16589812024141476,7.582309084585163,0.14554354130125788,6.4091045204105646,0.14366707082897992,5.5615826140346805,0.14366707082897992,5.814450561764925,0.24907591368211202,0.718840544637467,0.3947203602011534,0.8512862368180026,0.8747204765967382,0.029636726407570063,0.8119891938439787,4.7063579230676496,23.14424244802022,1.2667931545362594,1.8714310894046264,163.01229037387938,48.9194027484745,1.0504014391531196,0.0628058226995454,10.69690920614157,70.98268426912439,27.573876734208717,2373231.2984018433,1803425.9946584522
653,0.20461051827986984,4.9284964542499585,0.20461051827986984,5.480730016952603,0.1474602488408552,4.271738170534638,0.1474602488408552,4.823971733237282,0.16710350526284634,6.642896832477529,0.14547484753377016,5.540642656621416,0.14399990193652026,5.410462855477632,0.14399990193652026,5.9626964181802755,0.22888777307433295,0.7059894283472029,0.3125931860353762,0.8932379179225503,0.5889702740808976,0.042360257780270874,0.3164673351469831,4.969939352775912,33.409573475615176,1.722969931477711,1.3318353357262103,142.12408692819156,47.969202715042435,1.1450817185101931,0.09924572225933107,6.549597191518867,97.21989117433193,7.275058528926104,2219182.339567569,2551246.765619938
654,0.20995987355135148,5.093238697523264,0.20995987355135148,5.74978062836723,0.15280960411233685,4.610639137316732,0.15280960411233685,5.267181068160697,0.1642281946681503,7.3434183017249355,0.1459159134185464,6.396339484247263,0.1493492572080019,4.55212551572842,0.1493492572080019,5.208667446572385,0.2847713981809982,0.8347715485929338,0.16537589528699329,0.967184113079127,0.6665127899858632,0.03639390993861627,0.4313343055133654,3.938996524044343,28.227756065534543,2.67971732921599,1.4935145596333934,156.9261331363642,87.70082550904272,0.852478114210904,0.08059836641831901,13.873240348655887,51.7137159195768,4.156507242865979,1375457.0675420635,2478170.0791651467
655,0.20537346754300828,5.067066432085256,0.20537346754300828,5.687920907663369,0.14822319810399365,4.4169386754262305,0.14822319810399365,5.037793151004346,0.16464984725917373,7.752837738936513,0.14644510847265893,6.750943934094722,0.1447628511996587,4.853845444406957,0.1447628511996587,5.474699919985071,0.20073153961335405,0.8230301932280265,0.3576975937908572,0.8164443278264036,0.9642217796383479,0.03564671413595186,0.756459795967916,4.17210542941946,32.979294459419144,1.2908181587567888,0.5860389339729495,146.3225795188644,53.1424873896289,0.9376577866568306,0.09339988020085757,11.629345967238876,68.68361390670225,22.599585189357818,2473912.541545388,2904372.759722491
656,0.20901548244765442,5.113275804712596,0.20901548244765442,5.7133187163019725,0.15186521300863978,4.45436302213319,0.15186521300863978,5.054405933722567,0.16333709503827626,6.516055409557879,0.14687492627194684,5.4556155426713655,0.14840486610430484,4.751980087509282,0.14840486610430484,5.35202299909866,0.27836769971589687,0.7784433472933016,0.21407260299380662,0.8734475147469373,0.6761754928824677,0.03869108402958493,0.6341015780063526,3.6164528014832253,22.160907726440623,3.9099599045476787,1.475135414753376,158.09944939150398,63.65474830631117,0.902232148592824,0.09575955819730896,2.9830079471751723,70.57351996065604,20.33434597767104,1586552.7601851602,2468143.938254404
657,0.21077008453266152,5.370140421646932,0.21077008453266152,6.143381490042111,0.1536198150936469,4.585281699676775,0.1536198150936469,5.358640860456693,0.16472361712178554,6.77675030561108,0.14578344181523997,5.8233409229374695,0.15015946818931195,5.1617728214008185,0.15015946818931195,5.935052521559266,0.3060846929387908,0.8496795585111099,0.16925762766303876,0.9833450934222725,0.5192430313993837,0.03913792678332262,0.4639937373706713,4.029725885323441,32.02837651565362,3.4537331504312907,0.6248701887884303,169.2580106901102,56.987095652063154,0.9473420380652906,0.07220346185009613,4.722600380779314,81.01274582495172,19.506905120251574,1149013.3461213338,2687169.721465722
658,0.2053132051533953,5.65894432756902,0.2053132051533953,5.936705357668377,0.14816293571438066,4.703339888362612,0.14816293571438066,4.9811009184619675,0.16143491461476256,6.784818666141246,0.14539605784730386,5.567286691756073,0.14470258881004572,6.184551534547274,0.14470258881004572,6.4623125646466315,0.24485774910172325,0.7290612177788764,0.3064010467369837,0.9126556550847784,0.5051374424009621,0.04086498598573132,0.7871200995045688,3.649678355630564,31.12085170238599,1.296033082654889,1.3258391299931498,177.09045676897995,40.366575584035,1.1269783760150196,0.08950461500839214,3.683907178273812,55.304432993403196,26.286119324288137,1806657.5972306929,1502573.2676615273
659,0.20805955728028508,5.708778016081136,0.20805955728028508,6.078822570338354,0.15090928784127045,4.834575796536207,0.15090928784127045,5.204620350793426,0.1664377122072779,7.466794377350321,0.14502946980054113,6.079561702524092,0.1474489409369355,5.782017389090312,0.1474489409369355,6.1520619433475305,0.3486936507301708,0.7196642554838046,0.25681193767944377,0.9912056763068248,0.3497808955289569,0.03881343262145383,0.35374044475709526,4.6928457180189564,23.78345582564985,3.9399862824253566,1.8365936060884986,179.53153199172962,54.359584999239274,1.0174528958017997,0.10083115129860062,12.661164154805226,55.71126533467439,28.989336540357698,2071977.964435309,1995666.3163562582
660,0.20629385725988483,4.893686651312258,0.20629385725988483,5.5044426985763115,0.1491435878208702,4.1602948502272845,0.1491435878208702,4.77105089749134,0.15941646943048496,7.1813708207105575,0.14523749869832162,6.303163294202799,0.14568324091653526,5.091695324689877,0.14568324091653526,5.702451371953931,0.22047459740073966,0.812510548603898,0.2508432521575005,0.9452315115443386,0.6066145462320692,0.03383185089085042,0.25362971327072137,3.1819219821871445,23.95873761520911,1.6989332928416183,1.5998439709257744,149.4388644168178,44.390712686375814,1.05668710397519,0.09219639140270938,15.388985616345481,110.2115995118155,12.676553546882838,1410758.3001793385,2392167.455919683
661,0.20941089775158678,4.88849242345623,0.20941089775158678,5.338204829384322,0.15226062831257214,4.203969843250721,0.15226062831257214,4.653682249178811,0.160884121190428,7.056298477613927,0.14709235318627306,6.030677366445556,0.1488002814082372,4.557163794294793,0.1488002814082372,5.006876200222883,0.29545122564073967,0.7801764864572048,0.23343367950107904,0.8639498384459328,0.7762238997352151,0.0350234736599906,0.6737398319185354,3.0196749963165015,31.410498738167345,2.71801503369885,1.7348942783284764,142.0803373792212,44.088107733212645,0.9002326127377045,0.07483543784200236,10.496420002186024,80.84780853024427,6.739612972305484,2074800.81237351,2178477.742926414
662,0.21464613834692634,5.681184704965638,0.21464613834692634,6.148983313479893,0.15749586890791173,4.8998921377828015,0.15749586890791173,5.367690746297056,0.16402337532524797,7.541753646572916,0.14807866869425632,6.409248800398315,0.15403552200357679,5.494540408787989,0.15403552200357679,5.962339017302243,0.3598213093010526,0.8490790939801278,0.14695221738173656,0.8961985608873151,0.5918345210372502,0.0398252139369127,0.8509102630325522,3.3003346964847813,32.8378446813817,1.1388920286055932,0.6063178919106673,172.8400662979123,61.0167164020487,0.953800857656026,0.08103434381835466,12.597654840573854,86.84476319859058,1.9208193193213763,2446439.3613777263,2417705.7397874175
663,0.21189729417371525,4.943098580910352,0.21189729417371525,5.415623188196256,0.15474702473470064,4.39550451612311,0.15474702473470064,4.868130648426596,0.16881686803788154,7.308069108607436,0.14629860303109304,6.055802387023563,0.1512866778303657,4.825479786815509,0.1512866778303657,5.298026200857377,0.3468450415087755,0.7989292781097271,0.14220303878250046,0.9808437533917433,0.7138241969982175,0.04054978772182004,0.9452157039335896,4.735419509453863,30.182529181544734,3.9701796034071672,1.9967942548014723,152.5387726490745,74.04045486334493,0.9670178043781255,0.084355308031611,10.236672070404621,102.35939836281545,18.462920159046472,1014091.4331774779,1696839.075194995
664,0.210901045215209,5.364945138103405,0.210901045215209,6.021450297189357,0.15375077577619436,4.779228823909062,0.15375077577619436,5.435733982995014,0.16916228271112557,7.498480516658475,0.14728860053427065,6.394858893895596,0.15029042887185942,4.997439126423467,0.15029042887185942,5.653944285509422,0.3933266848167469,0.7990867430552855,0.3018106097067349,0.9140074686559089,0.9600527169594804,0.040665899227298734,0.765582220737387,4.692183877796645,32.35971808190281,2.6269455722379256,1.1976439301410462,162.33562257226382,78.3298303249413,0.9031467425719919,0.09565083373023364,6.470000307719486,113.69871544554829,20.53282057645439,2052579.3535557324,2796909.3140726467
665,0.21110363864752077,5.368060953861619,0.21110363864752077,6.069126219805733,0.15395336920850614,4.444772747787617,0.15395336920850614,5.1460091931826835,0.16831408417706675,6.943858027823609,0.14622661978686408,5.98481302376186,0.1504930223041712,5.00421504528785,0.1504930223041712,5.705347768979665,0.305263198967644,0.8190271966798615,0.16407621297388056,0.9185050918098595,0.3926154627310101,0.028653641691044267,0.9635937875506502,4.725289409002329,27.97699000348104,2.3290973488879,1.2590239343134597,172.85770036570636,40.82702773234866,0.9099648996154207,0.07745262939973796,12.216009825328193,59.446534087030145,6.235493801741679,812635.3571881618,2321821.1479439484
666,0.20962808901937335,5.463732305555587,0.20962808901937335,6.073388233054943,0.15247781958035872,4.629505912974046,0.15247781958035872,5.239161840473402,0.16141852301810894,7.0310719415487295,0.14565526385402114,5.972550030568314,0.14901747267602378,5.441523101731578,0.14901747267602378,6.051179029230937,0.3818323514334659,0.7279636044117663,0.23915472455491116,0.976608190575923,0.4646004330294618,0.04040826426234204,0.7232234002861511,3.397936022131973,28.47361986616666,2.7316894418019984,1.3316063905732705,166.42472077026991,46.91462563272339,0.9942907538478867,0.10863131269590819,6.458693501327175,78.19375138281345,27.646267883084175,2234277.230548501,2781531.6879114513
667,0.2051827946520099,5.3923765999441695,0.2051827946520099,5.571961754004792,0.1480325252129953,4.723749671468106,0.1480325252129953,4.903334825528727,0.1601647968099005,7.369675699273859,0.14567451246886604,6.059222985922976,0.14457217830866034,4.710441085813131,0.14457217830866034,4.8900262398737535,0.17085206489171276,0.7453341104271303,0.1485942818646259,0.9179780702495265,0.9245041882416636,0.036891076681175465,0.7640866592519286,3.2997684813289805,28.84971159181018,3.087437378037679,1.662556710177203,161.34796772494684,65.61818734600661,0.8191812661638419,0.07571340872834076,8.457258180723116,73.13721710361656,10.159320065189876,2495449.7583814883,1586158.7600823343
668,0.20579689420762523,5.420031387615682,0.20579689420762523,5.985639797111133,0.1486466247686106,4.805970714549939,0.1486466247686106,5.371667297313702,0.1669041381267039,7.943572561451308,0.14515284743150467,6.727828494481463,0.14518627786427565,4.909545592638831,0.14518627786427565,5.475242175402595,0.1739443768770428,0.8117604834897112,0.14131429702548545,0.9551311123272883,0.8695300644036721,0.027528465716769052,0.5070856804422511,4.909752356342096,22.546815098935134,3.817282281809392,1.166676262843695,173.96896506752222,85.91601178665788,0.8744835992457979,0.09917425431697388,12.293083298707685,45.69091650587981,15.286620065360811,1194152.0257888068,2149212.7466588174
669,0.20842753546769727,4.88115599608914,0.20842753546769727,5.346456541602191,0.15127726602868263,4.373794537655723,0.15127726602868263,4.8390950831687745,0.16896233856717582,6.804414685175458,0.14631624339108354,5.598965853863008,0.1478169191243477,5.21046541248878,0.1478169191243477,5.675765958001832,0.303431564063921,0.7952663017420862,0.2951359607873505,0.8963025218261784,0.4857559987715998,0.041166846716896494,0.2506749927403232,4.995677556262241,24.58068954666124,1.9717341554186942,0.763159586065034,143.9052695946954,71.16715491902679,1.0979018879392728,0.07691330593731291,12.624552312574487,76.18476143935322,4.144816764947143,2068483.4965560474,2286053.247917156
670,0.21021509278662254,4.770419814650033,0.21021509278662254,5.373724508254382,0.1530648233476079,4.246076255458315,0.1530648233476079,4.849478163390739,0.16570471115551216,6.868130716175615,0.1481992267197896,5.8939089665760305,0.14960447644327296,4.601198673227329,0.14960447644327296,5.204534740764419,0.36306149142496963,0.728639832441354,0.2717948439218018,0.8235874211042763,0.8686051429042845,0.04288698963897057,0.27173527747547377,3.8246601150991424,27.014435255929023,3.3845241456195025,1.891299052041701,146.19142742879603,71.02620816188026,0.9504873920878547,0.0807519427730177,7.196253494804487,91.16151477547433,22.663863800530876,1004728.4149841736,2127656.9297604864
671,0.20473846400615128,5.677498707954537,0.20473846400615128,5.886491864439456,0.14758819456713665,4.845013300405192,0.14758819456713665,5.05400645689011,0.16400094082153582,6.956182821290755,0.1449514469489553,5.5192984423454785,0.1441278476628017,5.243212148431248,0.1441278476628017,5.452205304916167,0.23297269806972198,0.7615764854283806,0.3338399724293694,0.9662000023856356,0.8569685390171722,0.030611032575397507,0.3066066397681215,4.347789085696958,29.095575615785922,1.900213011194003,1.2801578434812348,175.58420206401019,56.34503462064772,0.8941832142281505,0.10410127774277439,3.0012998368896713,108.06109535371085,9.549175390251623,2206276.8432020983,1517363.049280051
672,0.20967093612874838,5.118535642750591,0.20967093612874838,5.540061150138355,0.15252066668973374,4.489073980366229,0.15252066668973374,4.910599487753992,0.15987350347244703,6.311290887137143,0.14536537056074414,5.16463180353809,0.1490603197853988,5.054067819059421,0.1490603197853988,5.475593326447185,0.30593977965607044,0.721489925507495,0.11465691787862248,0.9676051266187068,0.5156952842640216,0.027179524802808927,0.2647552370490407,3.128603007333796,35.64509644005679,2.8578671963255697,1.180822326170892,148.52739246783332,58.388152918737056,0.9814305060855517,0.0746573635753032,2.3980543119327433,53.676960814981136,9.270182945545235,2361763.012126025,2204246.17759885
673,0.21380901300252425,5.559150358829876,0.21380901300252425,6.078381200940244,0.15665874356350962,4.765693579923781,0.15665874356350962,5.284924422034148,0.1698139036902969,7.923012546750787,0.14956143374085387,6.699972816593632,0.15319839665917467,5.219586818614954,0.15319839665917467,5.738817660725322,0.29287649996834647,0.8475610480564667,0.11307470961109545,0.8076921071615194,0.8880451128568081,0.03774170338289052,0.37077372492053373,4.2913288804978755,32.490717394113766,2.6885684350045427,0.9044218026141762,171.87328074827997,58.27920089980037,0.9154767279894288,0.08823877465184869,10.650137906036395,87.94340278722103,7.934926123693719,1878908.8017848171,2278408.783105471
674,0.204315747912323,5.329469817294269,0.204315747912323,5.870511905292221,0.14716547847330835,4.719947477521953,0.14716547847330835,5.260989565519906,0.16055409242733337,6.322531943076476,0.1450932345378171,5.376185094955803,0.1437051315689734,5.4008238016807075,0.1437051315689734,5.941865889678661,0.1992929806823576,0.7553878927168888,0.35078430528999593,0.8442515697369789,0.4150301293436762,0.030291918511822863,0.9518016350458154,3.572704591534341,23.672160395546687,2.3227556803498124,0.8960238468009842,167.00454630950398,79.76210393289941,1.0182790470211711,0.06399731080122567,4.101814339872363,116.26553975132158,8.308997375799091,1570287.4870187705,2267354.290284521
675,0.20958814636812842,5.207769706507937,0.20958814636812842,5.709135075437464,0.15243787692911379,4.534182048875893,0.15243787692911379,5.03554741780542,0.16217645086734475,7.893567934832421,0.1464654417442997,6.827612286227162,0.14897753002477884,5.718161599457865,0.14897753002477884,6.219526968387391,0.28695415019941406,0.7653808428823967,0.13750022964913156,0.9466228109616587,0.8869885394011077,0.04025103248460827,0.24878255796429932,3.4005172495857785,35.44190854468185,3.542444899244861,1.9643328734337926,156.64361225342947,60.15910095795947,1.1393974062198073,0.08517215744089124,12.90089811589192,72.31615935849837,10.95553054337254,1782113.5636650156,2144899.505450532
676,0.20884365060067947,5.364434658100965,0.20884365060067947,5.71675439252293,0.15169338116166484,4.642379595239816,0.15169338116166484,4.994699329661781,0.16595532386902073,6.912713569379444,0.14557170957242568,5.557486381128773,0.1482330342573299,4.969137654511859,0.1482330342573299,5.321457388933826,0.28904649869354376,0.8215006975776166,0.23384248349332623,0.9601133306819589,0.36873027714282297,0.04021224522156347,0.5181414871169263,4.443636629278463,23.6258149803121,1.0723813440356063,1.1060860370331445,170.30112818423584,66.7895303552133,0.900695343773718,0.10822638573287621,7.913865572275393,88.99844884057421,29.61864414298114,1325842.8816869347,1545066.9054053123
677,0.2082126672200328,5.695292170548676,0.2082126672200328,6.028060112565993,0.15106239778101815,5.027336491621632,0.15106239778101815,5.360104433638948,0.16851692470646082,7.948887695785531,0.14647130054073434,6.704468029867387,0.1476020508766832,5.441404491779861,0.1476020508766832,5.774172433797179,0.3307037608141105,0.8193034948824038,0.3637445617195192,0.9104928891594711,0.8567404075980016,0.03891717498701134,0.4868185462835006,4.866431803385025,27.726613113158496,1.214298681626406,1.6602806109188917,177.63345171336638,81.95464317180134,0.938852249480729,0.08466408499113072,10.252845433100585,117.68167321246152,27.99439069194658,2087433.3769848144,1854351.6509117677
678,0.20701456569950455,5.192025605381023,0.20701456569950455,5.595573660833856,0.14986429626048992,4.441879195562877,0.14986429626048992,4.845566329630773,0.16186580526092392,6.732191958011136,0.14548176981691222,5.617826789521197,0.14640394935615497,5.010444141159149,0.14640394935615497,5.414025862172904,0.2706434946421631,0.8353661634639915,0.3335896423786457,0.9433767374960118,0.41236867997557153,0.04191734597835978,0.9631774208193111,3.6493956067164066,25.21511097429888,1.5083243569326146,1.8221092990595191,164.58612021788994,57.14981959094477,0.9528087594045013,0.0959263352355299,8.777814442847452,116.32676691303547,24.53217471803784,1030919.7125687738,1535541.3046223228
679,0.21468972638821393,4.889619437522304,0.21468972638821393,5.37004693587346,0.1575394569491993,4.449399398231655,0.1575394569491993,4.92982689658281,0.16200476463304728,7.601364087336515,0.1471204605694877,6.420561059855738,0.15407911004486435,4.37624161720245,0.15407911004486435,4.856669115553605,0.40477575379042635,0.7761099782000268,0.117542718957363,0.9422951811632632,0.6547135387905938,0.03300933510010372,0.5286823596993726,3.054707110129249,23.553603292695037,2.8188105597541697,1.4898741309645427,150.9156078471059,87.61387347901014,0.8544652985086143,0.10461120304216695,15.169517377076316,116.90504645345999,29.935762686037833,1201874.132383645,1878381.5539573005
680,0.20754756535679547,5.2219057303076815,0.20754756535679547,5.55546161467346,0.15039729591778084,4.418408853379529,0.15039729591778084,4.751964737745306,0.1642327870931577,7.491423163897898,0.14555656925986155,6.160468456923061,0.1469369490134459,5.318831630624192,0.1469369490134459,5.652387514989971,0.292883015357271,0.8184277174581679,0.305725175761398,0.9777198629983486,0.9410008548317472,0.032736055912141654,0.6336943637965429,4.122541964199407,25.715197044250765,1.8754722498193845,0.6525670457660409,157.31923768085832,42.28358377657595,1.0263585566551228,0.09019493418271719,9.4517215879577,66.51048425294002,16.38331604982579,2180198.6202893034,1923653.5908162764
681,0.2052772814503831,5.032162417811435,0.2052772814503831,5.551044314864171,0.14812701201136846,4.351991782269309,0.14812701201136846,4.870873679322044,0.16123173669530527,6.531660988756941,0.1452487165946601,5.510328744115397,0.14466666510703352,5.318390434797157,0.14466666510703352,5.837272331849892,0.2359381616728507,0.8460540876965458,0.37488413898665063,0.9854952702147011,0.8969764447959228,0.038960620069048824,0.28041662737819845,3.618298967228591,28.272836448723876,2.389863908062325,1.4773375676568405,151.6640854098417,54.22634875996585,1.080740792198722,0.08806082655215722,4.046499896439026,69.0081926338516,11.484185702297538,1736034.2628570236,2240363.5649268497
682,0.20773629564143076,5.653441743246561,0.20773629564143076,6.161543714258154,0.15058602620241615,4.874406315484503,0.15058602620241615,5.382508286496095,0.16744211247517904,8.027495820487502,0.1462351063942132,6.89132307988851,0.1471256792980812,6.109856435742353,0.1471256792980812,6.617958406753943,0.2551892039357999,0.8288489007426845,0.28697649731069436,0.8815886557174349,0.7697463150096249,0.030394576555343483,0.26195793629696296,4.718798934712186,25.614397141020287,1.3092374865107153,1.0138885974083336,173.4881746307929,61.94568604802397,1.1125520355469218,0.08923908226595563,13.038795230453513,47.50033679554724,25.72115143512529,2498191.3882099716,2635505.991743908
683,0.20658812196539908,4.853442744596789,0.20658812196539908,5.6988560776110395,0.14943785252638445,4.404598785671407,0.14943785252638445,5.250095335239216,0.16254170410671276,6.31089811043126,0.14621594685277017,5.578877291586543,0.1459775056220495,4.174038236928792,0.1459775056220495,5.019577532876209,0.22668126261275434,0.7599944688851609,0.2731187349594211,0.8105786938470215,0.48303499265746586,0.0313514966241513,0.4455664993821107,3.6980738498408856,28.363217631645853,3.6241050877064174,1.8876334088090754,149.64544094081162,85.19590462501904,0.8058005381183938,0.09057793314499862,3.1583091107772234,109.56511232847436,29.170953515444232,961286.2472610013,2842707.859632722
684,0.21082438766182854,5.286836996802184,0.21082438766182854,5.737033849621269,0.1536741182228139,4.738431020868862,0.1536741182228139,5.188699821670721,0.1687694743419904,6.631756336029365,0.14685427664529707,5.476064307967078,0.15021377131847896,5.846278993894527,0.15021377131847896,6.296372125066058,0.3070082563292088,0.75412964448031,0.14845299172589516,0.8750031503484774,0.563481441624764,0.027257978795322328,0.21332270027045946,4.729689493130298,34.265430215786274,1.59284164415733,0.6327280538694885,164.7122770614776,86.20908914118507,1.1452821247960754,0.0613288301371905,5.7205326403557955,94.23079550221559,5.4290156468022985,1189839.3143414785,1686558.3401528778
685,0.21236422728593246,4.803925935674747,0.21236422728593246,5.660652879397797,0.15521395784691783,4.387936896547495,0.15521395784691783,5.244740965457295,0.16672853710036165,6.892533830867016,0.14638380681427268,5.964426863521533,0.15175361094258288,4.826531650873984,0.15175361094258288,5.683254403452934,0.3497603291566911,0.8265532812403455,0.1632277763604772,0.964040143499188,0.6469649887615341,0.03620833077711018,0.24907691091256023,4.266464454831434,24.41476246498437,1.7086285810161743,0.7970445516717234,148.35993956556914,88.50837408507039,1.0065175548161667,0.10788161275488958,9.580857757768754,93.25742555199777,8.507386409843361,1013150.030193442,2938818.0342485597
686,0.20627127850695565,5.0606944801019145,0.20627127850695565,5.557165938854155,0.149121009067941,4.284336426487686,0.149121009067941,4.780807885239927,0.16066937031372325,7.272148483983008,0.14556321480140666,6.217378878378933,0.14566066216360607,5.346336942821693,0.14566066216360607,5.842808401573933,0.2653773544086489,0.7912566010722273,0.3458619777449725,0.9052711484900244,0.7255102985429279,0.029926813027755843,0.35305217141597417,3.403297986481454,26.7270962815278,3.7289917222535847,1.6115955479779627,155.46174427115764,44.35460877675182,1.0786072942429836,0.07853119025567176,12.794385591443177,51.2552044211718,4.361176107858955,1448232.0746878607,2033795.0014648973
687,0.21140683155041667,5.2739272274834725,0.21140683155041667,5.816044224730496,0.15425656211140207,4.648184713728188,0.15425656211140207,5.190301710975211,0.16829648154436286,6.90004386309105,0.14802110060578083,5.648181270213608,0.15079621520706712,4.597952286300356,0.15079621520706712,5.14006928354738,0.2858840575943613,0.8321089501755896,0.20646412341467082,0.8026220915570492,0.43571297883981835,0.031489915719584136,0.351873468459175,4.394753423583933,27.038438064793144,3.6194261190981014,0.6874714616919144,159.12189849363375,69.43010899852834,0.8182542516995243,0.09124304888024658,8.621895348203736,58.42919353383156,7.649847596728891,2182592.990135733,2560293.0540076653
688,0.20459211129991373,5.569232268842291,0.20459211129991373,5.9622870310910905,0.14744184186089912,4.72478700816263,0.14744184186089912,5.117907111066268,0.15842074386007657,7.112416382488003,0.14464999603399542,5.951284978770939,0.14398149495656418,6.104386891557041,0.14398149495656418,6.497342435085307,0.21369903496546255,0.7769685480678086,0.32045666912952453,0.9705230553551836,0.5402385738381844,0.033802661855542766,0.626877483573874,3.1447319774946867,33.07159702803955,2.533048681889372,0.931065435440463,176.60938293289823,55.764512700016496,1.1296130100741586,0.08599250294219299,10.041725037289508,85.12205270495048,9.899248110461848,1265158.9220468022,1556155.09486471
689,0.20867354198134286,4.8956318617197265,0.20867354198134286,5.27671745440509,0.15152327254232825,4.215582486640121,0.15152327254232825,4.596668079325485,0.1662496046755581,6.9419676393341385,0.14569500414724118,5.728647108990586,0.1480629256379933,4.726069031617612,0.1480629256379933,5.107154624302977,0.278759695727008,0.748191829490046,0.17588683702504565,0.9180359773341411,0.4612058535308904,0.0282951145566084,0.6175210618069125,4.510735091505395,31.0102885194048,3.910800275262729,1.7995618958420465,148.60569451506524,51.30323379090242,0.9511843788504806,0.06446417164177912,15.35822804625233,87.23199108178764,0.3472631290009198,1240519.0986480147,1528049.0972631811
690,0.21383691765775653,4.866098070155228,0.21383691765775653,5.18814183429295,0.1566866482187419,4.300556547469978,0.1566866482187419,4.6226003116077,0.16437304902348626,7.241546316678041,0.14873610789223266,5.858402681145375,0.15322630131440695,4.974288358354056,0.15322630131440695,5.296332122491779,0.4021633381857734,0.7145355192645144,0.14926473872881563,0.8514048072228924,0.7193466182727083,0.039505613405305444,0.9201619966936583,3.2865212949606692,24.65716996376423,2.929604562122141,1.1410840001031128,143.03934328166014,61.848007034885754,1.0323590963487919,0.1081749413956257,11.680886609817975,48.59078832804481,13.975103941645244,2095613.9351957995,1849944.0887707167
691,0.2080447024360548,5.4087541300998545,0.2080447024360548,5.856428212546308,0.15089443299704017,4.862062228422235,0.15089443299704017,5.30973631086869,0.1681450580875671,8.276171486997216,0.14589242468703997,6.955081591522477,0.14743408609270522,5.6567167994930205,0.14743408609270522,6.104390881939475,0.244205292549178,0.8451770205150478,0.20636464999364584,0.9599327954456607,0.963740175918999,0.03375511061806598,0.8869998962251342,4.895271403314925,31.483828761362997,3.029164443637579,1.2353166392786117,162.90088618609045,84.45921484113569,1.0651218112368097,0.09586141889132743,12.186672492411743,47.82637620922286,27.016873234051342,2268405.790239689,2270889.968939347
692,0.2052941594949146,5.162867964938038,0.2052941594949146,5.838875493345323,0.1481438900559,4.446562533612916,0.1481438900559,5.122702866457257,0.15997243683321472,6.538544553953223,0.1452422194555067,5.621490111668911,0.14468354315156506,4.8651604389800145,0.14468354315156506,5.541223162948666,0.17950419017474,0.7385917106647291,0.15901895645833666,0.9201799516632028,0.44908637672491847,0.04047634385273899,0.20332579416588317,3.3498803013515195,22.23689160574053,1.8404513617165559,0.7364336444940611,164.45562491152623,61.81560980521344,0.9225673415770844,0.10168573639129627,6.018495087290331,96.65805083086047,26.58751975553575,1002861.4697624177,2393354.746341272
693,0.21110882821538557,5.327536535395331,0.21110882821538557,5.840761618270558,0.15395855877637094,4.763497867526763,0.15395855877637094,5.276827524281356,0.16159427701852286,7.648787953686973,0.14743299639896948,6.679898949036617,0.150498211872036,4.545776953781566,0.150498211872036,5.059146976422162,0.2918370012456324,0.7764134998232142,0.10886285476389894,0.8948647295372143,0.9725451537837593,0.03534981809588648,0.8106627175381227,3.036049447134829,25.027254067189478,1.082592217832409,0.7492668456790403,170.57303885803478,89.8294884584445,0.8039594489518035,0.06446404885569587,10.533452702170845,99.7554537383855,29.04292847231645,1012642.8077419635,1873240.0417935248
694,0.20358289232464552,5.729044065896674,0.20358289232464552,6.24202563151661,0.1464326228856309,5.018635754676084,0.1464326228856309,5.531617320296021,0.16617601648836836,7.336101419426303,0.145388371905875,6.3615368783160005,0.14297227598129594,5.965738428927946,0.14297227598129594,6.478719994547882,0.17075843779080457,0.7234542728279711,0.32994180067615364,0.815360549847007,0.618019747400089,0.03469418811024767,0.9886507572498406,4.8516244432652265,35.83755756670205,1.4485543668528513,1.4607973163886374,174.53281565336843,72.84768513993495,1.0580195605604223,0.07511574476769624,9.404203675414529,91.10074392868981,8.270005609176511,2369224.386369221,2490388.476443982
695,0.21719347143077494,5.60963617708582,0.21719347143077494,6.216638863004227,0.1600432019917603,4.706376131529499,0.1600432019917603,5.313378817447907,0.17068459363313354,7.935196385085157,0.15040336080596178,6.9428678867141755,0.15658285508742537,4.856029662358981,0.15658285508742537,5.463032348277388,0.40307409377362746,0.8210371375551753,0.14674947507995661,0.8286690398803961,0.8329861009375099,0.040413874218335005,0.39274032869941444,4.152573024768769,34.13167333372773,3.5946538264595045,1.974565411662652,169.58573106459423,40.45808023302864,0.8098838761378399,0.06319914641450627,11.409767240510716,58.39507912830281,7.576502314385282,2418650.0106063727,2826166.482616197
696,0.20813498928804733,5.358459552052106,0.20813498928804733,5.655254949008642,0.1509847198490327,4.781295477591269,0.1509847198490327,5.078090874547804,0.16068138175334543,6.798332591471562,0.14491211177365904,5.476355511561399,0.14752437294469775,4.976322704904756,0.14752437294469775,5.273118101861289,0.2610137373467613,0.8089764008623797,0.18985069839874202,0.9843156004475115,0.3307357302606227,0.03338640215670372,0.5610935011393134,3.4538340713499265,25.562560546415202,2.8754790249507334,1.2922007023022515,162.32166854201134,79.54362562176237,0.8992822459177976,0.09402367037681386,10.336368671366962,66.45552223323534,10.057857012640293,2301485.35976383,1874640.167037205
697,0.20546946972082802,5.65007455103237,0.20546946972082802,6.365907433605868,0.1483192002818134,4.99792761958884,0.1483192002818134,5.713760502162337,0.16176901550564202,6.763896782996959,0.14495512280069237,5.956186876954538,0.14485885337747845,5.377029651619327,0.14485885337747845,6.092862534192824,0.2950013599821117,0.747162753378827,0.38975597334724543,0.9074257072078941,0.34112968915162833,0.031288597538022885,0.7098341942395676,3.821520114204638,26.87365333795382,1.282913651216186,1.7110647043014358,178.73304327363172,85.22687389399292,0.9346428910600729,0.10102543749110696,4.271588875440301,81.97780749418888,25.942110820964842,1708041.7115457684,2848007.200884305
698,0.20480931188267446,4.8245582885454565,0.20480931188267446,5.4794152233780435,0.14765904244365982,4.191300998448986,0.14765904244365982,4.846157933281573,0.16034431563480514,6.742131792824031,0.14515481312037853,5.85702726662357,0.14419869553932488,4.650590744641301,0.14419869553932488,5.305447679473887,0.2226923524874885,0.7914571365653322,0.37658654160232086,0.8853071748886063,0.6347145639566345,0.027966326919217174,0.7068649199960777,3.481866741368515,25.119575940025626,3.1286314537123756,1.524419176344125,141.8632984083597,51.12966717590442,0.9475359523430822,0.08527870600862057,8.698476085003236,45.720435736048216,27.953320953205683,1993977.9183748036,2828944.162692289
699,0.20633523900516226,5.594623694672574,0.20633523900516226,5.871204887661126,0.14918496956614763,4.709268818155737,0.14918496956614763,4.985850011144288,0.1638796942319269,6.9704835750680285,0.1457294470886796,5.657012243690139,0.14572462266181269,5.3561780715965694,0.14572462266181269,5.632759264585119,0.19366645560373585,0.7528123197837208,0.11893286690413973,0.9318529826409155,0.6631779289205095,0.04255572297636141,0.6339954962136023,4.078685740466792,24.074949778453718,3.523286757876483,1.835762851284892,177.00190685629357,50.32660688607945,0.9423664959731859,0.08341124558058746,5.0892955525436765,40.9166153488328,18.261295989948255,1737642.8205307913,1528080.343873524
700,0.2088086969732617,5.452897254912264,0.2088086969732617,6.119491650265572,0.15165842753424708,4.569313996648558,0.15165842753424708,5.235908392001866,0.16140049925218994,6.762268354052638,0.14650956525787914,5.876796372445255,0.14819808062991213,5.390390700966362,0.14819808062991213,6.05698509631967,0.27375337892219703,0.7044081238233606,0.14993016486212407,0.861855617163205,0.3760723816660551,0.03583279392008516,0.9911817453228879,3.2816275233395507,33.1895965467656,2.0328303329628046,0.8659500642500657,168.919776168104,42.524440364166836,0.9841689881441544,0.07794762160723896,6.258313914804442,107.1462384042144,24.615303182780714,1631745.520192205,2600117.775558468
701,0.20294305460369252,4.746112771795387,0.20294305460369252,5.187602148062901,0.1457927851646779,4.264603817378452,0.1457927851646779,4.706093193645966,0.15825640436368849,6.375379666909497,0.14457290239253412,5.273253601316399,0.14233243826034295,4.4156693123339315,0.14233243826034295,4.857158688601445,0.17861525209889187,0.728375196229176,0.3730986964146895,0.8934840795619159,0.4553080955428289,0.03377214022396979,0.27810979175063216,3.198452303004207,26.92012555071873,3.0956395354251054,1.5963024593899071,143.44215129855235,74.25817251604076,0.9014437920594753,0.10343831003826627,10.159978973912192,42.80311142380092,3.0197748712098136,1243254.691193957,1748616.5278207546
702,0.21450569744992184,5.3574164407359435,0.21450569744992184,5.972998892639623,0.1573554280109072,4.559603210019178,0.1573554280109072,5.175185661922858,0.16780588820990763,7.2086746143253055,0.14925488341054347,6.208638371642891,0.15389508110657227,5.382451859628659,0.15389508110657227,5.998034311532338,0.39935099583068157,0.8468144142933427,0.2838691654057478,0.8058899833901839,0.5211496255855775,0.032496307827286124,0.5529037891681621,3.906667943367946,26.58783481205004,2.2136316890888867,0.6992354949421209,167.21337258354308,53.11105319867035,1.006405417928093,0.06563414339427455,13.181735578382288,97.53378593933327,3.015248195844981,1583072.709014181,2478546.167164819
703,0.2049175824185704,4.8400651015070615,0.2049175824185704,5.273425173804161,0.14776731297955575,4.412250681950693,0.14776731297955575,4.845610754247791,0.1650508403438561,6.950112605701901,0.14541954802566112,5.740797472100319,0.1443069660752208,4.951940674266585,0.1443069660752208,5.385300746563685,0.258691461391351,0.7517966497254075,0.3894721124619689,0.8818124799578358,0.42940521264683207,0.041242434744247755,0.5795994151126949,4.498818691700771,31.117227136196195,1.1534591568763117,1.0855231692659584,144.81857537924552,83.27577352604256,1.0330502398709616,0.10665157824095042,15.561929012563521,90.97281679850234,16.911104486173812,1428942.8441701885,1782760.8666761261
704,0.20674624516883833,5.712607973384111,0.20674624516883833,6.081989047091274,0.1495959757298237,4.765555417059301,0.1495959757298237,5.134936490766464,0.16249276042682936,7.937386915308949,0.14583235545711526,6.7403824820658915,0.14613562882548878,6.218997538700953,0.14613562882548878,6.588378612408115,0.253537760414002,0.8347276694022921,0.31128868617214894,0.9537814502094636,0.9988776965387196,0.037161946645851006,0.4687267827673693,3.7186433437071544,33.3314658800181,2.881914120118086,1.699323415461155,178.8579206071421,43.356043694235225,1.1211267837430012,0.08901628471054579,9.496165205223313,105.80910689831293,10.553815121993177,1786278.7611171904,1756033.934321444
705,0.20502632363703574,5.695341626829641,0.20502632363703574,6.040633807963176,0.1478760541980211,5.034677077407893,0.1478760541980211,5.379969258541428,0.1643362638815791,7.257524698071123,0.14450807126707665,6.048795121726,0.14441570729368616,5.354390701579654,0.14441570729368616,5.699682882713189,0.25345544135495296,0.7351531979564138,0.3087968028010644,0.9976874370898023,0.6726263447582405,0.027951806457423768,0.8226461516740002,4.5004295813372135,22.24100354742075,2.7456778909828774,1.3859477597709218,176.42874848979392,81.87070209239533,0.9173227286513048,0.06846560336101623,7.216772218695605,97.26209900633167,23.642314734062662,2482537.4560541958,2155872.90474354
706,0.21062889675759058,5.185309171384998,0.21062889675759058,5.69572585309819,0.15347862731857595,4.593490649869706,0.15347862731857595,5.1039073315828976,0.16932234966634233,7.846603538114652,0.14726169021897995,6.593686612002131,0.150018280414241,4.828184344535664,0.150018280414241,5.338601026248856,0.2766649681166755,0.8156293217100737,0.1357286244286734,0.8998611559165898,0.9599304296521805,0.03637235713479708,0.8796395635969305,4.754675273618616,22.53318615289257,3.999929378018619,1.5647071476908978,157.04093249378496,72.18493958152769,0.902709420010723,0.09164686310855896,10.760702319937932,73.68652171410062,17.233795388246545,2137450.734180213,2479285.3470202326
707,0.2092958968188247,5.53797613005017,0.2092958968188247,6.032011834555486,0.15214562737981008,4.6236508665290925,0.15214562737981008,5.117686571034411,0.16065647502887845,7.310801440289033,0.14653433518779488,6.34287130348647,0.14868528047547513,5.025964655919775,0.14868528047547513,5.520000360425091,0.3578308642036813,0.7181018228825037,0.24928919356145474,0.9068809990308438,0.5393881551888842,0.04218843234496642,0.5713026002340615,3.0799322064614314,26.434908969161974,1.5553492735652106,1.1895545225745137,173.71907978811214,42.98965986359052,0.8739056032203735,0.06795635534966292,13.692713199963606,61.448819566883245,13.884944707889666,1756283.3373562007,2194005.752474954
708,0.20432165204344216,5.371276599949376,0.20432165204344216,5.947963706989009,0.14717138260442753,4.847918187485621,0.14717138260442753,5.424605294525254,0.1616042656689102,6.904908951545866,0.14492510768870565,5.91166564367441,0.14371103570009258,5.327106919712037,0.14371103570009258,5.90379402675167,0.17358942229346025,0.7740622647632326,0.26025145521249504,0.9323899668327436,0.7273617640318949,0.030435038537329727,0.559000708986628,3.8325949876937617,26.86715112789503,2.394586190127564,0.8826087142902053,161.73712505318423,86.70272618686684,0.9883163604236556,0.07991302623360258,5.129980105920844,119.84290680197583,26.433789507783324,2401802.7888095155,2787302.6434029737
709,0.20756848966622635,5.426625586663376,0.20756848966622635,5.835493531180943,0.1504182202272117,4.6976887026550855,0.1504182202272117,5.106691793502133,0.1648044469458189,7.499376603285475,0.1463932891899723,6.334985949448417,0.14695787332287677,5.687191657275929,0.14695787332287677,6.096011292331065,0.29961982326492476,0.786274716213471,0.3509589484603475,0.8480824478035206,0.5826640289099994,0.03276968892080768,0.9437593417862888,4.1165811807404875,24.424822584460156,2.753357532168471,1.2848224629900233,174.44894434457123,70.14754482574877,1.0638899585721848,0.07376144064033498,15.1605896008175,90.92582937560718,9.625065200858838,1087850.7045754702,1593008.4845844328
710,0.2084523827436701,5.172583766407411,0.2084523827436701,5.787137185161914,0.15130211330465546,4.461883589116944,0.15130211330465546,5.076437007871448,0.16881773460075308,7.235273023031179,0.1461853448246642,6.124121470916071,0.1478417664003205,5.5521541783697215,0.1478417664003205,6.1667075971242244,0.3225832283551162,0.7627415588138808,0.29863367278679104,0.8820284305922186,0.4975381615755393,0.032228419883274045,0.33407896855562386,4.999254676709294,26.071900419539816,2.88269094117469,0.998474109917973,159.79032866145408,58.019058981522605,1.1016261507209963,0.08401912007470039,12.673579477712396,56.51570894618274,28.508498326717337,1538407.4601957272,2453519.9903601324
711,0.20706277053155286,5.764249546106148,0.20706277053155286,6.081794582402065,0.14991250109253826,5.043322457798665,0.14991250109253826,5.360867494094579,0.1677288289203567,8.27577669582277,0.1452496075927446,6.94701846555254,0.14645215418820332,6.052880347869115,0.14645215418820332,6.37042538416503,0.2527659614573696,0.7205933810142476,0.15177852434956515,0.9924121139717206,0.815619298922721,0.034732743583806396,0.23342805475933562,4.984540946057436,34.29442025729638,1.0486891022820186,1.5237894412476924,177.79598232945486,74.47431253166349,1.0694519346267684,0.10241230525762932,13.607140271357942,53.95605550718267,14.727304945544828,2193511.671018684,1800139.6354614454
712,0.20524400088541614,5.306785066542511,0.20524400088541614,5.631415162711928,0.1480937314464015,4.66072757872567,0.1480937314464015,4.985357674895088,0.16364336182898032,6.80010664901488,0.14526213645460698,5.529211831934804,0.14463338454206656,4.724239907480426,0.14463338454206656,5.048870003649846,0.21045160506992489,0.7133969735639722,0.2161609958915594,0.9329028768268784,0.9065289077493679,0.0284485592594571,0.28140254822297583,4.1808690408222,22.80436828946441,3.143212541027426,0.5802268290090605,160.50520023144153,68.05013743904233,0.844724082223177,0.06448418395119995,5.246452753554138,68.943039223891,4.5177395368524556,2363170.0864984053,2023817.4419299397
713,0.21013800430765878,5.196728139507312,0.21013800430765878,5.492753254839109,0.15298773486864414,4.519351833309333,0.15298773486864414,4.81537694864113,0.16777933676614945,6.874324485272944,0.14646745764954677,5.541382470734142,0.1495273879643092,4.540428202735561,0.1495273879643092,4.836453318067358,0.29189126625033013,0.8170271545962395,0.18086835910230728,0.9273927399093188,0.5058008992555582,0.042751320162180306,0.27012435087136977,4.599981147339344,32.66097639382501,1.5595016031929387,1.123045830115123,155.18470071379258,58.17835241269755,0.8190672956924109,0.08148162004220959,9.295988968151708,108.0552918423176,0.13114155826580154,2033685.525170841,1666825.2300775044
714,0.2168831268425717,4.804889712803022,0.2168831268425717,5.450960909650163,0.15973285740355705,4.285153819353014,0.15973285740355705,4.931321376257931,0.16826574127461993,6.4728851782896735,0.1479149152834378,5.430592691021835,0.1562725104992221,5.046843894185064,0.1562725104992221,5.692870232250674,0.41334318841008144,0.826005317547809,0.10931769703291598,0.9176390675198937,0.47775050603965996,0.03368280804783152,0.8184318462460944,4.1073800738387085,33.85144868346601,1.3567422627017964,1.3736905536069617,146.26037915021686,71.6661493517362,1.07076027717516,0.09794722058368295,4.3127656019590175,98.24331173696066,23.843898948505725,909955.990096841,2144847.72232219
715,0.20544284505037375,5.285104356566031,0.20544284505037375,5.550620338589473,0.1482925756113591,4.586202813404412,0.1482925756113591,4.851718795427854,0.15887287348921397,6.89060179038573,0.14543350886873088,5.721955569262317,0.14483222870702417,5.618424289229477,0.14483222870702417,5.88394027125292,0.19082871961724884,0.8207572180969139,0.30793104353365064,0.846044088729473,0.3973265071337951,0.03086844996139158,0.534525039047236,3.068189216584834,31.77393132998175,1.4616642037487506,1.5517390695978042,157.39392757414723,57.267985915567635,1.090601821204186,0.09146825428455924,12.053555378604548,47.51142761580557,22.67367858199432,2285927.5573487477,1712493.5862817403
716,0.21270891898933364,5.1134272701488594,0.21270891898933364,5.67334060241036,0.155558649550319,4.4114862133835056,0.155558649550319,4.971399545645005,0.16618194366391037,7.802837877452083,0.14866096431176162,6.69388879863518,0.15209830264598406,5.586766468904451,0.15209830264598406,6.14667980116595,0.3068335819034098,0.8425606463447066,0.1816228028664377,0.8228648028524332,0.8405997134551257,0.030910806567521647,0.9457376185506776,3.739796270371597,22.753438184465733,2.9054318947569975,1.1060529950448479,151.85976689040237,51.3090675306773,1.1333501035872167,0.0897283085078813,13.32005550372979,59.36427472369749,18.67752491234384,2416362.9725589706,2779246.9632844003
717,0.21319646505694445,5.499281775210292,0.21319646505694445,6.050119108690749,0.15604619561792984,4.563586156056335,0.15604619561792984,5.114423489536791,0.17087778300126086,7.421801068029177,0.1487339913300927,6.149957946102717,0.1525858487135949,6.0845793752504935,0.1525858487135949,6.63541670873095,0.31090135716388523,0.8376219667754438,0.15890934698012948,0.826535333385625,0.6702894589784696,0.0360930173250394,0.32669140459277674,4.70483698077442,25.84373697704935,2.767550619240747,0.6185414342795961,173.95118443208926,40.03829609868687,1.1439504305301986,0.09513544768308824,8.503924262567846,56.64760736827701,23.293000974476875,1522799.2538763457,2247719.4174086656
718,0.21224794449595752,5.578016252409592,0.21224794449595752,6.102228292466703,0.15509767505694289,4.956278024305175,0.15509767505694289,5.480519781329207,0.16691015090378739,6.942077556141959,0.1483690021695738,5.831626076576818,0.15163732815260794,5.864477868662379,0.15163732815260794,6.388636798171922,0.32009738901302104,0.7799755828769557,0.16695955714348587,0.8240804493748753,0.8132717009419522,0.028880649546365978,0.5287129664211101,3.9743544869592604,32.15247939513266,2.830499433417559,1.9401007532121621,176.92122421968824,87.77127094716961,1.069257943310855,0.09793160837626935,2.1358820707512804,73.95846271446598,27.18254663724256,1312651.451384732,1995149.1397770585
719,0.20990654327469066,5.745044899948047,0.20990654327469066,6.284569759594713,0.15275627383567603,4.891056812612111,0.15275627383567603,5.430581672258778,0.17019976986015264,7.8554889209303385,0.14770397895958648,6.883259382305535,0.14929592693134108,5.609064633447986,0.14929592693134108,6.1485894930946525,0.2641836381311685,0.7704917276404191,0.15915365549504984,0.8247236023850089,0.8805257250917569,0.030913131376057223,0.8609614696748478,4.931362324225198,28.724149401221005,1.2676952587924721,1.9603661824620033,179.29528142495306,57.13938717288708,0.9675532918278011,0.07415796674493122,9.384541757241216,115.92037398326383,22.592754545243285,2109471.214593718,2500617.132242878
720,0.20874241715427588,5.3820218460189375,0.20874241715427588,6.2235469301079895,0.15159214771526125,4.7715012718678524,0.15159214771526125,5.613139547673196,0.166725066505543,6.811273113316851,0.14589785210688144,6.066465918319153,0.1481318008109263,4.8095076613161405,0.1481318008109263,5.651138890662062,0.23006502709893273,0.836235183621402,0.16072964831062872,0.8882066615369207,0.37465902080660096,0.027241935662712366,0.5769445491310761,4.582848751381375,35.578195919247015,3.8166151835948017,1.9976949156453114,171.12182384196117,83.73184919882195,0.8568919910704829,0.06826102017230157,9.929224353393453,43.27886650503121,1.534122068154502,813173.7785388004,2689837.636994575
721,0.20695654946214986,5.3820267624288665,0.20695654946214986,6.195017312363593,0.14980628002313526,4.840306441515143,0.14980628002313526,5.65329699144987,0.16182435847160892,6.885566377266912,0.14611445556297678,6.119670832881723,0.14634593311880031,5.525980155448733,0.14634593311880031,6.338970705383461,0.24297783015533414,0.7092888577847923,0.19292879564359655,0.8783631063572179,0.5833812263974792,0.038235057651130853,0.9089027287272315,3.522714711040271,34.41470275679134,3.2169203441660166,0.926278615375641,166.88975813580174,89.3106315704189,1.0369025039583117,0.06514940170094047,7.210508302397418,47.53737808084328,17.147932600300532,1443285.224408904,2945516.947847441
722,0.20566759477227894,5.372249892475754,0.20566759477227894,5.885909403111372,0.1485173253332643,4.711137079425074,0.1485173253332643,5.2247965900606905,0.16345558112846734,7.418629423385667,0.14579400016893249,6.388615757996133,0.14505697842892937,5.364232566849227,0.14505697842892937,5.877892077484845,0.18770787705858835,0.8269796087243274,0.2590478898480254,0.8903881493596572,0.6039240447711847,0.04197235156440218,0.549787562156365,4.011527343191602,35.496892590740764,1.556810485073947,1.0778923794530861,165.79583011954745,71.09586843224184,0.9979311951083483,0.08406351043321501,13.693417784388735,88.50644818705261,10.111999624131089,1490363.9930685367,2027967.2092242232
723,0.20488864106215626,5.189160552255874,0.20488864106215626,5.544789785678451,0.14773837162314163,4.520355804913113,0.14773837162314163,4.87598503833569,0.16462614740424975,6.671596290649656,0.1451999369826364,5.4095163063092695,0.1442780247188067,5.241725293142816,0.1442780247188067,5.597354526565393,0.213752512510483,0.7998491179629617,0.32858688053821383,0.9519533549995679,0.9950267031677118,0.029069260756743775,0.9270477893455864,4.430731333331917,27.33840708768395,2.6617962859301283,0.7694020264925348,159.44699872335838,63.70447529541814,1.0141039835905814,0.07319035779458591,4.191730388116603,105.09140957659295,3.166059439937936,1629325.5135292634,1687681.6454644704
724,0.20774670520131897,5.623911546752041,0.20774670520131897,6.131987387775485,0.15059643576230436,5.041055476526662,0.15059643576230436,5.549131317550106,0.16282278876776227,7.877076855418339,0.14598724825690057,6.645493543412985,0.14713608885796942,5.947665189647919,0.14713608885796942,6.4557410306713665,0.34440597688497226,0.734373122547244,0.3181749635634087,0.9125244514916002,0.6034313604501643,0.03684248959885276,0.9656220508113769,3.731807682442345,30.220521408084565,3.9565527959643525,1.0964081168285138,173.43857078602224,89.81012346203974,1.0798606044052703,0.1017602962531785,15.099869034656962,51.81083904131648,7.782140696700899,2139008.292335689,2400524.5955388104
725,0.20500068116094206,5.517993605875532,0.20500068116094206,6.385341063463515,0.14785041172192742,4.701918764688184,0.14785041172192742,5.5694175241582125,0.1606938203949582,6.364747190846955,0.1450985322504909,5.7893237491958836,0.14439006481759248,5.848710178109036,0.14439006481759248,6.715996320193492,0.23207461430252263,0.810511283110261,0.3759439703348254,0.9354279250679358,0.44628853820641773,0.04094048686291134,0.7276948453722214,3.554776694341393,32.90435334836259,1.370033443666863,1.1307952975276367,176.31779349074446,59.615670372126985,1.0802311291124465,0.06906173114242498,2.1941194734947445,85.40671575016086,11.214096628887306,1011027.9546392463,2899073.475429611
726,0.20512176807419694,4.911043936246862,0.20512176807419694,5.331485291273493,0.1479714986351823,4.405807881875978,0.1479714986351823,4.826249236902607,0.1635988361016959,6.731004488445699,0.14464292221512948,5.5584518310814355,0.14451115173084736,5.372634684221064,0.14451115173084736,5.793076039247695,0.3505042285752216,0.705367191870707,0.39316034163979974,0.9946219102217653,0.39856259512115316,0.04000790683638643,0.970246137286944,4.298090319333739,28.36062088847617,2.5593199599002716,1.7529743638030368,147.164470521544,74.65073275794018,1.1341892538623337,0.09265763462461563,12.663996947382984,81.3353974754651,11.451679920347631,1639022.6364705202,1881650.5338664493
727,0.20759312391796647,5.518917487729474,0.20759312391796647,5.861271680876346,0.15044285447895184,4.868472562698714,0.15044285447895184,5.210826755845586,0.16839707492566566,7.136505648355134,0.1461273895396878,5.725699836446024,0.1469825075746169,5.584701706579714,0.1469825075746169,5.927055899726584,0.32743628682343756,0.7154258826643295,0.3058920558669483,0.8692693045860922,0.5780079280451489,0.031391055789265605,0.3327092333641387,4.969324962024509,34.29597985625441,1.192934412694135,0.6949904752134952,171.1465164413595,77.86403238684676,1.0164443712619242,0.1048321476715852,7.5209744510045455,40.210431682199754,13.940785313539934,1667151.3998081223,1597545.3804322109
728,0.20655764251556472,5.1721710941337475,0.20655764251556472,5.380803460378236,0.14940737307655008,4.640876261006845,0.14940737307655008,4.849508627251333,0.16499876967065424,7.036238805001734,0.14673359733269847,5.578209795565224,0.14594702617221514,5.360545588502609,0.14594702617221514,5.569177954747098,0.2123619163422976,0.799528534930387,0.282573995129464,0.809543181231943,0.7517462671353676,0.037360740365186045,0.6235878131629273,4.140146132606836,22.125706547184972,1.232134712995781,0.6836630801126673,155.8017091931078,79.50320760359756,1.0517265480454703,0.10637495217421238,7.654687417163432,69.85874691702139,17.936997680217985,2247186.58728036,1601720.6846796023
729,0.2045046273983315,5.6665946771132045,0.2045046273983315,6.420664925705828,0.1473543579593169,4.806061551015596,0.1473543579593169,5.560131799608219,0.16370459243350177,7.152475058718738,0.14520767740742635,6.30164804758748,0.14389401105498195,5.089024767272641,0.14389401105498195,5.8430950158652655,0.25401282046012175,0.7385360343841324,0.3934215061027513,0.8863116368028102,0.3620671460821153,0.04184318384358321,0.2714115440009307,4.255770152408861,29.959471478671638,1.4358911128482308,0.9460199471990165,179.37116197615788,56.17406107445368,0.8622424048063024,0.09572497630849705,13.347682897440842,118.36357599780503,6.466633784700439,1588065.9095800966,2875544.7595233135
730,0.20607535011843336,5.421382056519295,0.20607535011843336,6.077688626106895,0.14892508067941873,4.648056589398259,0.14892508067941873,5.304363158985859,0.16789897103704093,7.90335293956365,0.1460036942174664,6.894691473457583,0.1454647337750838,5.339702048537967,0.1454647337750838,5.996008618125568,0.3074281173262495,0.7309260123307306,0.3600995006639417,0.8973441494229792,0.885113113376343,0.0365934169834545,0.9156995860653319,4.950932883514731,32.809918784641624,2.47773311245419,0.8304148307913712,167.23806970797455,56.57908328421209,0.9791049102788021,0.07539529055221439,11.875512154980573,78.54794702147395,18.542387989362176,1693283.6584645095,2604708.9516060725
731,0.21244417987833883,5.244821307109012,0.21244417987833883,5.4121574477979735,0.15529391043932422,4.468891086604184,0.15529391043932422,4.636227227293147,0.1692732382538217,7.27088506603036,0.1465073029343147,5.722085664109149,0.15183356353498928,4.71100271716995,0.15183356353498928,4.878338857858912,0.41027449419080575,0.8379434219997872,0.2762470534454687,0.9519849492318067,0.41226710212952644,0.041471050484094614,0.8612632133940548,4.7798010196779686,27.08173717438821,3.8230512458337835,1.2813931876911067,156.0089276107979,45.010350117048795,0.8536111978226323,0.06902203197910659,15.626259017411106,72.77687137082728,9.737550632806224,2436339.202608238,1534074.546887448
732,0.21071975548349237,4.946478533165971,0.21071975548349237,5.564066437510727,0.15356948604447773,4.458207988742417,0.15356948604447773,5.075795893087172,0.1699084358275209,6.573161911197261,0.14780032502195406,5.501265969606359,0.1501091391401428,4.321321647667686,0.1501091391401428,4.938909552012442,0.2548087848405129,0.8493568103076192,0.18531974385351999,0.8040091806879276,0.3962647356014891,0.03402826631099411,0.7270145072017702,4.822385272930836,25.522130521948693,2.4199870808289026,1.7697387000538192,151.49536454718276,81.38602699509856,0.8234558670424359,0.09565937734451199,7.169517197453677,92.10911875562087,14.432893436231737,1372861.9196531705,2378351.7232355024
733,0.20949631047430237,5.497920575291554,0.20949631047430237,5.951091621290863,0.15234604103528773,4.7790174219833075,0.15234604103528773,5.232188467982617,0.16450332371394594,7.665066585684263,0.14569609641548067,6.65539337502608,0.1488856941309528,6.068679049633697,0.1488856941309528,6.521850095633007,0.3029421392801282,0.8148913472260784,0.19555324469558794,0.9939501593077084,0.7531067272798324,0.038859471327754365,0.33397562638743694,4.053353860378513,32.018623987195845,1.6944892295855918,1.900592793846736,166.5254301176532,63.66161076089463,1.146634249024364,0.06856787830403782,11.374319170950344,73.89133616641774,24.294496910589295,2272009.5226195366,2289230.256515678
734,0.20780464916262442,5.057369007370168,0.20780464916262442,5.264812354865936,0.1506543797236098,4.659670531352532,0.1506543797236098,4.867113878848299,0.1604423365000869,6.700536644354928,0.14519049987509625,5.383355710336372,0.14719403281927484,4.838456139374795,0.14719403281927484,5.045899486870563,0.3170632347381185,0.8236996412102151,0.3349448465653411,0.9794609925152462,0.6718475636262196,0.030092562889019847,0.7806507596821413,3.3544972180776575,30.004385892230545,1.9945389878632676,1.4582048256065758,146.80347120438464,89.65151985863108,0.9362032461790226,0.08743334807352278,5.96625616489279,119.32563647226202,13.856224036516654,2476065.261669021,1649930.165962412
735,0.21007881369841827,5.242011135284102,0.21007881369841827,5.626573579093315,0.15292854425940366,4.53935978983477,0.15292854425940366,4.923922233643984,0.16427394404243256,6.910078796921988,0.14673229990045067,5.551651725892783,0.14946819735506872,5.681904905705608,0.14946819735506872,6.066467349514821,0.321496428045565,0.846666338189601,0.29925723394808534,0.884088636936779,0.729687529610842,0.02746878593465399,0.5021553051252461,3.8079037506310143,34.43667662180323,2.7249054754237942,0.6409082052734538,160.95254939798957,60.26473410994404,1.1169266660275328,0.09689299576243432,5.47778386798537,94.13412633240696,12.038358344843658,1435115.5587625375,1605476.1567815195
736,0.2091031828074659,5.1706107030177275,0.2091031828074659,5.69324212029785,0.15195291336845126,4.5262351482728125,0.15195291336845126,5.048866565552934,0.16577341176148366,7.086614428006056,0.146700346477983,5.830865428087193,0.14849256646411632,5.2867458028111995,0.14849256646411632,5.8093772200913225,0.28873785780996436,0.7765784849150775,0.21659367952751662,0.8909621137848128,0.5704900391338006,0.04247948299881993,0.28968816820358456,4.179151224669444,23.649772439909583,2.7911107482980344,0.7905301778160967,158.78639554187177,66.34512316043799,1.0312905950471036,0.10969735518116475,9.795458713257178,77.13479667014494,11.556220575756607,1765768.5068464538,2306929.2705390817
737,0.2090848083101859,5.577973543875724,0.2090848083101859,6.209063711978543,0.15193453887117125,4.702636652170063,0.15193453887117125,5.33372682027288,0.16667702335866824,7.560851980142417,0.14599301289495775,6.536222808961052,0.1484741919668363,5.171391596488392,0.1484741919668363,5.80248176459121,0.28204397311741436,0.7555783530493343,0.1642342453865896,0.9204563774671845,0.685700041111297,0.027196166445644654,0.7409023444243017,4.5181307829684005,24.269127618641395,1.7972005601571803,1.7466085216362464,171.90929688500808,46.57986262267728,0.8988158838157123,0.09996605369845116,9.922886388746004,97.75717201549517,15.542998630892983,2328847.9461425357,2938314.5299358424
738,0.2072084310054835,5.209298459190736,0.2072084310054835,5.911294338478323,0.15005816156646887,4.508450097522399,0.15005816156646887,5.210575915475894,0.16355562685700825,7.29442879088143,0.14578564465374158,6.322588859257507,0.14659781466213392,5.457052604055054,0.14659781466213392,6.159002549236466,0.3104362619057736,0.7848820847820462,0.3289831859981752,0.9597777746554293,0.9885967713546358,0.03468090722306774,0.782932123403836,3.9441193009254407,31.955244213663832,2.9747277938270393,1.1836582411195353,162.84895426249435,62.44641535970689,1.0650757291978397,0.09496756548951782,6.620438419735059,82.74216260697538,28.67592568066529,1087374.1459357976,2430369.8432894787
739,0.2051877421702512,5.00312193546892,0.2051877421702512,5.277680811446355,0.14803747273123657,4.582544047029131,0.14803747273123657,4.8571029230065665,0.15970302680524617,7.391882680110921,0.14599674342665067,6.3086694021574505,0.14457712582690166,4.907295098510709,0.14457712582690166,5.181853974488145,0.23073606891715284,0.7598856744348887,0.34737271812770876,0.856633773375226,0.8067719484104563,0.037818266717632935,0.8368977487315807,3.1349872973549844,34.53340793302327,1.2434029951821421,1.318771542924901,145.14961661995966,84.86942322355821,0.9717554359967806,0.06052660616243387,12.709394368128034,115.552468272679,20.686848086556413,2194933.235098906,1671761.5154545577
740,0.21238131203210373,5.33621100750446,0.21238131203210373,5.842568231789875,0.1552310425930891,4.760100687646047,0.1552310425930891,5.266457911931464,0.16037503991407678,6.480613204350194,0.1457541977461593,5.389191456834963,0.15177069568875415,5.7978133657488184,0.15177069568875415,6.304170590034233,0.39120611897614216,0.7908788460773996,0.1804960029534301,0.9905916248067641,0.3857739851457031,0.037839826779223436,0.40880447257669283,3.0510105589342764,26.515270337521013,1.6672522279512658,0.5994114361750458,161.88625281384347,79.32356581625612,1.121989278672808,0.08100714730653416,5.417781966214337,76.51984083199677,1.4428701557919787,2190882.424710687,2460053.048640713
741,0.2086949960516659,4.863391287481277,0.2086949960516659,5.3388219568165844,0.15154472661265125,4.123260565463419,0.15154472661265125,4.598828456491579,0.15891181162265908,6.602383525344928,0.14488370205000278,5.62286868904441,0.1480843797083163,4.673422465875002,0.1480843797083163,5.1488883558038,0.3418330982860934,0.7893164891169159,0.2839123573125589,0.9912604486152712,0.39154338249075166,0.030089240349986477,0.32346459097634517,3.049602060966724,22.71185386670877,1.297053964710972,1.3747242679575595,151.9980203260112,46.10824749155749,0.9465401807998838,0.07223025003057673,15.663983172385725,114.68689703010368,7.069618916628738,934431.8662327436,1734377.672240009
742,0.20408260895369754,5.19884602744878,0.20408260895369754,5.690481181189071,0.1469323395146829,4.67664490402535,0.1469323395146829,5.168280057765642,0.16149417920233955,6.8139903577220124,0.145090347809383,5.799972238803344,0.14347199261034796,4.625734481791462,0.14347199261034796,5.117369635531754,0.19110994664215486,0.8149090930066658,0.3866076382417126,0.8958514248822466,0.7423786959866661,0.030585298805926486,0.24445813402573766,3.788054195238211,29.50117616774308,1.543024710048344,1.7359413003140867,155.56835380034528,80.59429157597707,0.842390817453409,0.10085331673409176,6.812441298502909,66.75947216758063,4.629020064066155,2126059.2778352415,2349357.4396539284
743,0.2102856578542761,4.945564080644476,0.2102856578542761,5.280958824064713,0.15313538841526148,4.421203691509452,0.15313538841526148,4.756598434929689,0.16850977113683951,6.391578439364137,0.14739578521692753,5.098781060121197,0.14967504151092653,5.2483813547729685,0.14967504151092653,5.583776098193207,0.30290182810539557,0.8190819158014822,0.24061944774675734,0.8641855437582753,0.6591030707045087,0.04056981613385816,0.27171285866424966,4.58750697049048,27.511520523193663,1.2432884310663102,1.5496936548736349,147.83493583353774,72.58333685075252,1.08763289994519,0.09477517230738822,3.5352480227910887,77.44587544419075,7.706634280714312,1784956.186971271,1702431.648855872
744,0.20846414517922357,5.441609207880307,0.20846414517922357,6.117974652879374,0.15131387574020894,4.646408677115574,0.15131387574020894,5.322774122114642,0.1661359668563927,7.2031948500017515,0.14657399691046666,6.316496396149131,0.147853528835874,5.699890415688139,0.147853528835874,6.376255860687205,0.2470721141859505,0.7879271447770346,0.15742156957213935,0.9163364286340718,0.8375862005380521,0.04234467227644207,0.6915702143592064,4.302847835839009,28.659725956039345,2.3801666043182497,1.1699344680688375,169.6358813783383,55.90788005478656,1.065138642570763,0.06528865174335573,7.572070290854868,52.030551182029654,15.013117320664389,1657592.9742548384,2687839.604340544
745,0.20987313820411654,5.255726621607475,0.20987313820411654,6.028936523135446,0.15272286876510194,4.405318398872958,0.15272286876510194,5.178543667741096,0.16536401416219718,8.218929720299402,0.14822068401322055,7.291151769742904,0.149262521860767,5.825445344796605,0.149262521860767,6.5985496193517745,0.32321409001840196,0.7637688716122126,0.2756374697141678,0.808279470672666,0.8797486846751796,0.04079144427488142,0.7125916579047151,3.7648563803062167,34.24778241901343,2.7170835167092466,1.0324330807879059,162.9105986165663,41.124469337658596,1.1495871339439225,0.10274637846469722,14.972111399097374,117.60066573925225,10.835198309946067,1255316.3362987381,2717942.392761598
746,0.20873327014641602,4.845601421611937,0.20873327014641602,5.301252090242227,0.15158300070740138,4.207255413424869,0.15158300070740138,4.662906082055159,0.1626692136621103,7.721873274514576,0.14704774282111138,6.719522255757758,0.14812265380306644,4.9016023814191945,0.14812265380306644,5.3572530500494855,0.2876291887226431,0.7506025432550665,0.2402623529644696,0.8401086412828898,0.8466618331885376,0.030066919240978825,0.37646016387696124,3.4542617681289784,30.704732749259,1.6806794904307591,1.3843569821633144,141.39295217267872,50.01504653218018,1.0169446000775997,0.0689957166776444,15.605269853435807,60.456565663375876,18.730420200959948,1947366.6825561645,2136721.5714476365
747,0.20667469957622145,5.528910181211217,0.20667469957622145,5.9398921339329265,0.14952443013720682,4.818059519703513,0.14952443013720682,5.229041472425225,0.16055254467566102,6.703595917647551,0.1445626026966823,5.512892777966229,0.14606408323287187,5.1670012374100835,0.14606408323287187,5.577983190131795,0.253411826187398,0.7782703031842646,0.23457826069729512,0.9990871231239276,0.39959847743335963,0.03142916676446836,0.9913999975261911,3.5567860311762836,26.613356435033616,3.2923809475781782,1.575523633242867,173.8211297494339,71.98715631490708,0.9109240705590701,0.09226783545337308,4.234432097257631,84.37993098684639,15.186406583509747,1681768.417356566,1891089.0463631444
748,0.21255043735773413,5.476646182056723,0.21255043735773413,5.8940351622545055,0.1554001679187195,4.600440474516956,0.1554001679187195,5.01799190497778,0.16269123320112408,8.172929352263807,0.1479070373415045,7.031147276619948,0.15193982101438455,5.444083349648138,0.15193982101438455,5.861478367059153,0.3926106161918327,0.7531052860362131,0.20207521123307165,0.8873923589851299,0.949150157920555,0.035779343144829036,0.36615954009419244,3.127859708401979,24.030720663966033,1.238542440496842,1.7196439493497286,177.3330998880535,51.86413577857827,0.9921455558372806,0.10772541778113852,12.721955653354172,112.90136624898636,26.11822608332887,1002107.8368787799,1572520.4738285716
749,0.20823143913758324,5.0683594546746304,0.20823143913758324,5.53257232110497,0.1510811696985686,4.543434022002674,0.1510811696985686,5.0076468884330145,0.16390860911855762,6.664662791134466,0.1459069798191562,5.492658896109976,0.14762082279423366,4.686874205143011,0.14762082279423366,5.15108707157335,0.3050559266292594,0.7328300139108701,0.2214859674679981,0.9405487179628802,0.9035508300567983,0.029197038373064692,0.9780191439160768,3.958359566003966,22.22274506035928,3.4120706400022955,1.0468329141630202,153.72499914734806,78.47823563002201,0.8938312104520654,0.07769219020804069,3.432401708490979,100.20131343561962,28.35135710462503,1919576.3622181297,2225249.8558000317
750,0.207231149362721,4.876287930923103,0.207231149362721,5.570884163367991,0.15008087992370636,4.418966907708373,0.15008087992370636,5.113563140153261,0.1639607867162759,6.729950400870331,0.14630434057496933,5.975789994052724,0.14662053301937142,5.243865318975327,0.14662053301937142,5.938461551420214,0.30180326036092825,0.7582747715342689,0.3200758446254875,0.8948501650350912,0.8962119454814694,0.03535946582647451,0.885545453767759,3.9427242922258534,28.57245928061168,1.4520500116536426,1.9421524138826884,148.14417954682688,82.53947915310184,1.1061519091238825,0.07745870217169734,6.833348004518141,40.23039981078166,17.70431553406941,1292634.3774599675,2549732.5505327126
751,0.2045903254781767,4.848457226690501,0.2045903254781767,5.292597700612792,0.14744005603916208,4.234599196123087,0.14744005603916208,4.67885348053266,0.16116542477558024,6.615621136189204,0.14474868642410155,5.573247764298837,0.14397970913482713,4.626481919034953,0.14397970913482713,5.070663547616255,0.23937690224697472,0.7364106759900898,0.3329082850881129,0.9612575379713935,0.5996294411412644,0.03309266551688458,0.529922668626152,3.753296607698948,30.620880681448124,2.7948171362649,1.6910222447358618,149.25237061282598,61.366555374048104,0.9363839767375688,0.07225752576325616,10.307013519809162,66.37355457967114,0.6994324930134421,890915.4029084345,1541446.6380513487
752,0.20849667996826726,5.1027983261292205,0.20849667996826726,5.644943218625174,0.15134641052925266,4.604930309573975,0.15134641052925266,5.147104008031891,0.16337582744563423,7.69043280745062,0.1459533554388845,6.557064127323491,0.1478860636249177,5.316902542265096,0.1478860636249177,5.8590077394179,0.3691781000539239,0.7897460445803292,0.3564904410031843,0.9374376800063365,0.7341392619995599,0.03368636573784763,0.9113470247828088,3.8209519910930605,30.971494417821603,1.3782280798976743,0.6585128117500978,157.77838074065193,86.25890543140493,1.058044465093154,0.10477422053080297,15.324949049706019,119.43472766187101,3.6543242437343757,1199609.5303393884,2000660.9149853503
753,0.21020429552729478,5.351729672970324,0.21020429552729478,5.908703227670304,0.15305402608828014,4.7882086347378685,0.15305402608828014,5.345182189437846,0.16373340166641293,7.64304507052825,0.1453214030532678,6.582480766917978,0.1495936791839452,5.7348647870090055,0.1495936791839452,6.291838341708984,0.2899280589219596,0.8208136302641595,0.12563156472312773,0.999836807407616,0.6163869375103757,0.031131773254635724,0.4612414023339009,3.933492305203867,33.585316303423056,3.579737778496529,1.2584588367571004,160.5823413741405,79.91288035142948,1.102074623257211,0.06142714307693834,13.301964530866691,113.53999131659668,24.330806247813467,2163735.116547468,2540861.381893589
754,0.20456291205095034,5.004304201618003,0.20456291205095034,5.672744430798959,0.1474126426119357,4.514211905150042,0.1474126426119357,5.182742998407538,0.15761168205376844,6.378805870564397,0.1444313102301049,5.560700669801093,0.14395229570760076,5.232294231505156,0.14395229570760076,5.900692190885761,0.19947300210078978,0.7300754987085972,0.2591051857392228,0.9396501615349899,0.3550457044422674,0.02837268716870959,0.43653869768492637,3.0168432228592246,24.973245321991044,3.627924232666925,1.5361920388447146,157.55359749575123,87.32389378596386,1.0618971453151973,0.07036508841754961,10.440207121971362,85.58587882374856,7.705804817526131,904048.1536500568,2297312.4494028594
755,0.2099881733040656,5.574752880867528,0.2099881733040656,5.864555255378125,0.15283790386505097,4.93783339286272,0.15283790386505097,5.2276357673733145,0.16629652716690813,7.202163217917841,0.14625959677582287,5.846072918059344,0.14937755696071603,5.338721758184536,0.14937755696071603,5.628524132695132,0.3384008360226214,0.8279321450534045,0.27841270980778354,0.9413240873258223,0.8958490990650323,0.02921882480955356,0.5209988464100137,4.3235151301596115,32.20387767213078,3.0807138171036437,1.5114611968415166,168.93132991583573,77.70406205938517,0.9402245731527168,0.07955465466286735,4.0385670834750025,64.49758645238788,28.554556867512616,2384810.423321436,1838288.78755857
756,0.20914327006328529,5.219930622065286,0.20914327006328529,5.978263711627461,0.15199300062427065,4.611603147579791,0.15199300062427065,5.369936237141966,0.16101176596253391,7.092804139029053,0.14622327076995376,6.31776929090338,0.1485326537199357,4.921419336600471,0.1485326537199357,5.679752426162646,0.33938032551439473,0.8319175557558698,0.3319810745171947,0.9308563147205907,0.5529012717353108,0.041952922690788416,0.2703273155164153,3.2217563213460214,29.628058461801068,1.0687374026282963,1.4073454199347466,160.5521535164188,73.2736394852063,0.9204558520099011,0.10529099151216532,12.758104252873826,57.29228938243879,5.296949759981557,1562240.8610396283,2876632.683096635
757,0.2044703149341484,5.546552456060345,0.2044703149341484,5.790432566612865,0.14732004549513378,4.887764143629682,0.14732004549513378,5.131644254182202,0.16371622381506984,6.900201502314252,0.14501453651937868,5.473237296057116,0.14385969859079883,4.861799672539686,0.14385969859079883,5.1056797830922065,0.23131033405984486,0.7349013421612594,0.3672283275006938,0.865318013159231,0.45816030240921884,0.02925746297682578,0.474176877920695,4.310663220854338,23.92032056263556,3.7786379508789274,1.1076242833907857,169.86539820568325,75.47509682060897,0.8275383647162478,0.0884296934700325,4.907761961496728,90.06216881217904,24.49112212562928,2439200.8920657495,1799355.0832998937
758,0.2069483375549106,5.504218594460763,0.2069483375549106,6.010085204594307,0.14979806811589597,4.648901834539554,0.14979806811589597,5.154768444673097,0.15892470268229406,7.0618414847830575,0.1453871867413878,6.126757722088621,0.14633772121156102,4.810508923050176,0.14633772121156102,5.316375533183719,0.35764396371437107,0.7445182717649622,0.3751274463398563,0.9255098072430152,0.378631922095535,0.03673399656412381,0.230905308150419,3.021021067679065,30.24814018189895,2.8360828880129225,1.9970303844899828,168.486774627554,46.134242375046924,0.8238528796713157,0.07558983223568733,15.300015270215926,47.691427555793425,1.0560525926157227,2114734.982837649,2384633.5440181335
759,0.20929808371960457,5.027944141584101,0.20929808371960457,5.329639836555456,0.15214781428058993,4.559624493711943,0.15214781428058993,4.8613201886832975,0.16706006335478182,7.540035840853244,0.14593298471844754,6.218900601547308,0.148687467376255,5.292327167521581,0.148687467376255,5.594022862492935,0.2608362538404082,0.8136699295788558,0.14188488445525665,0.9466827834084273,0.8451514329927303,0.027708994116095908,0.34969686556600055,4.59033240935114,27.203682102024406,1.7222457645864728,0.9508362145593366,150.81529407971803,83.65387905348143,1.0749983655055224,0.0751043600056376,12.639570055016732,62.516532813928045,11.302420195008573,1872302.7737715887,1650030.8287547636
760,0.21025968227125458,5.147217021935858,0.21025968227125458,5.676588903139467,0.15310941283223997,4.431027617113136,0.15310941283223997,4.960399498316746,0.16856966931571388,7.2835237394430905,0.1460836424267776,6.087571644251108,0.14964906592790503,4.838547820534144,0.14964906592790503,5.367919701737753,0.29373763198510794,0.8429958962152666,0.19017827273637572,0.9470866179335001,0.4515437886225062,0.039388632203336285,0.5918843779935546,4.835409715755371,26.250612497355945,3.882759121269081,0.9582430112988787,156.15399193023157,53.67371023262001,0.915432435706167,0.0692605227946181,14.586431912376142,115.15482810845202,20.79184929144863,1879976.3327566262,2370859.778458655
761,0.21336804818350327,4.884741204635988,0.21336804818350327,5.5016850309641745,0.15621777874448867,4.254310163455167,0.15621777874448867,4.8712539897833524,0.16593256470346193,7.612754901514306,0.1470476409166256,6.5338907914588695,0.15275743184015372,5.3186563953051404,0.15275743184015372,5.935600221633327,0.40815990098708416,0.8053118237390304,0.21503929934112886,0.930974512721536,0.7534653360191462,0.030855932370877637,0.3237224014723962,3.93827689163526,30.432481034389696,2.8190856373330453,1.1724818276694107,146.88969810651426,56.55631258884048,1.1263796449927703,0.08583842034408967,14.633315319570293,113.9473531527889,3.8250979125516915,1435787.736603267,2366093.7018092773
762,0.2086517957908087,4.777942739423814,0.2086517957908087,5.54468241612612,0.15150152635179406,4.376736398814604,0.15150152635179406,5.143476075516911,0.16647135975178087,6.7982214638543965,0.1462594074393123,5.883512744737349,0.14804117944745912,4.501901663468154,0.14804117944745912,5.26864134017046,0.33319822854363423,0.7100132349224262,0.21798260294434466,0.9452912262346479,0.9829943865035906,0.036081588991022054,0.5416871573023954,4.422846353540759,26.893074650157235,1.418555485782186,1.500766987946898,143.6862109461083,85.92341668919035,0.9178093842499543,0.10955237179258395,6.409059688379703,43.520497007647094,5.948717000475013,1397321.3876477072,2839743.1546655977
763,0.20590462856495217,5.338643302933943,0.20590462856495217,5.947842094691745,0.14875435912593754,4.679210867722592,0.14875435912593754,5.288409659480394,0.16763190381765647,7.290141030711586,0.14602499993907408,6.354763392734103,0.1452940122216026,4.739100043683129,0.1452940122216026,5.34829883544093,0.23055839169040526,0.8064385431771135,0.32218781229061116,0.9004909414518804,0.8713784636267528,0.03972181828555969,0.9263638233969604,4.893274027204561,31.95217029497374,1.2846289660354309,1.6236369298700664,164.16598238564174,69.70332721671508,0.843756855942257,0.08452910261457423,7.7699998486607385,114.79370115984254,15.37672127278659,1665254.2184334095,2450001.0765498253
764,0.21519377637701712,5.258923184450225,0.21519377637701712,6.017266787486561,0.15804350693800248,4.594569978923286,0.15804350693800248,5.352913581959622,0.17097046473118474,6.456892672263209,0.1483327805983091,5.6399625953156205,0.15458316003366754,4.849066898804525,0.15458316003366754,5.607410501840861,0.3922787176054228,0.828238189950572,0.180043318053699,0.8715100819333542,0.3963895815405112,0.03653082456599686,0.8250206372909583,4.684760477637953,31.069413078775668,2.1671975695640375,1.7459435678007549,163.67269130953784,68.60632041025158,0.8928680546227732,0.06492450014303595,2.251785215160777,73.29751072342526,18.08606439020694,1303091.6832576732,2732244.3557180483
765,0.2093978767581499,5.293212684045139,0.2093978767581499,5.602700871943888,0.15224760731913528,4.803109682621512,0.15224760731913528,5.11259787052026,0.16693311187249207,7.392424938495267,0.1459335958939975,5.946800844948746,0.14878726041480034,4.764226926179636,0.14878726041480034,5.073715114078385,0.4328901528659769,0.727158087967668,0.29826302154307643,0.9929404803766497,0.9345841082823578,0.03983909116455043,0.33303078728866264,4.532497097127223,35.517640692120985,2.3014249445911137,0.8561350212853445,159.30885488302846,88.94503792112295,0.8579413515242252,0.09429083773066421,7.589871588639751,62.39866773668616,9.674858230786342,1914425.9122342311,1617073.6717264205
766,0.21022122106682564,5.352662281143288,0.21022122106682564,5.881237394045013,0.153070951627811,4.738077262544273,0.153070951627811,5.266652375445998,0.16344296197956534,6.631611147253384,0.1458358939438894,5.436526055722602,0.14961060472347606,4.998709663189009,0.14961060472347606,5.527284776090735,0.34825768853532885,0.7146801466422955,0.14309482979303403,0.9861160145780039,0.556835364876604,0.04274222788019019,0.9725191797045787,3.7669920428496413,32.70562947235051,1.602306942534745,0.6467753323314069,163.1212292321955,74.93677419609958,0.9071678821720516,0.10800465061443909,2.1763763395394715,88.07179261533216,16.378558589673204,1858682.6789138217,2291622.563515653
767,0.20715773927386877,4.945683487677741,0.20715773927386877,5.32717483909728,0.15000746983485413,4.266831041781473,0.15000746983485413,4.648322393201012,0.16639583903761723,6.563335724203714,0.1461906159074981,5.131218095762633,0.1465471229305192,4.319135445220207,0.1465471229305192,4.700626796639747,0.353202306801043,0.7059452420487807,0.3449259261503595,0.870735343652089,0.6593678734951798,0.03410378765275638,0.9745137126998844,4.527329659838092,34.30893571028109,3.9927848576158467,1.3183193580492603,147.0672511540265,49.7239900988899,0.817735529870173,0.10676245304954926,2.5135864994683805,80.74994675596804,18.73271841224208,1605723.1519888942,1686078.9348509768
768,0.21383565363911675,5.004214306234004,0.21383565363911675,5.447541502256648,0.1566853842001021,4.548062282102807,0.1566853842001021,4.99138947812545,0.16776416910934525,7.852237479661326,0.14754431099615906,6.555978958771702,0.15322503729576717,5.034758524598767,0.15322503729576717,5.4780857206214115,0.3608372074649071,0.8421507264062653,0.16050349523855442,0.9203422890052451,0.9204779365630495,0.03129744900536043,0.5910947119924614,4.204453377856756,25.343164299654713,2.3346030703983356,1.4838679063371445,152.9822230613091,87.41495019167334,1.0085418445440764,0.10331480423672547,13.394018412885622,71.2425006878388,1.7229385230765981,1514895.4122369955,1912965.9027770448
769,0.20656152555269816,5.366347220829839,0.20656152555269816,5.646183693781938,0.14941125611368353,4.581670465647422,0.14941125611368353,4.861506938599519,0.16550563155241957,7.080094149347987,0.1454958654941046,5.618983180293913,0.14595090920934858,5.559064063199182,0.14595090920934858,5.83890053615128,0.35057971268901483,0.7264245917979447,0.39121626427399536,0.8657829678386078,0.394751178317318,0.027303886228411962,0.2303164699733193,4.51319269594193,26.50926987181067,3.093271672380098,0.7120021549246174,165.08260352587484,52.714373916988734,1.0499438452939767,0.09348816977695426,12.741178924871113,82.08456926404872,8.542715565901425,1930194.949143975,1616366.10252051
770,0.2068538310333297,4.665081751514271,0.2068538310333297,5.200184514415053,0.14970356159431508,4.086828203088071,0.14970356159431508,4.6220381753350575,0.16565057570571068,6.249980297536357,0.14522048383343605,5.186124848321202,0.14624321468998014,4.649420081385777,0.14624321468998014,5.1845257479910325,0.21727260000686488,0.7601736004285887,0.12625199052946653,0.9761411230996918,0.840075751296703,0.029396193418364375,0.7322196784125996,4.547204260434031,23.716116682474034,1.1641603618574237,1.7119377284437118,144.1225896623062,61.19333435217591,0.9953517540046496,0.09625048841948922,4.571482686309064,89.99193023033993,1.0943676100724453,808683.9522189569,1840168.2367657605
771,0.2098244628321667,5.53134917833942,0.2098244628321667,6.212054220839417,0.15267419339315208,4.775345142479669,0.15267419339315208,5.456050184979665,0.16516006602378655,7.685950367295042,0.14764972489627753,6.785282633202863,0.14921384648881714,5.321199433396559,0.14921384648881714,6.001904475896555,0.24902075805276433,0.7746069276660249,0.13448919812746618,0.8202207144366888,0.698424047154007,0.035147520936177616,0.4089908745058726,3.8416182418131206,35.267993514841045,2.841167384747805,1.918885446251582,171.9517612780498,63.67068923299209,0.9477139476221135,0.09384560944547807,12.748443005404422,56.21730303429353,1.3325824759160199,1588993.6183808735,2599643.548547135
772,0.2084530658917931,5.135921686715603,0.2084530658917931,5.505148302588365,0.15130279645277847,4.5781859636810776,0.15130279645277847,4.947412579553837,0.16396629161195456,7.360414133980378,0.14701938556378483,6.2460951330219405,0.14784244954844353,5.031044210006864,0.14784244954844353,5.400270825879624,0.3205733162714629,0.8327343247555241,0.3863662911894108,0.8432698974379303,0.7095150848458242,0.03727900838481179,0.6957937706032578,3.757160946058228,27.298052382762013,1.3797592431586403,1.5989643244224139,154.60214096324745,74.66597744563356,0.9709777993006817,0.07977350710907632,12.948179337714205,91.69195954549954,9.699833802709975,1982279.909598034,1916500.991732548
773,0.20608717346386107,5.709931073863164,0.20608717346386107,6.22785938181108,0.14893690402484644,4.859300183035897,0.14893690402484644,5.377228490983815,0.16469456924720338,7.064777426920597,0.14542839738796662,6.0068824130754965,0.1454765571205115,5.192058039001133,0.1454765571205115,5.709986346949051,0.2260474247739818,0.8269105904875653,0.2868432338139832,0.9589199429457093,0.9738384608239639,0.031332527621791714,0.41017413266219455,4.331991150853603,33.82290690420069,2.4945985400389246,1.7694934445440313,173.9540904612349,52.2044900553276,0.8726343642206792,0.08865147636214186,2.2038541311508806,86.75922454716832,27.594286529120605,2420987.9837838747,2549628.7018810976
774,0.2088799075179462,5.137266834337823,0.2088799075179462,5.74896921208002,0.15172963807893156,4.537474723637129,0.15172963807893156,5.149288304017377,0.16398080033993404,6.70011836906516,0.1457127511648176,5.678362916046174,0.1482692911745966,5.4903482736526295,0.1482692911745966,6.101985189400916,0.2914161453073255,0.783775989419278,0.19095279556825062,0.9727754730255829,0.6141124615623077,0.03952172381997749,0.9703747405199186,3.974133758986336,32.48269285838359,3.0306600095091976,1.2999706637230666,160.6612331294019,74.74158495067084,1.0940041183861433,0.08013086170876374,5.179176437911608,98.81746329323136,19.153855468922945,942361.5932688625,2070801.6385954148
775,0.203816259263724,4.765361306535918,0.203816259263724,5.311295096419809,0.14666598982470935,4.146412701810778,0.14666598982470935,4.6923464916946696,0.16099795790380625,6.469585396828561,0.14461494963338006,5.376570454939842,0.1432056429203744,4.208710891427128,0.1432056429203744,4.754644681311019,0.1675785090382225,0.777364313382938,0.32128917647180766,0.8825018428416589,0.34585022658091064,0.02994459291343903,0.37671123319367705,3.7973051354259386,24.04154360370012,2.891000194731149,1.085226060839507,143.45456704225575,54.67082621505594,0.8339909466021687,0.10340578892364785,12.306236710989289,76.2388645268019,13.531538634381452,1474914.1766650646,2222372.6543522216
776,0.20543263600817105,5.4741055218033,0.20543263600817105,6.281458534535991,0.14828236656915642,4.626794078240597,0.14828236656915642,5.434147090973289,0.1595819789471156,7.045682586798494,0.14513403232711275,6.300141310186784,0.14482201966482147,4.929883780821716,0.14482201966482147,5.737236793554409,0.23943651214238207,0.7851768758871955,0.33842354344781256,0.9257759964540726,0.3419498967663755,0.04085594205097242,0.4905592469239345,3.279047449247123,31.76966579993877,2.782872535843624,1.3503699322849483,171.12407951835704,49.83580494398029,0.8639406545837446,0.09106192385460271,12.950424165975004,94.05960865190494,20.323605642497686,1513812.7570044817,2985701.783306402
777,0.20862739049694282,4.709801585058331,0.20862739049694282,5.375262549903698,0.1514771210579282,4.34257159298302,0.1514771210579282,5.008032557828386,0.1684402440953959,7.127998871257181,0.14624514326477053,6.1175749314073204,0.14801677415359327,4.776758144193383,0.14801677415359327,5.442219109038747,0.23501585222977112,0.7963747479219391,0.11864587920993758,0.920930853641005,0.7549973791397018,0.03586202005785705,0.5421466888705206,4.872298355580037,30.365737435628006,1.1566607507470508,1.3032397206157984,140.06754259147408,87.19978522814588,1.0204512205895708,0.09960140388777766,11.807882146569646,42.231259493602266,8.823976192305384,1347984.3986934242,2468643.882488294
778,0.20849585939631554,5.146718120428106,0.20849585939631554,5.697785104554431,0.1513455899573009,4.589265734981292,0.1513455899573009,5.140332719107616,0.1682962211440201,6.626885526449618,0.1455825428000201,5.580724819229289,0.14788524305296596,4.618564477787946,0.14788524305296596,5.169631461914269,0.3405193897681813,0.8206560488942953,0.3483855301731862,0.9425662735806233,0.5897078810059936,0.02950727720225547,0.6383616838440371,4.981418382005879,31.268031463274436,2.092041784107443,1.6686837134721102,151.54317248443596,71.65775002619228,0.8508966093069081,0.07770650812702638,3.1428401951968037,95.03032802612285,26.55090479180535,2297597.184987726,2612305.4777703043
779,0.20920334076678174,5.048157001204595,0.20920334076678174,5.333794180747757,0.1520530713277671,4.605829720133854,0.1520530713277671,4.891466899677014,0.16212916457692175,8.117489632935126,0.14740314354539752,6.8857194199215686,0.14859272442343216,4.610267282349205,0.14859272442343216,4.895904461892366,0.2973832920049676,0.7367603057660584,0.2162970452342991,0.8448627407393072,0.9319586157382915,0.03438782860439687,0.6731108132272963,3.2389224629317526,34.42179365892612,2.0559422195601904,1.631603335930707,145.53104528080144,81.97355267582284,0.871272090984389,0.09566115484967207,14.330440919900948,87.92862205638589,27.121554649658467,2411049.439588316,1816342.0857491693
780,0.2107114830134456,5.349220777896235,0.2107114830134456,5.720803533546662,0.153561213574431,4.5573833754663955,0.153561213574431,4.928993613164941,0.16641075820965784,7.152132388675925,0.1473027671409345,6.039029340284883,0.15010086667009606,4.924867994233977,0.15010086667009606,5.2964782319325225,0.3151179439297904,0.8068735121173503,0.2391769263602078,0.850201227786415,0.4662315460948062,0.035086238140437404,0.3875892048635674,4.141111701838529,28.2310980367176,1.2125971186438766,1.5875278679922173,168.7290768727635,55.46377462901915,0.8924098251995682,0.06945412843416243,14.355285166588816,78.93167045105281,13.88689292365439,1258653.0770931535,1533032.5769003686
781,0.21163456258411617,5.343459088668518,0.21163456258411617,6.196874860214864,0.15448429314510154,4.725320338649037,0.15448429314510154,5.578850714336476,0.16917079501339805,6.974758908207258,0.14700584564954342,6.192151731471535,0.1510239462407666,4.701881135731469,0.1510239462407666,5.555415857093271,0.4033227577744103,0.7662559655253204,0.2520816170438459,0.9124774308604962,0.8524454528252796,0.030298251675119826,0.39912648857892763,4.719966344036832,28.46313804069003,1.8966537452639374,1.9969316227347367,170.46292935014478,81.86995345233694,0.8390086387264266,0.0916197556648363,3.7409754790934024,116.3509030612302,26.152695777193394,976682.1829522266,2874890.7526928913
782,0.20706475029241345,5.102282255705796,0.20706475029241345,5.501053943884816,0.1499144808533988,4.520962913657072,0.1499144808533988,4.919734601836093,0.16743536146974963,7.718832800241464,0.14628459641369249,6.520279159489895,0.14645413394906387,5.602814224815537,0.14645413394906387,6.0015859129945595,0.35686855132296375,0.7006473145672144,0.35306224089404203,0.8568995200314312,0.8267156560374249,0.028661525539790123,0.6502569251895449,4.750509661770248,25.452844856793696,1.7322536245147662,0.8198487261929421,154.30484607472718,71.04546869030958,1.1387764809278662,0.07177610040215457,14.645512770056936,99.35705999673996,3.261662492991013,1903397.0684079668,1984638.3746485538
783,0.2075320972087109,5.152799657148907,0.2075320972087109,5.584933834062141,0.15038182776969627,4.466173369640658,0.15038182776969627,4.898307546553891,0.16727267659339046,6.626501702304834,0.14651985026712283,5.274591869520604,0.14692148086536133,4.752171520130507,0.14692148086536133,5.184305697043742,0.24686481047139974,0.8283398664618276,0.3028104139550589,0.8471744372729215,0.45960397605086695,0.041308125076707045,0.34320653974253146,4.643488077513349,24.658469214247077,2.7507426565574624,0.797917121663571,161.03861445511944,62.592580644677106,0.8935673103798031,0.10559538375407995,4.89297937783515,68.22794116794732,17.914598752423597,1311050.4417479844,1776002.1488808922
784,0.20888489256770218,5.111184122921248,0.20888489256770218,5.907356463732666,0.15173462312868755,4.610165919829398,0.15173462312868755,5.4063382606408155,0.1695056893122185,7.260399294081685,0.14691947939597302,6.403063036867806,0.1482742762243526,5.554673740721986,0.1482742762243526,6.350846081533406,0.22402191125729912,0.8118165800713141,0.12888486858152545,0.8619609691513384,0.6488149716396558,0.03829128335849415,0.6900266618937123,4.978459703652973,33.007198937316076,2.098673213408404,1.03550659094451,154.9498812624982,83.1185638704465,1.1224491640424694,0.07647300384399827,11.872246820546556,107.89836717494454,6.667795770765482,1550541.325924301,2961364.308061489
785,0.21058114115460505,5.4571764282626445,0.21058114115460505,5.948196301236007,0.15343087171559042,4.762634642129733,0.15343087171559042,5.253654515103096,0.16232786032122817,8.568360049820724,0.1473441956146498,7.552972302403273,0.14997052481125547,6.03117984595361,0.14997052481125547,6.5221997189269745,0.38347934746901213,0.7325495631046025,0.2539267636931116,0.881855088932019,0.9916947324009961,0.03146631982209658,0.6724412018948909,3.2357610418153113,33.009328592136825,3.090200879885421,1.973121178194407,164.1757912453726,64.74009818703286,1.149578431619393,0.07776534254773139,14.512350046389711,112.96204729857138,25.18718243622605,2313463.538098744,2418209.147089211
786,0.2083498051089329,4.8817799448693835,0.2083498051089329,5.532745086972297,0.15119953566991826,4.336867816564909,0.15119953566991826,4.987832958667823,0.16372983582026038,6.248743035598109,0.14599792023400468,5.205748063086663,0.1477391887655833,5.313170607933098,0.1477391887655833,5.964075199911205,0.3386774283043906,0.7545791583473234,0.3033853758868837,0.9099358437379315,0.4935955981121212,0.03578725419436729,0.8143995455529549,3.906925896244495,35.55396980035566,3.888157540262686,0.6190269892095828,146.83264975103418,68.80805152499595,1.1256755394045301,0.0632086006422372,2.9235129565616087,64.39783856848919,18.383227052567516,1211547.007833221,2309208.0950411884
787,0.21031548999309774,5.14730472195188,0.21031548999309774,5.580160818112728,0.1531652205540831,4.649772124898559,0.1531652205540831,5.082628221059406,0.16581642449923645,6.550443813202883,0.1473173797998026,5.4157926761864585,0.14970487364974816,5.3831098724326445,0.14970487364974816,5.815965968593493,0.2754191840365387,0.7592516419931414,0.125071812710344,0.8592278106524112,0.5423203682679677,0.0400725522295062,0.31408972708969646,4.01962041194516,33.01783377589749,1.4916094238461686,1.232306106627085,150.25590648862203,78.88727579741203,1.0671406202274794,0.08335037487795446,3.5842940428476044,95.98314569828331,18.981796174617127,2403807.130725286,2284551.409413646
788,0.2076321931801893,5.210874561021848,0.2076321931801893,5.865180692913855,0.15048192374117467,4.567010764293918,0.15048192374117467,5.221316896185922,0.16380530100695545,7.502766699304399,0.14524966117886168,6.516443252531971,0.14702157683683972,5.228053127961038,0.14702157683683972,5.882359259853043,0.27411499091256347,0.8195741678498486,0.25781416943555524,0.9926496312871165,0.8869647022962537,0.029623052544283334,0.2902798449330978,4.085743150449825,24.454300418573112,3.3178328517791833,1.9476209430680917,158.89748045375666,66.59798509747192,1.004625232148403,0.09593805622339577,9.01997339377736,96.86337143110794,24.195894493629982,1952537.4848198986,2809698.981740868
789,0.20805716556017173,5.480580424104445,0.20805716556017173,5.861923862166629,0.15090689612115712,4.633702728192468,0.15090689612115712,5.015137690766959,0.16310723145539485,7.774242423793627,0.14695099855544497,6.649405852471646,0.14744654921682218,4.810625240287424,0.14744654921682218,5.192060202861914,0.2690975245609258,0.7861461858843515,0.2792933791639484,0.8390156612711703,0.7476465136760684,0.03651027043116197,0.702771033953336,3.5971324727948844,22.030765529168352,1.1471477401086287,0.685600596742121,176.64531466143882,55.54207927021319,0.8377637460566011,0.0690356370074512,14.594245410828472,83.09239203660188,20.22190761425378,1204010.0784598119,1591670.4739209942
790,0.21160994650162993,5.149851255268211,0.21160994650162993,5.636487311647543,0.1544596770626153,4.417359926544852,0.1544596770626153,4.903995982924184,0.17003085247877456,7.41409418784569,0.14661111954109982,6.159137131510666,0.15099933015828035,5.355631450181191,0.15099933015828035,5.842267506560523,0.41460905734846637,0.7199605184677753,0.20394167752643136,0.9428726301262279,0.9288845040439004,0.02884104340297939,0.3438812305314921,4.967428400999465,23.545015155947905,2.6303574020523453,0.847591911621393,158.33282724526364,53.478509850367246,1.0556027437312885,0.07911234638708277,9.914003740927278,40.897970993358534,1.5024177584612086,1710699.2149684047,2171683.6049207086
791,0.21409991086249186,5.419803641994836,0.21409991086249186,5.83369062714901,0.15694964142347725,4.762359304331266,0.15694964142347725,5.176310455397805,0.17047737639834432,7.356160863815554,0.1468522715642219,5.957555395582658,0.1534892945191423,4.882690995847247,0.1534892945191423,5.296642146913784,0.4220501435983112,0.7355632905403262,0.11431141305040128,0.9631418282999191,0.7242084694581366,0.036505592973292075,0.8880924874658862,4.866336108849447,34.37768630644948,3.2807413306900224,1.4360750510952387,170.0608645319559,75.86173906804189,0.8648945947834785,0.09035679305115664,5.921252075722292,115.86689992321277,22.970323562580756,1231703.6506506603,1590397.6954282438
792,0.20604746089213982,5.5716696315337515,0.20604746089213982,5.951394725092963,0.1488971914531252,4.981565944375744,0.1488971914531252,5.361291037934954,0.1626167825709046,7.952287479053116,0.14544816723726328,6.662813638887691,0.14543684454879025,6.081431809960603,0.14543684454879025,6.461156903519813,0.3240021522234413,0.7079711380992271,0.33735319963794275,0.9485899412406642,0.8882675680178962,0.03225333050429271,0.8505500062659548,3.864431407667048,27.898130367442075,2.416333911415914,1.0743298019273309,169.37884098689509,84.6940976663245,1.1287573614165192,0.10630659219107885,11.900736197693824,45.987078298385654,5.770109680318631,2486042.4531418476,2206684.6158043207
793,0.20713025374170602,5.5217006326811005,0.20713025374170602,6.130889650788722,0.14997998430269138,4.667223857776146,0.14997998430269138,5.27641287588377,0.1615742402490821,8.413409395009433,0.14546443290271366,7.603159463674286,0.14651963739835644,5.85021011483991,0.14651963739835644,6.459399132947534,0.25240055857896637,0.7848090343465121,0.2101490384472918,0.9928364192180417,0.9015345731279405,0.037767465200378575,0.4168009732102582,3.5665783714031916,33.016326735250026,1.6175571385783698,1.9062754839839529,167.6862812102578,45.45473166411639,1.0838135027511542,0.07535092326011211,15.477648352390927,76.43604029503554,27.502557686283623,2210549.0732077723,2730911.1953863357
794,0.20421014606814925,5.596687984088163,0.20421014606814925,6.353307526480415,0.1470598766291346,4.743467372745536,0.1470598766291346,5.500245103918743,0.16311420854135064,7.234618590704386,0.1456688482253872,6.383639689778564,0.14359952972479967,5.6818212395173395,0.14359952972479967,6.438424998036445,0.17208826507956784,0.7353661349335812,0.23650959762290194,0.9166046929543595,0.979516897108391,0.04202144241090547,0.2866770862891283,4.018233330847435,35.4042903998827,3.0835460003595783,0.9521033343992726,178.71540477524553,56.69023622866668,1.0203760660690533,0.07441417312809079,5.146467729813444,108.73086586054232,22.583731418500967,1038857.6504831729,2546100.9925152967
795,0.21397774791409938,5.231462572228216,0.21397774791409938,5.751547512844265,0.15682747847508477,4.572372169003207,0.15682747847508477,5.0924571096192555,0.1726702769044555,8.010470700650052,0.14925253126414165,6.84142691991024,0.15336713157074983,5.708318354334644,0.15336713157074983,6.2284032949506924,0.4181651937368514,0.764122466763482,0.22981208111153023,0.8291278228933856,0.7399609656882835,0.041977567037586046,0.7470939594818424,4.938080309135435,35.20190691264654,3.009096701561787,1.897202955464654,153.0893705186868,58.678994285513525,1.1332617863823493,0.08382858062239376,15.082840378722986,75.24197760220599,6.13798911886978,2417189.6392497886,2542378.7521685823
796,0.20939151800802083,5.462781458328235,0.20939151800802083,5.868656186158691,0.1522412485690062,4.669381903112249,0.1522412485690062,5.075256630942705,0.16890105885416787,7.229539434674202,0.14663813671585563,5.886814589383131,0.14878090166467126,4.725738132072892,0.14878090166467126,5.131612859903349,0.34128465679902803,0.7342270232041558,0.24161476503306162,0.9005175772166066,0.6230727024671967,0.03982092069225039,0.2551911584010079,4.859575258953469,29.91527855580263,3.82644672407151,1.56977784601227,167.80017607715902,54.21215475868289,0.812083800329215,0.08865917410520108,7.0370572987428375,45.42946698576962,19.80691069106553,1980070.3438589834,2003669.254729378
797,0.21155428836820891,5.327482432888346,0.21155428836820891,5.871515500028519,0.15440401892919428,4.583105455864583,0.15440401892919428,5.127276531961644,0.16367750412228754,7.10237599817123,0.14840689598157858,5.941984542886977,0.15094367202485934,5.002333801321794,0.15094367202485934,5.546427151658332,0.35369194995757286,0.814911024062051,0.30255506293957973,0.8035732869266681,0.8451491848098438,0.027513160946110646,0.631929426774049,3.302756577537126,33.13509557601482,2.913812264857725,0.8583640498480062,169.00313634817084,62.35063613462743,0.9177056053920518,0.1036886193852124,6.162466269872482,112.40881343903082,8.538195982544671,886629.109866223,1821629.447880935
798,0.21129981401598258,4.911223744637259,0.21129981401598258,5.628850319791254,0.15414954457696795,4.369402453287581,0.15414954457696795,5.087029028441575,0.1696882211202164,7.0620088576095945,0.1463176515021132,6.104738726105367,0.150689197672633,5.4113433622868605,0.150689197672633,6.128969937440855,0.3521702534881547,0.7709903421348694,0.16971907036792816,0.9567362672400753,0.5202464690781414,0.04160797561211657,0.3179668441123422,4.963719308756165,23.594853657352125,1.8207719872804864,1.6333404838344907,148.97002187932335,71.2734631252243,1.1436278382418217,0.08575601119645614,12.301847422908798,97.41561502075183,21.155993346360784,1592823.5296399195,2825013.281234335
799,0.2037079935495838,4.8355192639297195,0.2037079935495838,5.432444504736987,0.14655772411056917,4.3954265370251715,0.14655772411056917,4.992351777832442,0.16422583440636618,6.2553655767960405,0.14469975502966367,5.225121636526962,0.14309737720623422,4.782330474937819,0.14309737720623422,5.379255715745087,0.22072537125380806,0.7356017163520392,0.3749127794556607,0.9400188318994149,0.5431734431074624,0.03501979173401631,0.9105511225813989,4.517843535159176,24.30111384624763,1.9695202489291361,0.7718773013691195,143.3290269060683,80.13400804620613,0.9841236901949495,0.0868992415636186,3.2532167996998123,72.39632484454351,28.015940728321425,1891901.4422156084,2602153.619106277
800,0.20537627279342247,4.846444210937483,0.20537627279342247,5.3977826729899325,0.14822600335440783,4.390093898701462,0.14822600335440783,4.941432360753909,0.16392548836848697,7.174627196546343,0.14462168197893654,6.092960253001694,0.1447656564500729,4.893536690701087,0.1447656564500729,5.444875152753536,0.23522459718285144,0.7555413647540405,0.2689068486921091,0.9989590772417136,0.5404365846024155,0.03482837302309946,0.39132768980562327,4.362461331692941,25.453976125317613,2.391039164350751,1.9156352951626796,143.0794773409344,77.47529739163818,1.0140811404326997,0.10504074606811119,14.027992271493229,93.74572178496672,23.29290879374811,1941667.248471844,2473530.1207030965
801,0.2088753956622181,5.596740424297913,0.2088753956622181,6.091248312939179,0.15172512622320347,4.9884418413474405,0.15172512622320347,5.482949729988708,0.16218156583647264,6.785009701332003,0.14594702569532408,5.642991356605588,0.14826477931886853,5.851316623898546,0.14826477931886853,6.345824512539812,0.3840455461806041,0.7380207036756127,0.31868846092812025,0.9077934122015041,0.5675616492998334,0.027597218534669985,0.35838439766298624,3.557287278681488,28.040848140584398,1.9840344583628502,0.7779199543602139,171.33184301080635,84.10887115241809,1.063568699593651,0.0950065868516341,3.355758049748368,111.66566116836354,9.866467622458028,2359593.286891803,2496528.0748861493
802,0.21415353639929802,5.336093009469076,0.21415353639929802,5.88338989191703,0.1570032669602834,4.664140553979592,0.1570032669602834,5.21155692977096,0.17204464474585504,7.836152995836448,0.14899431629442042,6.716330065504801,0.15354292005594847,4.779225823818571,0.15354292005594847,5.3266259505389675,0.341903830459222,0.8429496277509971,0.18104534111564857,0.8299693734400317,0.8415273759581137,0.029561540182196273,0.729673304288984,4.8518960335249774,23.441833860010295,2.8679259360187777,1.4338504028172707,170.54022378042887,74.37584838895033,0.8603284711288268,0.07119152322818606,12.786636482213478,101.30249470896212,7.229245070714608,1134234.6572369356,2056804.4101181254
803,0.20476093334276332,5.174815747657016,0.20476093334276332,5.757884517536705,0.1476106639037487,4.646709052703539,0.1476106639037487,5.2297778225832285,0.1596119980081715,6.707222526777939,0.1452934488228535,5.734052810523962,0.14415031699941375,5.123557917327884,0.14415031699941375,5.706626687207574,0.24757813675190823,0.7224397309675867,0.34766472104733265,0.8964964105598431,0.605547548146215,0.03561896811150576,0.6106410398504261,3.2807760271820365,32.28974295169248,1.7497812342610675,1.0310928859714528,152.33925312958868,76.50858243223163,0.9856049886348982,0.10373925535298106,7.517387721798831,46.07038988797183,1.525634252017668,2310315.3627804425,2704956.7298146533
804,0.2085549257191712,5.153827655205974,0.2085549257191712,5.695280083012631,0.15140465628015656,4.608474785687706,0.15140465628015656,5.149927213494364,0.16761525158867838,7.4253810524327735,0.1463853274273951,6.340617008660692,0.14794430937582162,5.27278488916787,0.14794430937582162,5.814237316974526,0.22890248781282152,0.807938347773976,0.14219502065209397,0.8880884189844167,0.7125786137552247,0.03126711059239562,0.9825929590239741,4.680765035427738,27.696164973610014,1.0555110458000634,1.3540619122151003,157.19079677861947,78.94818875678911,1.0323763105345984,0.09423995945175105,12.667918552533365,118.44825341085391,1.190891730310295,1716206.6812538956,2304277.2738555027
805,0.2123799992484713,4.927760256106002,0.2123799992484713,5.2753817936594585,0.1552297298094567,4.43096915113298,0.1552297298094567,4.778590688686435,0.16744341377108507,6.683020161877058,0.14621613263329647,5.339153397197728,0.15176938290512176,5.156401018794084,0.15176938290512176,5.504022556347539,0.38686914570230646,0.7696661849836116,0.1678593475340605,0.9662506432126401,0.34969235716206204,0.04160558029718044,0.8885502971851771,4.449713903410698,27.46353965156883,1.9051432056130126,1.6919715905989332,146.16068003790807,74.8225738688865,1.0669247442383485,0.09839393650527983,10.866156536573673,40.761960810103616,15.81261358053527,1911832.796248373,1807588.986485709
806,0.20608670744512717,4.86556137541034,0.20608670744512717,5.535063745423746,0.14893643800611253,4.3484835607959935,0.14893643800611253,5.0179859308094015,0.16099409924787308,7.55088603316281,0.14625405711523803,6.653506462081256,0.1454760911017776,5.0318337449351525,0.1454760911017776,5.70133611494856,0.17166536062433696,0.738818701761163,0.1149315112953008,0.8419852152777034,0.7178269264498046,0.03674634896260442,0.8635827493729649,3.3452426930560892,31.152045364316628,2.669883387798783,1.3283249174736502,142.37465885332796,68.15890741251475,1.0499632872618316,0.09531561012592255,15.759197949136308,48.72478434847377,15.413715438076393,1911130.4523665088,2773395.6425000336
807,0.21803909884504738,5.413320095780976,0.21803909884504738,5.908791701443932,0.16088882940603275,4.637143874000952,0.16088882940603275,5.132759384263372,0.1735923570685629,7.120357008920861,0.15009992402374908,5.78585147234612,0.1574284825016978,4.887604564030899,0.1574284825016978,5.3831736383883415,0.4236785835391684,0.8311027761911544,0.14630659752041303,0.8445902187613961,0.6998942698037802,0.03677062899512501,0.9611417180865078,4.759702910728194,25.88897950142279,1.9594263772898832,0.891283001793455,174.70176880222658,63.55057521067256,0.8712827969066081,0.09663330124498304,6.411731884728078,63.42995940735883,9.02533018735509,913203.7701122062,1752669.088617047
808,0.21511120734229716,5.6819286470801496,0.21511120734229716,6.0833150101728375,0.15796093790328256,4.848349651620358,0.15796093790328256,5.249736014713047,0.16494220441230675,6.8648016398614535,0.14852507753162417,5.7318864587253024,0.1545005909989476,6.278974155330689,0.1545005909989476,6.6803605184233765,0.4139264018550138,0.7937471247660987,0.1840510202422908,0.8694926270464356,0.8098709400409757,0.028356047968824218,0.30557409926763185,3.3989315372742217,23.144703969316733,1.2031134692516983,0.7838751543237148,178.11876366979024,58.93229253947251,1.1434040372996017,0.06237124799336592,2.4221915376485423,100.0876919914893,28.00888481510337,2134892.0474215765,2138284.330387433
809,0.20624528055754687,4.961603510413591,0.20624528055754687,5.45169270373924,0.14909501111853224,4.3940553557392,0.14909501111853224,4.884144549064846,0.1612048290138653,7.219338796260179,0.14609712411942807,6.1676392765135475,0.1456346642141973,4.453530297544405,0.1456346642141973,4.943619490870053,0.30311648440004363,0.7210857048959661,0.3486892937073396,0.8678693691174084,0.593189265924071,0.04110256641677315,0.7117325067151372,3.415710218797355,33.390251558211666,3.396705518555441,1.2517970512794905,143.24773762354275,61.97666703474525,0.8482592796216333,0.06688965634264786,14.156303379539104,77.23049979022537,14.846241991930155,2260047.9768724274,2385180.0721005844
810,0.20538973458727341,5.437004493527444,0.20538973458727341,5.864593662248028,0.14823946514825878,4.5248548459103395,0.14823946514825878,4.952613128971211,0.16089007028476024,7.704934681257106,0.14631508525439743,6.7043580386487545,0.14477911824392387,5.957416881203739,0.14477911824392387,6.384909564443185,0.2975043244044065,0.7173529020225122,0.3944446018794048,0.8374509272862672,0.9024528814584625,0.03844143603945435,0.43376897598032915,3.332306876465255,32.761810287944996,2.198090735284144,1.6586087329434773,173.03213539149888,42.61187891903136,1.1286482689305488,0.07299888764145658,11.445290724037845,45.51402233546451,21.51409351568491,992483.0628783942,1524210.983453847
811,0.20592096404514898,5.805710710132715,0.20592096404514898,6.204422752340203,0.14877069460613435,5.1762011170384925,0.14877069460613435,5.57491315924598,0.16639635468317585,7.927721758188554,0.14601627855876403,6.795264158231616,0.14531034770179943,5.410107855225236,0.14531034770179943,5.808819897432726,0.32839168551028775,0.7243849542118301,0.3912222410348414,0.8804625918262899,0.6659542777571621,0.041763249060508836,0.9270512961576736,4.621799304795093,31.954773238648272,1.7131106082772334,1.5281971811897321,178.955646722656,88.79132703762335,0.9054247222335978,0.07830633504091923,14.472157860042385,55.59796156641048,6.7594818971270945,2375629.719617543,2174136.467174354
812,0.20985262661649076,4.922450411019063,0.20985262661649076,5.364344833625072,0.15270235717747613,4.269520494596456,0.15270235717747613,4.7115359716943,0.16880163246263982,6.669455576547419,0.1469813325691351,5.393554953909157,0.14924201027314118,4.571473508085056,0.14924201027314118,5.013433002499789,0.2699958008730698,0.7893123827526151,0.1710681539714016,0.8563530817853995,0.5515643689527727,0.033041939549666395,0.32069006255006305,4.766424201076973,23.371103659327524,3.8482225887211525,0.5934580733956467,154.75443003086608,61.316238655039285,0.9029895462838808,0.06855058660757626,8.72042863753105,78.66439741759993,11.413374419245233,875024.8314936633,1593399.1866962938
813,0.2095059746684606,4.80297204376297,0.2095059746684606,5.448341864731817,0.15235570522944597,4.287340774389237,0.15235570522944597,4.932721178208783,0.16293147281144765,6.6519008940258155,0.14559529241425334,5.601190931214082,0.14889535832511103,4.933497380275142,0.14889535832511103,5.578843001563647,0.30566766123213396,0.7402007193718916,0.1462219902335815,0.9612624315020312,0.4935482227315225,0.032885878467706395,0.8745038046311409,3.7499265532679975,25.54037613682727,3.4403313510873996,1.100638411067525,146.99030295903214,72.99471333346077,1.0379829966247271,0.09284272533793356,9.165081335852115,76.86176677404823,19.933705692787036,1148393.5864301552,2345851.448699102
814,0.20477443962762806,5.794972045966298,0.20477443962762806,6.227255779410082,0.14762417018861343,5.151073087744714,0.14762417018861343,5.583356821188498,0.15968219386140464,6.9965010009902935,0.14459253758972507,5.978995756604541,0.1441638232842785,6.313353977780131,0.1441638232842785,6.745637711223917,0.3069462355851775,0.7020731118014315,0.382143909314117,0.9463385192513186,0.43788749291244095,0.02984263453036647,0.8150259202638275,3.445355042341343,28.480068986118937,2.004557147176162,1.3238897557604048,179.6140082547496,87.4514938827734,1.1234733598999587,0.06753900083485195,7.433858065023349,97.1202994183689,18.6917768701812,2368357.6251709717,2308197.7137395497
815,0.20633708245170415,4.851145624383216,0.20633708245170415,5.363455355138191,0.14918681301268952,4.172201866346915,0.14918681301268952,4.684511597101889,0.16664988269593362,7.4416824180512045,0.14492397477772376,6.307352392928621,0.14572646610835457,4.39998487964736,0.14572646610835457,4.912294610402333,0.3924954622529133,0.7282382104885079,0.39682516431002357,0.9867568403733444,0.7812771509014823,0.028438234954525292,0.20226511287131005,4.860564571879524,26.049130452986578,1.305703280471112,1.0457099718997094,146.6547091838426,49.38607277357347,0.8683869641683963,0.0892331649114876,13.340173886027674,56.925120023105364,20.614912100318513,1455044.7811756502,2091157.5003085346
816,0.20749886973615708,5.0386922588793865,0.20749886973615708,5.439463293340401,0.15034860029714245,4.37742911885287,0.15034860029714245,4.7782001533138825,0.16231458007063101,6.652004132288471,0.14590324029863416,5.515655135389999,0.1468882533928075,4.970693579806637,0.1468882533928075,5.3714646142676505,0.2256032771259377,0.8123009856263439,0.1960790977274987,0.9108880306279956,0.7246299305543826,0.03176256976410809,0.8261165835411897,3.647803840613673,26.75859560961689,2.5559517988371696,1.222641957636493,149.26927638644952,54.61078993329825,0.9805108156449348,0.07148091282244534,6.884394003975698,87.50705411043491,0.3141290434138799,2165418.8370980253,2117888.9427571706
817,0.2074011413667957,4.980879989246504,0.2074011413667957,5.802693141890063,0.15025087192778105,4.233539547340809,0.15025087192778105,5.05549125837348,0.16347065467407076,6.936970696135222,0.145388511420458,6.136710412370914,0.1467905250234461,5.118233847081315,0.1467905250234461,5.940021534049243,0.2565821260764001,0.8130357665729433,0.2680943620373122,0.9266837348885526,0.4593752520765733,0.031236889812545635,0.2105393265697119,4.0180388872868615,25.5202489513862,3.926496986963701,1.097457349217744,155.96396212605615,49.066943256324876,1.0376703530810016,0.068085558835784,13.075388197405864,83.66638444123241,27.26922084790967,961787.8849295314,2799433.222548987
818,0.2105882798767264,4.809751493333919,0.2105882798767264,5.608182862116302,0.15343801043771177,4.277281175370081,0.15343801043771177,5.0757954669769605,0.16503707300139137,7.7248223130688025,0.14675229504117077,6.917464655034003,0.14997766353337683,4.9209618640623844,0.14997766353337683,5.719372614223109,0.3773737967920797,0.8291610405776954,0.31389963069167426,0.9331237816336657,0.8559715298873127,0.03771238489001408,0.9775383866069425,3.9236441718425663,35.034940507406176,1.0294802491584765,0.8115654897249365,144.998583773927,68.63895137242828,1.0328068563157333,0.08743960758106287,15.663883833207485,104.06068647310391,1.1388014357106302,1062131.6966691026,2689146.846153438
819,0.2095985296290524,5.677260811067387,0.2095985296290524,6.124860989015878,0.15244826019003777,4.802233733991061,0.15244826019003777,5.249833911939553,0.1646771952399852,7.323059695423402,0.14549301173820153,6.1177596677344015,0.14898791328570282,4.882516002235727,0.14898791328570282,5.330116180184217,0.29189909042084483,0.7471684152839783,0.11439592765700579,0.9692546001859322,0.4371694527779999,0.03408437231903691,0.8003068108967113,4.142394453437318,29.1815100022272,2.2909093807223013,1.8610255104248141,174.79729176937937,49.48862146943048,0.8054834244519166,0.10464963904597058,8.180687328922723,113.92999604260783,25.749124113690943,2308953.0826246524,2311978.4469529176
820,0.20763632919948288,4.764040243928352,0.20763632919948288,5.399264088659956,0.15048605976046825,4.378036831957133,0.15048605976046825,5.0132606766887395,0.1665804383554423,7.311350193769463,0.1459811996321339,6.212571645684176,0.1470257128561333,4.413418088208231,0.1470257128561333,5.048641932939836,0.28621500551058016,0.7206318886843789,0.19836343962989328,0.963379980873745,0.8786359244415745,0.04259953179598963,0.8849838680411746,4.549996411473338,23.36640561673908,3.3394348675439285,1.998247816310656,143.55002053730388,87.95481670228284,0.8955039891300417,0.10964461034367219,9.810371055760047,80.2898994336174,19.394339319594643,1482424.4813338462,2508891.08851757
821,0.2109502634749565,4.791231885539534,0.2109502634749565,5.492768118054884,0.15379999403594186,4.2779100862632795,0.15379999403594186,4.979446318778629,0.16343045325398903,6.836621558012866,0.14636127927404893,5.936385879275414,0.1503396471316069,4.146579215805001,0.1503396471316069,4.848115448320354,0.3851428835810253,0.7420733017664869,0.2027807954756265,0.9659993213897882,0.9305074508706581,0.03478316280299828,0.2311421954067268,3.6320277049057004,22.616665323109114,1.961209187779013,1.4653077694169339,143.76975416063672,70.11074976222974,0.8081676396731013,0.09109339157377407,7.119743363510246,97.71613467346843,9.961959943238108,1642965.5731790655,2809808.61260184
822,0.20627326912690297,5.60741264405791,0.20627326912690297,5.982768884300149,0.14912299968788834,4.828987268151515,0.14912299968788834,5.204343508393753,0.1638468520069141,6.972767856908778,0.14475277867536782,5.777221624875559,0.1456626527835534,5.972927257019384,0.1456626527835534,6.348283497261622,0.2754743107843893,0.7242383538968246,0.25594658178697605,0.9871777025809937,0.6469026987302778,0.027758324622379472,0.8622667078584687,4.273638431418881,24.226095763233133,2.6054028564101204,1.416565771450706,173.66277912012634,62.278285732601944,1.0900454167862266,0.07503963696883355,4.959768266107481,51.774885663764124,24.74119872642551,2263057.3140842407,2113504.52697527
823,0.20999692607767936,5.6679082890244725,0.20999692607767936,6.264502240642705,0.15284665663866473,5.032900502967836,0.15284665663866473,5.6294944545860695,0.16749073958375668,7.165441658723159,0.14724329682437495,5.979317111429245,0.1493863097343298,5.503022850606363,0.1493863097343298,6.099616802224596,0.31951080340010374,0.7319238662578896,0.2125508482980545,0.8402621964195273,0.3871085544706507,0.038690592841750256,0.8894574740695547,4.4249507613377554,25.04609663922392,3.2854833204702776,1.0762774071226184,174.38494455038125,83.3100169195736,0.9595482857491338,0.10361121586724578,6.83837276732675,104.18692209643521,16.85948198222696,2483997.770295782,2905773.6475659977
824,0.20666597755499225,4.955533064496102,0.20666597755499225,5.429326715670146,0.1495157081159776,4.344343759868775,0.1495157081159776,4.81813741104282,0.16771943643841786,6.955928136108945,0.14578288369693032,5.712872943490861,0.14605536121164267,4.758717767385445,0.14605536121164267,5.23251141855949,0.3388126955890349,0.7432680172702554,0.38423651233471534,0.8838641821147531,0.7064259573288083,0.028806261978329098,0.20824778145687467,4.935175537980976,22.643684475649128,2.08290956682749,1.7104142710927717,151.95739285196652,64.2556421485654,0.9445884075395523,0.10831463873019256,7.3651214693559925,74.43938521425285,26.8510075842388,1483322.1709551439,2014886.955486496
825,0.2122536068948775,4.828552904078524,0.2122536068948775,5.594974862487775,0.15510333745586286,4.314559691026972,0.15510333745586286,5.081076944789746,0.16355878884546346,6.767422265877269,0.1478091204581885,5.924132990409033,0.1516429905515279,4.9839165680671575,0.1516429905515279,5.750309721747262,0.3333160806193687,0.7601142484027724,0.14657239507402509,0.8580989304303751,0.630582444377179,0.033101631522706426,0.6799921560072466,3.3572358157734206,30.515316486408196,1.6481397367175128,0.8645101833273459,147.47207154892382,73.72970958755901,1.04506327616786,0.09133314283437255,9.946112081767737,75.09264434136355,9.770356645363345,1023041.8999758295,2610074.381164034
826,0.21528454520084694,5.006465647790096,0.21528454520084694,5.467067478670736,0.1581342757618323,4.289112495008522,0.1581342757618323,4.749714325889162,0.17104196768788124,6.572944740362169,0.14815480050246926,5.291449388450021,0.15467392885749737,5.466357680476816,0.15467392885749737,5.926959511357453,0.3869963719733868,0.8244776593844254,0.14535936206517835,0.8953756933426366,0.7057927415000005,0.03289614621329466,0.654981954833403,4.712327888584689,27.451344992677658,2.5608612799028823,1.808567448378924,147.36093238674988,44.58794518403577,1.1335171765989362,0.09460978688268512,2.4403628537499413,117.49947242883052,4.955594243020718,2208842.76683395,2316738.327223788
827,0.21081427549921677,5.1723747172522,0.21081427549921677,5.373950684769981,0.15366400606020217,4.471673599222234,0.15366400606020217,4.673249566740015,0.16427404366513967,7.68855293518431,0.14682656112912812,6.304674981319787,0.15020365915586723,5.622333781809521,0.15020365915586723,5.823909749327302,0.3026012014950098,0.8403506800758167,0.18860686156833278,0.9282652617006727,0.8056942769660029,0.03841463488632848,0.7609722921991917,3.7370640156672885,24.298945374366546,1.4817658041394743,1.1887180633524368,155.28886027963904,54.933482030967895,1.1239642101754135,0.08602899843136035,13.524614460291128,111.66464644431771,5.855234375805095,2227440.5015845913,1552523.0155310403
828,0.2134201302449119,5.42063986271272,0.2134201302449119,5.90673689468603,0.15626986080589728,4.816742362512489,0.15626986080589728,5.302951358271144,0.16839916904040558,6.798948047278519,0.14847769758324333,5.594056737805682,0.15280951390156233,4.995943991617928,0.15280951390156233,5.482119763041777,0.3357943461764573,0.7756991693619609,0.13289000096592624,0.8322064347778222,0.697837555388698,0.02777153663053878,0.5587377701008643,4.219124494535091,31.64445514774185,2.549753645930359,1.2728440288995577,173.86759291351507,87.31781384951543,0.8955177574188942,0.08908688289275403,3.939230751316803,110.6867070404737,0.7353546863900473,828492.7579952328,1627055.867574589
829,0.20896834385927238,4.738445440271476,0.20896834385927238,5.355859514019484,0.15181807442025774,4.1468186745718425,0.15181807442025774,4.764342437086863,0.16079978233686334,6.102050846183772,0.14677785492520962,5.218016554391995,0.1483577275159228,4.214063532872916,0.1483577275159228,4.831574828058832,0.30022488189435614,0.805014457809188,0.29538759659394387,0.8548439198484616,0.7811371414847401,0.027013418648687216,0.20970374011427317,3.087150261897636,35.27379876884588,1.8189519937882486,1.2311878622778727,142.6834521129944,57.906886034489645,0.8427983213741824,0.08435914789938614,3.156536775382271,66.64336183130496,9.745223885774436,951052.7295867722,2066559.94615703
830,0.20808484757944162,5.215089681274797,0.20808484757944162,5.557526645692013,0.15093457814042702,4.439596234262766,0.15093457814042702,4.782033198679981,0.1662773237591792,7.360740464551135,0.14555850073205262,5.9506574425503995,0.14747423123609207,5.387513040766042,0.14747423123609207,5.729950005183256,0.27302860593246514,0.7143078041113069,0.1336982386992237,0.9710315888055745,0.5377065969939516,0.041657522586415176,0.6284481433061295,4.549812038291447,30.264053091270547,2.859880230428481,0.9521391786329221,159.15845139735072,48.09447207109026,1.0463478948246074,0.09455983347752211,13.003279257851114,77.34695443512943,17.377477488276163,1697937.3861843161,1652843.5361855973
831,0.21206694086738107,4.886930169251289,0.21206694086738107,5.305661193666237,0.15491667142836643,4.190556057527686,0.15491667142836643,4.609287081942634,0.16929343340927452,7.101550327133824,0.14638567048596507,5.70631829928514,0.1514563245240315,5.356808274063779,0.1514563245240315,5.775539298478727,0.344028002949914,0.8197450335144951,0.17940635716365844,0.9367125462152865,0.5439154721797314,0.02914676415581731,0.894728715107314,4.839661654151114,33.984268751891896,3.772954058633929,1.2844859877394086,141.68835753202484,41.94284956279044,1.1418778692299982,0.0874676511411203,10.747715079839502,56.95042602407996,18.660211656380213,2011387.542990577,2022957.8541138957
832,0.21123506379291174,5.174900093040751,0.21123506379291174,5.822432824167829,0.1540847943538971,4.655112809711195,0.1540847943538971,5.30264554083827,0.16546472784446353,7.025214655398908,0.14657859257298056,6.079353907792159,0.15062444744956216,5.127477817028147,0.15062444744956216,5.775010548155223,0.3297559186155544,0.7689697064516348,0.15543777806891565,0.919395232297983,0.402173278719894,0.03870210027505808,0.34966833854972834,4.03309979350708,27.056527456467663,2.2562786793675644,1.7143832338723954,161.36209557016227,86.81344934849203,0.9874268388020264,0.08461645544456625,12.112712115103552,110.94672792444274,26.894673584854274,1295625.5193317996,2417985.1718451856
833,0.2130230787678682,5.19774543881831,0.2130230787678682,5.618831855275344,0.15587280932885356,4.48912481375401,0.15587280932885356,4.910211230211045,0.167640683844799,7.696599695983772,0.1464505749123868,6.414460731674689,0.1524124624245186,5.492095611774163,0.1524124624245186,5.913182028231197,0.38364700399136703,0.7912420901257609,0.139526215626608,0.9893445510736635,0.8258936445691527,0.03975131298539361,0.522677425638687,4.395836445638585,29.71373072590071,1.4466967679766207,0.645345350868329,156.16605364605283,54.70096235300508,1.0806382834959578,0.08209539066601496,12.82121724020583,42.63983330480027,10.486555606325219,2028923.3474647966,2079711.810129576
834,0.21182433213107046,5.530871499671225,0.21182433213107046,6.001944608627988,0.15467406269205583,4.894089643111731,0.15467406269205583,5.365162752068495,0.16953612174451252,7.609946986239656,0.14771661115982862,6.3611663550392885,0.1512137157877209,5.955000404730581,0.1512137157877209,6.426073513687343,0.3501041926670788,0.8187567735077045,0.23022866317326426,0.8933197176020442,0.8788977665381494,0.0405612875206197,0.8111038085799904,4.650112061598246,31.746835566876626,3.5634226236168915,0.7872666455413306,173.7922502744861,82.66181901091969,1.1044073516489503,0.06411279129732345,8.962413630888697,61.829018748839,13.443959331059336,1481986.5919524927,1928897.8556760803
835,0.2066038820268718,5.293454404941285,0.2066038820268718,5.960954467562499,0.14945361258785717,4.500701252593804,0.14945361258785717,5.168252843808081,0.1622239904457766,7.041497192948336,0.1447464767355817,5.983190385607512,0.14599326568352222,5.578880490643999,0.14599326568352222,6.246327634707047,0.27550682844083363,0.7634504003194831,0.28798341504764907,0.9590341258008093,0.40931463731355566,0.027319734708875856,0.507942096229216,3.9058926981498074,28.284755700640808,2.5494934039318737,0.6936588176873937,166.6494565108164,53.07054614828981,1.0732610010294257,0.10674303481092887,13.376678508779541,43.924370913384124,11.889281523301916,1214367.2813519002,2422277.207358556
836,0.21256104999808786,4.850042192599042,0.21256104999808786,5.440139441025228,0.15541078055907323,4.3126574520077146,0.15541078055907323,4.902836100146326,0.17017794858784047,6.559144454729321,0.14715585082692628,5.398881327337619,0.1519504336547383,4.426184114766266,0.1519504336547383,5.016359947314458,0.3437904032435274,0.8370428169899427,0.18644922551244292,0.9163718547700096,0.8017390540703403,0.031223441915742448,0.5202386235123333,4.853791361628935,29.421830574938696,1.3712646821475047,0.7255722559456489,148.38062072268778,71.30388391696113,0.8778126153097776,0.09065034402634653,3.7237818418498376,91.40797851347872,22.893852314148393,1070559.4452802646,2097753.2247752976
837,0.21145504726128297,4.832411499808476,0.21145504726128297,5.128303963835818,0.15430477782226837,4.154297297776626,0.15430477782226837,4.450189761803969,0.16876883877061594,7.551126861148673,0.14634430603202997,6.128273229247634,0.15084443091793343,4.484569217623804,0.15084443091793343,4.780461681651145,0.3748224861112801,0.7245884652652819,0.14189577640526937,0.9742150730275345,0.860255957244658,0.03683278090090709,0.5978326027616301,4.742891597217073,31.94874045699094,2.7001735449947493,1.3227395593800555,142.02296261287552,44.898193600207534,0.8952178225984754,0.08411986663289597,11.768262625279007,97.66459225501988,13.562947891274135,1731798.6271483582,1512394.127828011
838,0.2087256288663586,5.394997748813619,0.2087256288663586,5.977412615409937,0.15157535942734396,4.748417847310769,0.15157535942734396,5.330832713907087,0.16349325375185114,7.938380125060908,0.14619500184845002,7.0457906453059,0.14811501252300902,5.334832827428395,0.14811501252300902,5.917247694024714,0.294359880277447,0.7938286349819736,0.2196051235861588,0.9669843748258484,0.9352142045717535,0.04184805316597894,0.9699376660214871,3.77163104819926,26.123994443763387,1.306962889956029,1.5788996360308252,166.18104778206583,73.61464925328832,0.984510925250651,0.07185130949504712,13.234042671759049,89.57641795129106,6.902874362149173,1963763.9628575991,2580800.970255789
839,0.21020458500363304,5.204469461905395,0.21020458500363304,5.689113281009523,0.1530543155646184,4.52437450761762,0.1530543155646184,5.009018326721748,0.16857915666071704,8.264016764946899,0.14745465987966508,6.95281459724741,0.14959396866028346,4.835314663837735,0.14959396866028346,5.319958482941863,0.30649455194692454,0.7710175659831421,0.21028897428624466,0.8538873626601279,0.9596095999256922,0.028661684123646884,0.717751870855522,4.599614514445894,26.575810481973512,3.285616732385358,1.2011909655827013,156.5495433491432,59.045332442187245,0.8991164567121779,0.1035142208332174,14.340201069500903,50.275617693656656,6.265844658526126,2147365.6466707895,2365448.3594994885
840,0.20718700719296632,5.573300032768057,0.20718700719296632,6.0923863012433594,0.15003673775395168,4.817399921045207,0.15003673775395168,5.336486189520509,0.16209783100667122,7.446702763563772,0.14508143863215853,6.317610085946626,0.14657639084961674,5.120428679523233,0.14657639084961674,5.639514947998533,0.2848563219752357,0.7762332062958985,0.2888883566927336,0.9440243665013923,0.46873235771696975,0.027337004941937637,0.9307307687120427,3.783129483785726,22.484847964902112,3.897141958394985,1.4821836337683418,172.41051943394592,64.15557143416797,0.8876237062672803,0.09158487261766468,13.950390855308337,68.64629436286849,16.321453744195896,2307712.314861944,2596992.4534682026
841,0.21071501837501236,4.901362015571962,0.21071501837501236,5.559758163908473,0.15356474893599772,4.208322803478104,0.15356474893599772,4.866718951814613,0.1633402468557521,6.3341809580894015,0.14653219225609848,5.453510299763037,0.15010440203166278,4.707952723188112,0.15010440203166278,5.366348871524621,0.34462931378177236,0.8292190617181764,0.27042198034082254,0.9142970975082874,0.36846505994568807,0.0398979838351295,0.7194564289383474,3.6102553562159674,27.60851986307906,1.432690960232735,1.3619812299820104,145.84128793599976,46.59305662890496,0.9432637718883645,0.0831286571390078,7.094180343772941,69.63369494998268,15.014409328764053,1794926.016827591,2711769.0912203966
842,0.212706968220663,5.131925003147451,0.212706968220663,5.930870748215936,0.15555669878164838,4.553307917101804,0.15555669878164838,5.35229153488862,0.17021624760021956,6.484684594044282,0.14792643117740545,5.586114689467467,0.15209635187731343,5.339079146946436,0.15209635187731343,6.137986485246408,0.4131314985105329,0.8460694918185188,0.34866470009628486,0.8337996172237381,0.43805310094071276,0.02793618283373623,0.7814124698281162,4.752168735271956,32.22002509388407,2.743995870405397,1.466519112775018,158.67094670402173,75.74061037281598,1.055844357757783,0.08412046996670297,3.1677880283264273,114.44046298341577,4.304307368163494,1195587.4851939264,2787826.8810370453
843,0.20724099191958423,5.211995769393684,0.20724099191958423,5.785941896875565,0.1500907224805696,4.6822442590380104,0.1500907224805696,5.256190386519892,0.16255258948827428,7.855554610044662,0.14624020368841353,6.857157597383584,0.14663037557623465,4.525669219431873,0.14663037557623465,5.099615346913755,0.2906204807063446,0.7955911953467871,0.35760654424274874,0.8604807796473739,0.8179905871019447,0.027111263884135095,0.5331239828818486,3.653781026158881,24.866753847826924,1.5787210905887137,0.694359457904308,156.0814550604595,80.11430426891917,0.8118764743084597,0.08412267236861866,14.945789925895962,68.79541533257384,15.124144831338326,2327120.991696461,2756915.71825835
844,0.20762281558106974,5.478156745642939,0.20762281558106974,6.203099279769761,0.1504725461420551,4.6935602349059575,0.1504725461420551,5.418523476309787,0.16298040636414035,7.07004988448986,0.14518663066923732,6.183930446208085,0.14701219923772016,6.032144258184967,0.14701219923772016,6.75698408193641,0.28596241260077493,0.7703435390549872,0.23199494501955126,0.993470620209247,0.47721443662570395,0.041920191081230615,0.2928781134043792,3.9177052308352946,31.068922152934142,2.889253188614575,1.6739242742542655,173.07537835720854,60.73024962957565,1.1369139733369613,0.09174728803668748,9.975509195433128,67.83792612541083,7.593611337599773,1299791.7088954665,2622627.923986705
845,0.20444568631286117,4.859541800419405,0.20444568631286117,5.612779278765913,0.14729541687384654,4.421446277777818,0.14729541687384654,5.174683756124327,0.1630605820037595,7.3215908146027076,0.14487921083375457,6.310353124753321,0.1438350699695116,5.324232059739339,0.1438350699695116,6.077446868243771,0.21823364035810128,0.7236135115481119,0.29691745332514574,0.9512835316963083,0.7785602350219809,0.029656679109207173,0.8116444950586215,4.16754850969964,33.415829705127905,3.484230776532441,0.9575954465279091,146.16906242870317,83.15539827760828,1.1360036410205485,0.10759156037928791,10.330690536615,77.74404257251582,27.64310374519274,1261805.199564083,2666206.218453495
846,0.20800668294539643,5.298599857219927,0.20800668294539643,5.65663343156941,0.1508564135063818,4.787879544992164,0.1508564135063818,5.145913119341646,0.16125322656298177,6.369608889083381,0.14634193791553407,5.234349270440168,0.14739606660204685,4.656358142550096,0.14739606660204685,5.014391716899577,0.2750355874829466,0.8272898511875442,0.3203941562856864,0.8622402871297025,0.48804287302342575,0.034917482812551755,0.4829299271187053,3.312669479465191,31.69541012791604,2.411110956153854,1.8741307357650259,162.83841164524554,89.5603131602808,0.8312649642931003,0.08911052067488959,2.1046156582551014,66.00725220666021,10.210873636495139,1623260.6176096392,1649346.414634072
847,0.20966237587352954,4.893733472129683,0.20966237587352954,5.648227848795459,0.1525121064345149,4.278578121760593,0.1525121064345149,5.033105376074544,0.168626336390714,7.1343806143843285,0.14821749838868037,6.216836669050972,0.14905175953017996,4.289705479076676,0.14905175953017996,5.044232733390626,0.23270674314622417,0.7813920977426937,0.11880546746017201,0.8056189710578412,0.8747699840285827,0.0423907442825945,0.5096138751847042,4.494144665582307,28.632397765085706,2.978695859194062,1.7017951094903137,149.96370781327624,61.77323677782793,0.8276898455481696,0.09387885296692158,8.599957870070678,85.98596316660249,9.602249179746549,1143089.301512436,2653392.050163826
848,0.21326744319704946,4.871197369250202,0.21326744319704946,5.454714666759957,0.15611717375803483,4.397248898289219,0.15611717375803483,4.9807661957989735,0.16375952276757205,6.553538892833563,0.14798040909633228,5.501502702335023,0.15265682685369988,4.552700347784041,0.15265682685369988,5.136217645293796,0.3707235041425098,0.8430517753308736,0.24981606245798801,0.8567690215676405,0.49514730589359546,0.03310801070648146,0.3882154455514087,3.331586417077986,24.970659879899042,1.8141850054864408,1.3214875581794467,142.47513017827492,74.35311283919205,0.9043621228198108,0.10668234714920219,5.489809350115328,78.95352168635232,29.82630620871564,2189521.91881587,2709148.195108029
849,0.2074151053390359,5.23724057165306,0.2074151053390359,5.839093839177212,0.15026483590002127,4.683082632322187,0.15026483590002127,5.284935899846339,0.1630736940433216,7.881127984763592,0.14658400975870825,7.0127453905939285,0.14680448899568632,5.462137774871176,0.14680448899568632,6.063991042395328,0.2617545696968798,0.7472904282682734,0.23792874210207568,0.8824939983477446,0.8532081769080615,0.04053165368143041,0.5124735193502459,3.6789526957872187,28.3199358529653,1.266563902600543,1.4307437067429767,156.1776498791715,76.76471482464723,1.0616068191693668,0.077171570931553,14.28478411675554,112.62889889169,13.496210231471528,2316967.083875624,2807513.6328433687
850,0.20771794494956836,4.786286222938777,0.20771794494956836,5.257476508299855,0.15056767551055375,4.399559621813653,0.15056767551055375,4.870749907174732,0.1604176100805548,6.516974868271233,0.14508286604676515,5.464279458936627,0.1471073286062188,5.217164979279113,0.1471073286062188,5.688287198413632,0.327132863314153,0.8082688572188832,0.34129044152396326,0.9752031502613889,0.3307691959626205,0.03754288374572423,0.9625956664991007,3.3775842904028037,30.452317354120204,3.651146111966623,1.7752067466179289,144.5697999179979,89.07568372428682,1.127488938860469,0.06880064292427521,14.386266032247624,84.7110535731224,8.640953422969421,1176046.0202699704,1778128.464478873
851,0.20993450062084515,5.606160763644692,0.20993450062084515,6.313580359959563,0.15278423118183052,4.690667010549483,0.15278423118183052,5.398195761860041,0.1629180966819125,6.807061614549002,0.1464973340727657,5.983188592993526,0.14932388427749557,4.7712058853774595,0.14932388427749557,5.478734636688019,0.25768232845778094,0.8023161747367176,0.11325653048265279,0.9036066471414619,0.5493366804642547,0.034712644698251124,0.6295059145852007,3.5604491674472856,29.681189233593532,3.3380464768665847,1.762194871279563,179.5883634632685,48.70841449221997,0.8011197538444208,0.06784835390918559,3.7995637299266365,94.00458840233387,18.683301515775945,1215605.0808249807,2540334.430233673
852,0.21465946836585328,5.771498357855146,0.21465946836585328,6.189029016620939,0.15750919892683865,4.815608559815128,0.15750919892683865,5.23313921858092,0.16474576205361338,7.526188002056442,0.14943950729748182,6.371705091977814,0.1540488520225037,5.080929186375462,0.1540488520225037,5.498459845141254,0.3896089583269186,0.774111011662937,0.1896685727714683,0.8081400902624153,0.7875855990438918,0.02805841514881998,0.9332919657519543,3.2160970050119513,29.701229650925995,3.674211671110594,1.4797284443693062,177.53079868694422,40.89473065836898,0.833583227634957,0.06380312187836074,7.918922005667936,45.86990815420154,17.8640391155864,2464793.1578250322,2302891.5353885964
853,0.20461295380926892,5.1930161514945485,0.20461295380926892,5.9555829935321585,0.14746268437025428,4.472390462501338,0.14746268437025428,5.235090909960281,0.1587686922087705,7.746825085667437,0.14552692441643394,7.043014203959992,0.14400233746591934,4.632620376085597,0.14400233746591934,5.395291116603138,0.2935871300156294,0.7079232619986644,0.394010654355172,0.913741838980978,0.9127417689081081,0.036214693727541145,0.805820975775531,3.0346064885832664,25.831251349724997,3.4287244599599354,1.7393725939384677,165.26788053267435,62.15808155208909,0.8549594347628489,0.07244512920510493,12.49328124232852,86.86239531869575,29.289988014137535,917083.5350228125,2588406.073919358
854,0.21361539780523656,5.055778745914782,0.21361539780523656,5.388889358482294,0.15646512836622192,4.526656180509685,0.15646512836622192,4.859766793077197,0.17012602058914134,7.001166879457784,0.1482455497065675,5.6338792853038155,0.15300478146188698,5.3509630970401,0.15300478146188698,5.684073709607611,0.3673557522697413,0.7398098710892352,0.11975994659263833,0.865944007119731,0.5937017124101283,0.038336545448393024,0.8828084569682906,4.601053995663769,25.770967443621814,2.1374687959293146,1.9471875605391475,149.362312864273,73.40727823690412,1.0845504483872717,0.09963789268501022,7.733567980472234,61.1137745193291,22.771515811283596,2294115.0731813163,1980713.3087025308
855,0.20781110327449837,4.772644251868881,0.20781110327449837,5.407844347529704,0.15066083383548376,4.3285949276289415,0.15066083383548376,4.963795023289766,0.1627500485340717,6.61184730808026,0.1469494067172898,5.628553176140547,0.14720048693114882,4.703082474241158,0.14720048693114882,5.338282569901982,0.28951519169945106,0.8073906227196086,0.36528239051872624,0.8095944816855019,0.46831994227055673,0.04030522965379897,0.2104313950926768,3.537202844727168,22.463378726331243,3.4844067862418733,0.7704826790364965,140.6304434782338,76.90833479029052,0.9788380862306116,0.07946911789671982,11.491720007898547,59.03120350324845,13.959907496986641,1970129.5645945107,2780596.153130304
856,0.2072123399817599,4.792276821827073,0.2072123399817599,5.336717118497121,0.15006207054274529,4.349294255272271,0.15006207054274529,4.893734551942319,0.1673789656343441,6.841281674761832,0.14705096331807116,5.748819856227398,0.14660172363841034,4.678212227668539,0.14660172363841034,5.222652524338587,0.1759898037567466,0.7878117128020038,0.11626850911731784,0.8021111403335353,0.8558158208166651,0.03435518007267219,0.4276181235646883,4.583091254360603,24.28543776727792,2.0665760088209604,1.4939980651468652,140.12963937523912,76.48315094399752,0.9651755336328791,0.094770595436669,6.515334524472642,68.97116245845825,26.658776609191627,2077191.7108558363,2536367.998146534
857,0.20711573362745492,5.190356577195495,0.20711573362745492,5.622762058054389,0.14996546418844028,4.592804632768127,0.14996546418844028,5.025210113627021,0.16715834251247594,6.550243557640808,0.1446042542176065,5.255508181214067,0.14650511728410534,4.583020006026251,0.14650511728410534,5.015425486885146,0.28237482420550497,0.7780166586135598,0.26372775889656996,0.9958104314787032,0.4860289284588083,0.02711531952973669,0.7044362827025368,4.996472810322842,35.62955784171434,1.9666952302856127,0.6078370031976827,153.4042839011,67.76981883372149,0.8306225615833964,0.08381547489101376,3.361056333038909,104.62637016786721,12.025476484542843,2115544.828757977,2106117.41725395
858,0.20803739874079924,5.291289540263242,0.20803739874079924,5.673196982148725,0.15088712930178463,4.606898006854332,0.15088712930178463,4.988805448739815,0.16422619728202992,7.885660737898366,0.14694631532249286,6.644190273215049,0.1474267823974497,5.122308099072716,0.1474267823974497,5.504215540958199,0.2781220850082875,0.79011627967026,0.295961120411468,0.8472199414485603,0.8843344069458399,0.03422330225560499,0.8489624692250661,3.845342758381297,24.296380017810893,1.350138645287325,0.7486603677166492,158.609747508303,60.52687781567296,0.9544201647611594,0.09670109832188906,13.193403502408364,80.29862773141659,10.877440932493684,2469262.8148262827,2239205.7775656315
859,0.2106823017773952,5.363708996754272,0.2106823017773952,5.741802474159314,0.1535320323383806,4.615315780939049,0.1535320323383806,4.993409258344092,0.16841567401538138,7.210206889925192,0.14708299346411163,5.771520167806687,0.15007168543404564,4.886111995699266,0.15007168543404564,5.26420547310431,0.3597419056167362,0.7473667976005289,0.24201999769771954,0.8660109710233945,0.6833302025437273,0.027088822127001762,0.9039319710210632,4.61582389271648,22.23794606493051,3.601511517178335,0.6848585927989033,164.92573736816402,57.71765593555542,0.876109852037431,0.09631948774284081,7.608529525198249,55.41789954567793,16.054173714466483,2115284.774911181,2058566.0910588205
860,0.2040382739410947,5.564404801915974,0.2040382739410947,6.238967359520445,0.1468880045020801,4.643235881593885,0.1468880045020801,5.317969225729557,0.1606154212375988,6.830479725420354,0.14490697488288345,5.894677615237172,0.14342765759774515,5.753181241174444,0.14342765759774515,6.427708799255459,0.2263857878471948,0.7131364841795195,0.3384929344598912,0.9361951312095469,0.4731126169049996,0.04096803566871224,0.6355432118088153,3.6197354858143016,30.8329360337926,2.9563860565229265,1.5640198621499397,178.64400244633856,46.75781788526619,1.04520041665958,0.10898901598855064,5.838010512505651,116.37531028005422,5.376850444067703,1051399.4940102499,2334505.7832509563
861,0.20999667953960546,4.891477830523494,0.20999667953960546,5.374884048937351,0.15284641010059083,4.27886910102461,0.15284641010059083,4.762284255266799,0.16486827058603937,7.48155358357077,0.14661916379189757,6.373150200365467,0.14938606319625589,4.891303804599565,0.14938606319625589,5.37471005527817,0.39599036955297856,0.766024017902136,0.2957095269455924,0.9420123486548823,0.9295293473691133,0.03875693693281731,0.6514561557820249,3.9362273219748865,29.034129526847497,1.5748954555644863,1.9263977635097262,149.52191758887454,61.635200637726264,0.9999502157259701,0.10507862561010006,11.799509779299504,66.328414554132,2.1690999983056933,1173632.613511242,1822176.8017381579
862,0.21237871330701957,4.6745870392948605,0.21237871330701957,5.415863752214034,0.15522844386800494,4.027720463163495,0.15522844386800494,4.768997176082667,0.16551014026583202,7.216884264861475,0.14683229175173607,6.218243297650344,0.15176809696367,4.091124774900531,0.15176809696367,4.832401487819704,0.3941926147402226,0.7829755182230419,0.21431933616623672,0.9308312386164841,0.6670874998344993,0.03395168113664207,0.4490310563432921,3.935015589698577,22.736939218492147,3.2882489692586683,0.6915064785909109,140.27129573284088,47.58404772419502,0.8220460717032962,0.08784481516868237,12.65597329537697,91.6485249543122,29.95524627261758,1433793.2638138519,2821657.934097441
863,0.20628349836141013,5.581649606653088,0.20628349836141013,6.197557948965543,0.1491332289223955,4.90230004019158,0.1491332289223955,5.518208382504036,0.16765456847521848,7.452920514620742,0.14537431611738708,6.320189518031127,0.14567288201806056,6.163856747462786,0.14567288201806056,6.77976508977524,0.28597833154665975,0.8221331374192877,0.37637195118403,0.974233265187221,0.6470454726859636,0.0429558195845165,0.7977297620794741,4.993368167194624,28.56415881158992,3.4548279222785414,0.7861912172193933,172.36475951490243,75.08091458835855,1.1445082577367882,0.08070060333281258,8.925550729477099,42.10624956390764,24.503394828693768,2107983.1149056796,2737491.3752344623
864,0.20469600285806694,5.2020900362178955,0.20469600285806694,5.704969284790823,0.14754573341905233,4.7383523137270664,0.14754573341905233,5.241231562299993,0.16138892162400445,7.150344611997392,0.1446400010131494,6.0594893507959835,0.1440853865147174,5.468165278051497,0.1440853865147174,5.971044526624423,0.2099616599924954,0.8335861474950043,0.37564116729383346,0.9393281781811332,0.381713538175424,0.0328371168245208,0.2608889762119111,3.830572558315156,34.84234915707006,3.057309660688906,1.8269475897577736,155.62218865425803,88.97515124708939,1.0731470071853777,0.10291221908160417,14.777804678292261,64.73291234053082,21.815654876435083,1913761.1353208655,2222179.7801396768
865,0.20689861362577341,5.104629494434199,0.20689861362577341,5.6565949630996455,0.14974834418675878,4.497643866210136,0.14974834418675878,5.049609334875582,0.15906787894843719,6.6206956211816825,0.14547468096134794,5.545443838770053,0.14628799728242384,5.583924927524827,0.14628799728242384,6.135890396190273,0.32243231661556604,0.7318307324756549,0.32039192117668713,0.9351521505149034,0.5309807141608451,0.03632015335608674,0.9444897385655258,3.0323892185273627,33.59570930530065,3.607053528979677,1.1908586749992431,150.17642429368212,63.14241630456834,1.1365416498943386,0.09466125068902101,4.0971338291623605,81.69231959757728,26.92249284186328,2140642.787255098,2507752.713905441
866,0.2048986504303275,5.128829843246489,0.2048986504303275,5.616810205115183,0.14774838099131288,4.3563963321619665,0.14774838099131288,4.844519904724193,0.1597530348311375,6.2673830220920905,0.14485049066399475,5.355272400163922,0.14428803408697793,5.467340848767897,0.14428803408697793,5.955258450029788,0.1907943045591333,0.8079735989999193,0.26582612467984634,0.9757305920579546,0.5122563186981063,0.0400136322103991,0.5785762048041891,3.390542157038041,28.0622747992851,2.181912166517352,1.8888524771850304,161.30938825097945,50.84574593716782,1.0897627681522777,0.06585097602970162,2.9011810030460072,66.87772854002588,28.157813311551287,989843.5815809385,1754545.8884901665
867,0.20783252544998534,5.32449572141412,0.20783252544998534,5.970434659271171,0.1506822560109707,4.472866531801036,0.1506822560109707,5.118805469658086,0.1658934712114273,7.209600696471561,0.14504869203334717,6.1544017046648545,0.14722190910663577,5.125196321104479,0.14722190910663577,5.771135258961531,0.31082271602480915,0.7336601597862741,0.24091989313962683,0.9650701800930839,0.4481965452850892,0.02905996048474206,0.9202225706664462,4.59340741244541,30.86911604673056,2.338242339151904,1.7866369864673928,166.0406471559885,44.04491979201517,0.9486482569619487,0.10940388956389877,11.90374414750483,99.60990698699543,12.562175434402338,1371335.4613478195,2414236.4977734294
868,0.21015470868876765,5.3691416249374475,0.21015470868876765,5.989800130045915,0.15300443924975302,4.713935826747608,0.15300443924975302,5.334594331856077,0.16102969928766692,6.858108597813017,0.14620656296972107,5.8086267956493804,0.14954409234541807,4.939918929159841,0.14954409234541807,5.560577434268307,0.41396218758737957,0.8035990793293409,0.34242329287134704,0.951774569150786,0.672148252862542,0.03799696970873746,0.4998549460132693,3.186170928046179,25.306405450950734,3.109394437931806,0.9604885818294715,169.42104486562056,75.48451190634984,0.8916125654421113,0.09985468676373502,5.028928780376047,90.79814582391101,16.51140178484279,1403360.2376750978,2405395.354295987
869,0.2134890766521443,5.1128611040947165,0.2134890766521443,5.690995373768117,0.15633880721312968,4.479851445594328,0.15633880721312968,5.057985715267727,0.1698811410374137,7.249615116751154,0.14723434645553085,6.116293921024369,0.15287846030879473,5.315529051319533,0.15287846030879473,5.893663320992932,0.39944120683860074,0.7529632209987879,0.15099333632746176,0.921433397386753,0.6213632053442999,0.0352423320972414,0.5995434291489112,4.7258926032963124,31.766284029404606,2.4472668914538365,1.5556612713105258,153.449953973751,62.73749458399746,1.056504354913683,0.08810716193463862,9.642834532805255,84.68080563009056,22.11681744238617,1817614.2222438818,2435507.4985984406
870,0.20839388536403863,5.232022191200788,0.20839388536403863,5.837949714520238,0.151243615925024,4.39560663133252,0.151243615925024,5.001689227743302,0.16190946538631973,7.018530273189408,0.14587931171448565,6.030185289400456,0.14778326902068906,4.729282552932338,0.14778326902068906,5.335303285170394,0.2959671085111985,0.7567044686952321,0.21781636474436317,0.9449640388308642,0.7707047106037098,0.03382751531413306,0.29285520370656787,3.515886140726825,30.51521695411949,1.1831637222681555,1.1338108879279636,165.00950268498795,45.215271336517205,0.8696781425083769,0.10744313811875167,8.103925903738844,64.16407471038332,8.45217227277251,984654.530580312,2089077.0713462685
871,0.20855079084938088,5.322129116609189,0.20855079084938088,5.7292189640779725,0.15140052141036625,4.455748882564449,0.15140052141036625,4.862838730033231,0.1663109301583403,6.743603728766533,0.14584230825968134,5.523281211980039,0.1479401745060313,5.560202904052724,0.1479401745060313,5.967292751521506,0.22777437748416984,0.838914764023726,0.12627507793590326,0.9458615012633111,0.520609764884303,0.039854254015834666,0.9884892317523495,4.483794830453309,25.233038911262177,2.642299687536226,0.6331649583779138,166.8140331619022,42.943940964961975,1.0610580054551613,0.06355494843299465,6.986835902448952,89.36519038924743,11.760786744375455,1487946.0905326775,1793374.4823972937
872,0.2085311200325996,5.361383334002396,0.2085311200325996,5.897777125269883,0.15138085059358497,4.649052133858565,0.15138085059358497,5.185445925126053,0.16159423035539122,7.441466156318991,0.14642283555267194,6.535343462028479,0.14792050368925003,5.775496211756951,0.14792050368925003,6.3118900030244385,0.2780410895528499,0.7829486767189516,0.2293791367282558,0.8991282565169908,0.7536600809821177,0.03496260118962719,0.6087117220262859,3.3390210320433855,34.653644788917745,2.8159098032834473,1.8388933621306989,160.8821623184349,58.9907637020878,1.1101220928096924,0.06152568971265594,9.863719878896038,81.40704237267488,29.276027060816705,2134433.6277658693,2451558.2244520457
873,0.2128137232736655,5.235942912962843,0.2128137232736655,5.835649083023031,0.15566345383465086,4.4141988684319555,0.15566345383465086,5.013905038492144,0.1627381014326412,6.573327654844725,0.14793455237383824,5.638203805104729,0.1522031069303159,5.365598494168604,0.1522031069303159,5.9653046642287935,0.4338303982471163,0.8407832863793678,0.3450348817372084,0.8654940038906845,0.5384494609420875,0.03805618887374323,0.7725339162092812,3.134420636979459,32.9429873176233,1.475428667606094,0.5220073719565468,157.69634385134626,40.20174586511998,1.0351749271671433,0.06154716725323272,3.431232289780891,115.87452676964516,29.96652040876996,1907755.1055967752,2543659.2216769243
874,0.2063079992252402,5.569008267098335,0.2063079992252402,6.049533328008037,0.14915772978622557,4.765534327213395,0.14915772978622557,5.246059388123099,0.163973219055972,7.712344906644229,0.14583624128470943,6.482078384648733,0.14569738288189063,4.852698424211393,0.14569738288189063,5.3332234851210965,0.2990510952156872,0.7206318847920461,0.3213246815694054,0.909958986721097,0.8782060322374667,0.033455494265995235,0.5316638225948278,4.084745188544758,35.225542221558825,3.7218536292832916,0.5114465351857522,169.52957767076254,54.59681179565765,0.8192330402904332,0.07027152721585118,9.602384808828216,101.45966658301168,9.978744033528619,2142645.892572761,2275775.8974759644
875,0.20867650596971224,5.037630042730877,0.20867650596971224,5.465389967540907,0.1515262365306976,4.572701939166021,0.1515262365306976,5.00046186397605,0.164201528679748,6.54723932049165,0.14598064804209798,5.281532021480244,0.14806588962636266,5.1330772023621485,0.14806588962636266,5.560837127172178,0.2631224561245838,0.833342293097961,0.21216669578315883,0.9400487881476501,0.6220583667180507,0.03803994484070987,0.7988566225797027,3.9875138075991026,30.9665208533783,2.5679738379296593,1.0122040979643216,154.16976364491455,87.38367331873717,1.0264866734568185,0.09677134956737862,4.634484703990869,77.76186549675495,9.758923918779551,1312263.9810303734,1706402.9742650643
876,0.20807327303806977,4.855418643333227,0.20807327303806977,5.386294083439049,0.15092300359905514,4.293202058143917,0.15092300359905514,4.824077498249739,0.1646618765529089,6.261037312420556,0.14535482027619787,5.15993386530854,0.1474626566947202,4.257655170970157,0.1474626566947202,4.788530611075979,0.298834354774818,0.7607578042807249,0.2541132944482507,0.9289504061239154,0.36143082485127453,0.028949767274765694,0.902062071949141,4.258684724545748,31.939166316491573,2.2803796157467513,1.0313146872678014,141.27835049943138,60.69444862796863,0.8189838297349221,0.081520269763872,4.902396691882241,58.96848510847113,15.936533057040418,1968763.613723896,2368370.587114808
877,0.2134365855307634,5.42795930772916,0.2134365855307634,6.082060198498791,0.15628631609174878,4.676241374091796,0.15628631609174878,5.330342264861427,0.1637496371944485,7.115624293883426,0.14810855680936047,6.207875661550584,0.15282596918741384,5.476145630508805,0.15282596918741384,6.130246521278436,0.34269766758712106,0.7665906207554486,0.10473634409795032,0.8729696388654554,0.5458934638421943,0.04112697380598525,0.5556452932657638,3.2884305738216564,30.324671231599083,2.038129457220795,1.2379396149945303,169.17951686660524,61.583223082437726,1.0121853952319917,0.07913602005021213,8.114008799619864,110.82169447273394,26.480109765920613,1570331.7688204113,2554910.561704477
878,0.20537138254263082,5.3983331125907155,0.20537138254263082,5.634887775199185,0.1482211131036162,4.5623075833469136,0.1482211131036162,4.798862245955381,0.16517741601313396,6.836342886440668,0.14568292366696176,5.536119719844881,0.14476076619928124,4.94341663244395,0.14476076619928124,5.179971295052418,0.17667723440522085,0.8143884936308126,0.25759195892408376,0.8599011798314452,0.5704291119333603,0.03614185938501995,0.2659486708917581,4.453413351053951,33.1639767459017,2.715499082567854,1.775290736468103,162.07237740696826,42.46286744312984,0.8799156857260427,0.07720020237742967,5.062303689350174,58.14297732649018,21.49073226127265,2250328.3624888286,1593111.0337517671
879,0.20558934681554075,5.623709248944969,0.20558934681554075,6.273373896235982,0.14843907737652612,4.989494915752435,0.14843907737652612,5.6391595630434495,0.1617328098763619,6.891536226024024,0.1453161621616997,5.9646305716624015,0.14497873047219118,5.402446010442856,0.14497873047219118,6.05211065773387,0.2347969129679291,0.7046240420293336,0.2566590939568707,0.8889083723780776,0.5101932527129998,0.031172298123226683,0.8215148839698843,3.731641592569871,35.41006687519456,1.8836402616245804,0.6824718817215873,174.0822630271654,83.23770137393501,0.9456226103392058,0.08016848589074407,6.546886668477613,74.21355080466452,9.86505787002156,1832183.749386093,2633099.5090284008
880,0.21569976775117003,5.086252503038883,0.21569976775117003,5.721516133628998,0.1585494983121554,4.252936440094408,0.1585494983121554,4.888233365693655,0.16299820098037063,6.636713718502095,0.14651620591745093,5.721955470468595,0.15508915140782045,5.3730110141680445,0.15508915140782045,6.008221479214291,0.4216909482208918,0.8077671281803467,0.10847522913450608,0.9780429134020606,0.576825162609086,0.03104913288429486,0.30021347720057767,3.3275481213613403,22.355218143984963,2.2715959900336866,1.4548137839285018,159.8169749765004,40.66733936438436,1.076749666905377,0.06345299757038828,6.295801164857863,91.7183962793077,21.63620154228246,1185016.1578079802,2367878.7387986295
881,0.20880194313603292,5.813942300075927,0.20880194313603292,6.004279013398641,0.15165167369701832,4.85091933023332,0.15165167369701832,5.041256043556035,0.16052165591669956,8.149133486501054,0.1460286040135954,6.745254472791358,0.14819132679268338,6.202252567942552,0.14819132679268338,6.392589281265268,0.28304078718390974,0.7632547564948821,0.16460612108279388,0.9618225705908114,0.8097420612558857,0.03955078002596692,0.496612990246754,3.15766453372754,29.13193730607012,3.427284126961598,1.3114789894322625,179.81528985085055,42.066988921509264,1.0923880651805893,0.0828009453815652,13.423454347232965,53.221466859217344,10.327850216000375,2424536.309877909,1578219.7712629614
882,0.20416237538725698,5.493684923467266,0.20416237538725698,6.190089081220224,0.14701210594824235,4.601838958122345,0.14701210594824235,5.29840846587293,0.16592784286446427,8.24454490805787,0.14497957605346098,7.146766801511503,0.1435517590439074,5.223189318618946,0.1435517590439074,5.919643626789529,0.2175446658299655,0.7413355229341294,0.3270842940165887,0.9707932302508508,0.952689583055305,0.03204207753939363,0.46909423505827946,4.813044549092846,27.655989136117967,3.4325467045103535,1.0475328458929325,178.07494768729134,50.378084954519764,0.9350258695725349,0.1073042406264226,13.17693742982513,72.85465471102594,8.986152966547648,847629.6563502423,2324173.4714382878
883,0.20768025391926445,5.4449542838021445,0.20768025391926445,6.089755800798526,0.15052998448024982,4.555448123149652,0.15052998448024982,5.200414556339262,0.16427840016462408,8.164526115540912,0.1456001968150399,7.143569456574955,0.14706963757591487,5.498670145236487,0.14706963757591487,6.143461703206414,0.269056822136718,0.8053726000406713,0.23006916965224455,0.9922882837203384,0.9654835362814904,0.036691776334226905,0.5742359199463645,4.110661201736894,31.391893833501445,2.7778214866922823,1.4528910230872611,175.14809511054324,47.83501961676451,1.0131183802421084,0.09726915865398983,12.497920333476145,65.70353616015267,21.33445865968433,806076.8958429162,2109146.4785934733
884,0.2057111747089674,5.346878284798048,0.2057111747089674,5.8855011098702885,0.1485609052699528,4.639626494367071,0.1485609052699528,5.178249319439313,0.16484035040284623,6.609465455706152,0.14692944290666785,5.506853022585536,0.14510055836561786,4.995006359092087,0.14510055836561786,5.533629184164328,0.2260112529119816,0.7336714923842578,0.30704613724844654,0.8005898588018635,0.9652091595724666,0.0429429338577257,0.6303752662330507,4.09625078004278,22.69476114713571,2.4227591496394076,0.6967451648472158,162.85144569268545,61.540563942593266,0.907560707160888,0.09029469850937899,3.0192811303757514,49.99707048911324,1.4958759978172897,2281431.080472189,2641993.1890234454
885,0.20925314343470106,5.058033597207146,0.20925314343470106,5.453231829249078,0.15210287399568645,4.272064248533085,0.15210287399568645,4.667283808656315,0.1672243314836368,6.767828731872514,0.14611592618818506,5.327710036669275,0.1486425270913515,4.971965046563597,0.1486425270913515,5.367179235884239,0.3587058904024303,0.7980922530836895,0.33889241450494895,0.8942987630053996,0.4383250066694159,0.02972030191867168,0.210271960533996,4.617131653847275,32.6371660650618,3.7181488146465,0.5351486819018528,155.35408845131525,42.83173820044696,0.976302371270757,0.08805390229219968,7.454083863977006,42.98185030377927,24.258189232229643,1199489.1243117289,1531509.7854298078
886,0.20810308515610224,5.391764977467751,0.20810308515610224,5.828339739873579,0.1509528157170876,4.488400905018565,0.1509528157170876,4.924975667424391,0.16735626429315645,6.98839901901194,0.14544654289207368,5.634830225639599,0.14749246881275266,5.864274017979905,0.14749246881275266,6.300783311064275,0.3883702189301325,0.7369019682244351,0.3241325459171912,0.9799110199196963,0.7396618885767355,0.03420995022239343,0.47193330457172034,4.80634567822106,25.193905513705882,2.598282256717754,0.5703453010133358,170.95184271891645,41.64948089292297,1.1182332893419602,0.09517434231774155,4.320295669144533,82.89620568044194,28.164387826232716,1331053.3205576732,1797111.590345359
887,0.21222713257445847,5.0554379544517944,0.21222713257445847,5.649488952510533,0.15507686313544383,4.617535770258831,0.15507686313544383,5.211586768317571,0.17135313541003538,6.7127486934097345,0.14863422691126638,5.575508326256248,0.1516165162311089,5.3461640189527095,0.1516165162311089,5.940215017011449,0.34254461962935445,0.8296880433153968,0.27447704736676015,0.8002256576952095,0.7491095469650956,0.028946954594239835,0.336892424022387,4.890413541662773,27.18218065499783,3.675783083165379,1.0375126923230455,150.035464410379,87.222271146613,1.0828998333394846,0.07301168539688145,5.621890964565412,49.02759949189551,0.277596918329861,2140850.703084059,2700969.0561934635
888,0.21034385341741638,4.86870150515985,0.21034385341741638,5.494762484434109,0.15319358397840177,4.198733806211798,0.15319358397840177,4.824794785486057,0.1672047159262643,6.161301140317043,0.14573972855857562,5.112594311072571,0.14973323707406683,4.21372971116112,0.14973323707406683,4.83979069043538,0.30135957210454867,0.7666640269630849,0.127486088516019,0.9442898221632642,0.4677644217482093,0.02718069703546198,0.5323577085062153,4.612924574650422,31.405655236617136,1.3310338925760767,0.9433203722351062,147.60995708282235,51.622915328148935,0.8101675036986042,0.08892489940656606,3.2035766565397674,90.01398424504669,1.3720030219161394,1202543.4008699097,2261227.608973019
889,0.20660166714404235,5.6289505111721105,0.20660166714404235,5.919410067347459,0.14945139770502772,4.767990646373977,0.14945139770502772,5.0584502025493245,0.16649430039253152,7.579895423555587,0.14629499453578113,6.368401638407127,0.1459910508006928,6.170974163612648,0.1459910508006928,6.461433719787997,0.26310461425437126,0.8024991474351506,0.3569879514277783,0.8590493553630828,0.8346518227991269,0.03324745738500002,0.8907247120640525,4.5569457866258665,26.86024273066093,1.6257145992415882,1.950644918738104,175.88544080216937,52.71221314293854,1.1318414472871159,0.07877910014128116,8.881968988732227,61.37243554439233,25.814307926185176,1974580.0030751775,1671980.6820739587
890,0.20934994754277014,5.655360065060433,0.20934994754277014,6.068666513599251,0.15219967810375554,5.001578696350719,0.15219967810375554,5.414885144889536,0.16307263423758114,7.126473227977494,0.14541304424744642,5.971893561879511,0.1487393311994206,5.194823616729774,0.1487393311994206,5.608130065268595,0.2844648844856036,0.7866762511195027,0.15399072381422865,0.9672544077880941,0.5488943662800309,0.028532730859227126,0.9148057047936504,3.8238844910198746,23.312288784174452,1.3551045483244852,1.05803560152665,179.7428291832623,86.1061745820605,0.8903834702414496,0.08050587998471304,10.068550525865355,58.37824759165801,3.0579122108650414,1750120.6064373017,1966787.7204843247
891,0.214571091689829,5.2466690225730614,0.214571091689829,5.714193456339169,0.15742082225081436,4.5117996208802635,0.15742082225081436,4.979460300880076,0.17281830586554797,8.072190241394278,0.14995138832487157,6.719180691562789,0.15396047534647941,4.87679597607809,0.15396047534647941,5.344388985035133,0.35296484855742266,0.7557168922825772,0.11244247924587786,0.8104170924639603,0.8772640363145636,0.042764824747581975,0.4003392494369351,4.811021847241557,22.819467305971482,1.5973498328479703,0.6852257258841592,167.84396322647754,62.548818668835004,0.9057394331530259,0.10333751860998935,13.932938238816574,115.9316992355957,2.6144342763136152,1005292.2529977816,1741601.7875231036
892,0.20310013602171406,4.85752074839618,0.20310013602171406,5.418529138595252,0.14594986658269943,4.329137797809148,0.14594986658269943,4.89014618800822,0.1608954929789212,6.583630019063872,0.144522020444966,5.410625346662245,0.14248951967836448,5.220329456246615,0.14248951967836448,5.7813378464456875,0.17139968168716552,0.7670740083671641,0.3950983809758697,0.8637215861951,0.34661760565634275,0.030289520145912015,0.7359791545854388,3.828388560753335,35.61939636497192,3.4966165435466365,0.6274694955754053,143.41266768400789,67.55918292146058,1.108231531213476,0.1004228434516167,12.518269565689842,65.29834794607298,4.105623480075781,1534745.1929677287,2194868.4312662464
893,0.20745440098150925,4.971647910000372,0.20745440098150925,5.694466183529196,0.1503041315424946,4.238788051822018,0.1503041315424946,4.961606325350842,0.16642425161062663,6.185596176619189,0.14599286851657167,5.3370478782978585,0.14684378463815967,4.351661395379317,0.14684378463815967,5.074479668908141,0.31052553403952865,0.8219579064900372,0.3940507153389309,0.8754634913760826,0.3501618360493109,0.037462808044382956,0.9970736260235291,4.561989030642095,34.10519167434945,1.175935854187463,1.8188363647727235,147.9978320210921,42.976041882418535,0.8207783362596692,0.10209588244264561,2.0042163691317834,106.11127637315852,4.06744833929607,1638926.1661978345,2766327.2601376837
894,0.20622580492233797,5.559519810634243,0.20622580492233797,6.227641717357503,0.14907553548332333,4.816936968778245,0.14907553548332333,5.485084363076197,0.1615261909342203,6.886540598777612,0.14508919825180272,6.06544843509629,0.1456151885789884,5.839947686428472,0.1456151885789884,6.508017601271522,0.32808619829234037,0.7497865976648616,0.38162014528423416,0.9307774776488049,0.3487070824223831,0.035101551150217354,0.38233765716556134,3.6976062886796948,26.04422435143089,2.7229849609340495,1.7948958835845743,178.01925044261554,71.7632521372145,1.0673809768198934,0.07235038465406714,10.748103476510106,88.46847754016684,14.446645021758503,1310241.2057230345,2500997.03065616
895,0.20846541779264655,4.972393907333468,0.20846541779264655,5.50676689416272,0.1513151483536319,4.206484219915735,0.1513151483536319,4.740999207908769,0.1615958334017586,7.403998802197213,0.14608044676875176,6.373620169091522,0.14785480144929697,4.7718149034949615,0.14785480144929697,5.306225078066378,0.2502512535543901,0.7756907900450567,0.11908777146448218,0.9659685834985945,0.9682521718131933,0.03856234580406631,0.8919078385059227,3.392163085388219,33.87611070005832,3.932071063247268,1.638104292829287,152.6999315033407,43.15384201140817,0.9438137928145256,0.06837514809565207,9.328707935016823,103.62616365202379,22.692413515938163,1008615.0841107087,1854564.9574786767
896,0.20538397529285393,5.266522549058598,0.20538397529285393,5.839763277389218,0.1482337058538393,4.592434488406363,0.1482337058538393,5.165675216736985,0.16190411959409265,6.889830760021856,0.14441366434904276,6.032039070589325,0.14477335894950435,5.7045656136691925,0.14477335894950435,6.2778063419998125,0.18841770059769739,0.7717477511095068,0.16586674534589826,0.9950808679647893,0.5083047513556982,0.028994198321779432,0.35358395830064454,3.952574919090837,30.117058461872706,1.3408435135211028,1.46061436358748,158.77782630123053,62.32166881108223,1.118029501151132,0.06522915184098152,9.445189046990627,94.68561666593436,26.972608798217784,2057258.9003412763,2566208.4019458406
897,0.20586521190396506,5.2809507817074515,0.20586521190396506,5.705283188249716,0.14871494246495043,4.650660801915862,0.14871494246495043,5.074993208458129,0.16682867241117502,7.621006018067679,0.14545510150626464,6.3275085127941235,0.14525459556061548,5.054853865906721,0.14525459556061548,5.479186272448988,0.22851063396198207,0.7153949105420478,0.18342425290211,0.985499548544188,0.9238847277690074,0.04103586812655011,0.45389244841583115,4.808539130743481,35.634062588258715,3.3694049147881975,1.850327202092676,158.50628249205855,68.10958659919667,0.9389744400964746,0.10252377773705304,8.786437770030826,56.428177701322085,12.148285333707276,1947580.6670781511,1988962.5565931904
898,0.21062398484753356,5.561358274182503,0.21062398484753356,6.052936363929082,0.15347371540851895,4.695762638259125,0.15347371540851895,5.187340728005705,0.16541438368182615,7.335179914658227,0.14690353449271534,6.275830187178371,0.150013368504184,5.179570383879224,0.150013368504184,5.671148473625805,0.31993563632422484,0.7818406654033256,0.18819992952715908,0.9088707031117242,0.6316227715358095,0.041002178614573184,0.2239438575493744,3.9835551250166974,34.344925661931455,2.0251469281318535,1.417310648260548,167.66988577260148,43.856463390800464,0.9025839096839897,0.0745989004027538,8.038856037948907,82.99847526351485,28.774861450011457,2389241.2735756375,2448352.113168904
899,0.2068169439402339,4.9781067393081635,0.2068169439402339,5.601189236551211,0.14966667450121926,4.376190699123946,0.14966667450121926,4.999273196366994,0.1620622321896415,6.686048491934936,0.14554449256951565,5.815168445177825,0.14620632759688432,5.382327566899321,0.14620632759688432,6.00541006414237,0.2574122971041597,0.7078919224139083,0.22493021780325925,0.8858502184233923,0.39981939756127605,0.03084846461187016,0.8456530121012584,3.707149732463166,31.790619233357297,2.1175952348805307,1.5309826349786153,147.52102522247495,61.29947989895164,1.1172271967818859,0.07676097077592503,14.26120432560272,44.302595911868664,1.3486231494737233,1839011.1021629516,2588005.0117259286
900,0.2095172461681043,5.109868966009101,0.2095172461681043,5.6646908566085905,0.15236697672908966,4.326211034826014,0.15236697672908966,4.881032925425503,0.16020031860665532,6.371296090218291,0.1461843154602975,5.426482446714913,0.14890662982475472,5.1882872069679395,0.14890662982475472,5.743109097567429,0.35619966505433753,0.8358403155786178,0.343447649836068,0.9279145600348129,0.635063342766689,0.03432966022430837,0.4293012954292701,3.041874979860106,33.285642080338555,1.553553749504053,1.5922402712247226,155.0906757917316,42.83914160438991,1.0216319177411837,0.09920747374825772,2.5433975101171784,57.35280774215643,20.598024846877802,1511904.597614583,2185201.7434178255
901,0.2115852144887513,5.196816003601758,0.2115852144887513,5.686706115463756,0.1544349450497367,4.502378576817586,0.1544349450497367,4.992268688679583,0.1703510305482128,6.505201180249209,0.14783301684508296,5.36819226420712,0.15097459814540176,5.619664736644089,0.15097459814540176,6.109554848506087,0.38096518290629916,0.8487379207994494,0.35215471714843394,0.8364790718901569,0.372924865119561,0.04006649425797231,0.3354092797061984,4.850149829348165,34.42339215869741,2.1282988184496556,1.54854091017189,158.1516213680911,58.72040319813202,1.1143865601458243,0.07984684999400724,2.2461989920436256,56.168800612533126,26.773747917061517,1554354.3667657895,1998635.7102901922
902,0.20774270521781799,4.914474364998366,0.20774270521781799,5.351102239661218,0.15059243577880335,4.300276533191486,0.15059243577880335,4.736904407854338,0.16507584520006052,6.909535502977398,0.14579783513368952,5.71187979407661,0.1471320888744684,4.980762980192653,0.1471320888744684,5.417390854855505,0.24141295385669187,0.7650077888825043,0.14414038798724232,0.9542822292233855,0.8475002101846523,0.035209956082099134,0.7093269341006234,4.256444263792971,33.666966603132934,3.499124281224196,1.8141066044233907,147.57555576510208,59.556028564915806,1.0192171125632854,0.08606223136601099,7.105297545484647,58.23850428693663,7.929258505087482,1380393.917242949,1746919.343330882
903,0.2097316269180543,4.758527067536099,0.2097316269180543,5.444955138213099,0.15258135747903967,4.2961899588635735,0.15258135747903967,4.982618029540573,0.16144245592339326,6.771876231730077,0.14673354915029269,5.958091101023612,0.14912101057470473,4.551236072477409,0.14912101057470473,5.237664143154408,0.2940379366502176,0.7596822814119989,0.1667769254694061,0.9040577761417335,0.875438520387769,0.032057789761076316,0.9370769054921233,3.194849563299445,22.822215056922516,1.3098536623777548,1.0409497792835363,141.15412425468352,74.84623020521445,0.9371723986599602,0.07503115398758703,7.519731801589861,78.41531090309374,26.689087257172293,1800792.0600877858,2847245.9047979256
904,0.20710744579846344,5.0868043380475365,0.20710744579846344,5.433433201632589,0.1499571763594488,4.4241412248289915,0.1499571763594488,4.770770088414045,0.16554746682107674,7.277625996686327,0.14510547099488538,5.922143376321283,0.14649682945511386,5.286373733665865,0.14649682945511386,5.633002597250918,0.35065511054604614,0.7102524336915561,0.3062512304506898,0.9725922647104673,0.5193311838080401,0.034807317072340006,0.5022293172459703,4.538193894275214,29.776547811409365,3.1604970732352315,1.9416661837501912,154.8987138714881,59.86896507321843,1.055120068074543,0.10580404702237733,13.84320773591989,86.14280039757165,8.512389154684898,1550268.5433239178,1590242.970610281
905,0.2138097829471903,5.412794460530635,0.2138097829471903,5.768806959700155,0.15665951350817567,4.743586481395096,0.15665951350817567,5.099598980564616,0.16444780382176372,6.5595099047765615,0.14869712837196275,5.40776620333368,0.15319916660384073,4.8010967463669845,0.15319916660384073,5.157109245536506,0.36969851715805924,0.8330603917640798,0.23444374859880393,0.8306281629383786,0.6490534128593382,0.031057437894814348,0.7572174037903558,3.3227424061340867,27.669115858469628,1.2082241672568799,1.6149049501044337,167.14092039937046,71.2777463093471,0.8434267078704136,0.08581971479839443,2.8060821926111235,57.155213137254734,13.622404906573722,1871827.7893679005,1812503.5215563625
906,0.2066410800053666,4.924823191134037,0.2066410800053666,5.314991800069022,0.14949081056635197,4.495909596437628,0.14949081056635197,4.886078205372613,0.16340393563663985,6.444196256171815,0.14517765531444937,5.249470959176959,0.14603046366201702,4.7932142578521315,0.14603046366201702,5.183382866787116,0.24477615965305688,0.78417658606431,0.25720537042344493,0.9398957241081835,0.34325595752457383,0.03686566323005473,0.9100905857822921,4.079009833019696,26.831477842503975,1.3442030473329143,1.375372302055909,149.11277021688596,87.45777932007664,0.962239812210802,0.09773926365512772,7.5946567880360805,58.79543870873435,27.769417610386537,1517208.8920569113,1736283.2752999014
907,0.20772432565551113,5.242290297670437,0.20772432565551113,5.639191912777758,0.1505740562164965,4.425912249674532,0.1505740562164965,4.8228138647818515,0.16100959891292083,6.669886657669593,0.1448624596428972,5.5191391118851305,0.14711370931216156,4.542520128335305,0.14711370931216156,4.939421743442624,0.3005039274447906,0.7485793107356046,0.23292810246949736,0.9883551274636031,0.3674744404511556,0.03368857734587504,0.7904592273964586,3.551983835487577,31.59349749383017,2.906423281442698,1.3048682876089437,158.33803423176562,41.56836379403194,0.810925138467332,0.06960792553249254,8.293954309006407,80.07235301029347,17.196671616833385,1913685.8320233384,1928127.9285501267
908,0.21026360438560165,5.241324274062417,0.21026360438560165,5.887205722865828,0.15311333494658702,4.424007371755744,0.15311333494658702,5.069888820559155,0.16350769021584594,6.420358805893262,0.1462465269698662,5.413698422507033,0.14965298804225208,5.152745634325149,0.14965298804225208,5.79862708312856,0.3602119812490716,0.836465224595444,0.3084628657122068,0.9391141186241658,0.4738387256097197,0.04044914032409084,0.6195327933622363,3.7133849355000628,24.118969393601247,2.9616729188979907,0.9390644520748153,158.57449389235038,41.6043723579738,0.976102124859191,0.08292061202053878,2.69335193666741,49.55495195696939,12.91320848411317,2189036.594081456,2914129.957567418
909,0.20977240066230052,4.998906076704186,0.20977240066230052,5.742697774116379,0.1526221312232859,4.268471741067887,0.1526221312232859,5.012395219196889,0.16573351513914628,6.9849174270797665,0.14640161087074377,6.109492764192658,0.14916178431895097,5.013234105627215,0.14916178431895097,5.75702314659464,0.35152101689254145,0.8109914349442842,0.3048015989652116,0.9190705681102883,0.7952252276072063,0.030518312969492624,0.34574669913011213,4.192284786252514,32.54197676336148,2.008627152635797,1.7093838009482532,153.99292536732176,49.356595112710934,1.0039798689222734,0.09794202948177431,7.122839377484822,82.04175208232331,20.89320957340067,1042956.9627626911,2530728.6074259314
910,0.2048450822226128,5.1324449381094706,0.2048450822226128,5.89960940778487,0.14769481278359817,4.31750708132649,0.14769481278359817,5.084822642072683,0.16339660637363437,6.732107373286898,0.14521259787738533,5.909340589865286,0.14423446587926322,4.393936030413582,0.14423446587926322,5.161237421094262,0.22133558669235737,0.7296008481526076,0.2969668124271256,0.9118567411813471,0.4554751032509461,0.04089401948897382,0.2993062230923072,4.1607256161547514,31.635323423539823,3.316319128007928,1.3273521647896183,160.2383225984834,43.66887068280601,0.8028610511996291,0.07494997812555326,9.619864150460327,99.6889783728101,10.15585730634313,1007830.831190289,2596786.0035773916
911,0.20692560549607142,4.844942907116353,0.20692560549607142,5.666708366613602,0.14977533605705678,4.358808839242427,0.14977533605705678,5.180574298739676,0.1664209967014257,6.399536956845742,0.14665783933599635,5.6626068399645435,0.14631498915272184,5.103257359691784,0.14631498915272184,5.925012916522161,0.2623791097676126,0.8306129739861559,0.3900777753726854,0.8127895883231211,0.4661074543736525,0.04137858061314499,0.9910559269026531,4.463174188698561,29.307408766225564,2.323106906020657,1.195160996197113,147.08584823853184,77.41233221168994,1.0751319709149252,0.06943058733243158,8.8678896735097,92.60085194964577,1.2851725516514823,1223144.0514783612,2902299.562137083
912,0.20782480401730208,4.897994028837971,0.20782480401730208,5.641400456817006,0.15067453457828744,4.445328812404294,0.15067453457828744,5.188735240383328,0.16083761498320553,6.734041639575036,0.14592104140202317,5.746388257134298,0.1472141876739525,5.033484482170503,0.1472141876739525,5.776890910149538,0.32381185108909977,0.7224657713655874,0.27099550165818787,0.9223401264872668,0.524953125926271,0.04037925559049218,0.3528794448943499,3.2992491398035364,34.90387835696734,3.24104677910572,0.6601744239958744,143.0372267956847,77.96256550707523,1.0405250192122475,0.10424147235011519,8.693596464555679,91.8672438430165,8.64334061668675,1853036.5372079725,2936172.1083362186
913,0.20993890011705618,5.3518997138923625,0.20993890011705618,5.816259397831396,0.15278863067804155,4.657347030227258,0.15278863067804155,5.121706714166292,0.16393281135623766,6.713375458276377,0.1470085244395316,5.508652429593099,0.1493282837737066,4.619459003754643,0.1493282837737066,5.083818687693677,0.3894613808344085,0.7236218124149146,0.30240068627499495,0.8351328483882065,0.4560077875667006,0.02827681429970407,0.7732021104717473,3.701668461991682,29.88736119821183,3.8778773479484694,0.6605963243986901,163.73887885661608,64.3557504362575,0.8086254080842104,0.06694160099148681,5.189630402238417,96.96050549159453,15.32876783060176,1887859.1478916206,2140040.711940922
914,0.21423264976590486,4.930681511903436,0.21423264976590486,5.6186929192210275,0.15708238032689026,4.373606195427607,0.15708238032689026,5.0616176027452005,0.16943970738498715,6.90418208411331,0.1487766113942769,6.042982223720651,0.15362203342255532,4.563299646653999,0.15362203342255532,5.251311053971592,0.329757497161351,0.799049555463288,0.10788740289187385,0.8314694424761893,0.4337921768396267,0.03709990806339511,0.500341536353454,4.344204371792742,25.647968664101775,1.488731038305664,1.9901061012702739,147.7722429748981,67.94134367874402,0.8936375176910104,0.07755644821087784,14.963662563357705,90.800368475266,2.929312442418095,1784541.5071062483,2817145.824162417
915,0.20595053854674106,4.94020234224978,0.20595053854674106,5.316512888706306,0.14880026910772642,4.313222943286021,0.14880026910772642,4.689533489742548,0.1667230404595646,7.292207219970794,0.14511316487846526,5.936601762331441,0.14533992220339148,4.2616889936987725,0.14533992220339148,4.637999540155298,0.22071350855201416,0.7345045160564383,0.1936022140506744,0.9561752131200952,0.729632508731269,0.03028951902096116,0.6497451500613092,4.8688254423041215,25.309729195125115,1.3526019886193668,0.8353734021945879,147.84776618997634,57.908848352805265,0.8036606975009983,0.1053908963257893,11.026093728794146,116.09143436355141,18.987723661033506,1844121.275274986,1879483.879712415
916,0.2115651091268122,4.953801815922382,0.2115651091268122,5.479165179414998,0.15441483968779757,4.406779354249154,0.15441483968779757,4.93214271774177,0.1637825071674719,6.572546247637091,0.14820382432252618,5.451600511373246,0.15095449278346262,4.992418297641289,0.15095449278346262,5.517781661133904,0.40565032257719247,0.8023589938799248,0.33029429729581317,0.847946359096961,0.806522842514929,0.04106219902289175,0.5209892880119222,3.3478084714557044,27.31054057726974,3.7663738556506186,0.9628826065152425,144.6882983656455,66.29892663593068,1.0114183383866489,0.07597342906379291,4.926471147530004,80.37591827635895,0.9865803096826253,2272153.026264448,2555666.400608142
917,0.21087066168978677,5.426347174190173,0.21087066168978677,6.078284117740846,0.15372039225077214,4.775337729959646,0.15372039225077214,5.4273842513404755,0.1704983932304225,7.09042971713555,0.14756454816138,5.93377578420531,0.1502600453464372,5.337141610432769,0.1502600453464372,5.989095092870569,0.3297957512520771,0.7727736957789269,0.2097444817947353,0.8703864926180946,0.8263908762157451,0.03668337496772228,0.6763961054597278,4.950778115692016,35.5874624420052,2.5006728212704386,1.3825778064336476,170.37952561694627,77.01362054902268,0.9776046617648346,0.10854074026651067,4.5480815637950975,80.07321341801244,3.4194005482264265,1175422.3225221485,2285988.225385075
918,0.20581174915811754,4.956563847772992,0.20581174915811754,5.363051102535132,0.14866147971910293,4.459833864952077,0.14866147971910293,4.866321119714216,0.16236425983697103,7.971202613074525,0.14553268865042135,6.8553058228957715,0.14520113281476799,4.889293857711698,0.14520113281476799,5.295781112473839,0.2804615836637284,0.7153133510142505,0.2885624013952015,0.9779655690606051,0.9077628126110235,0.042272932120927156,0.6425341995273002,3.789368385068107,27.50546815330548,2.102268090028311,0.9905470939519565,146.18493636032176,75.00700018164363,0.980312872429375,0.06810323387289087,15.293397470992183,56.75772284367266,29.24288583635227,2075367.0598066098,2081523.7166918595
919,0.20709397758757436,5.39726201942922,0.20709397758757436,5.9427574816957005,0.14994370814855976,4.530869634038947,0.14994370814855976,5.07652572715922,0.16636416696206635,6.606935547750097,0.1465700565382028,5.529881929018714,0.1464833612442248,5.699315880668519,0.1464833612442248,6.244755341554516,0.2780162270326186,0.7828432130253147,0.3421413884896837,0.8434325904276754,0.9773721366960539,0.028067670410353886,0.7068531669177816,4.4496598010634685,22.981517575643412,1.993877285830961,1.4227557033586253,175.54929483063165,51.55658977403814,1.0735984030419095,0.09231237859781828,2.475080389713409,62.02063855906335,10.893598405888724,824751.9596508719,1888726.6139037467
920,0.2109883708497452,5.464506889834881,0.2109883708497452,5.730626086105555,0.15383810141073057,4.718151697062571,0.15383810141073057,4.984270893333245,0.16388691614580775,6.680045610410569,0.14536444942380602,5.228772014043825,0.15037775450639562,5.738489236198637,0.15037775450639562,6.004608432469309,0.34317099974103393,0.7359267436499294,0.11497934893807149,0.9876276470481518,0.5060649412817037,0.02770048495688426,0.5513936562444641,3.928897230469316,23.68022545321557,1.9829807280283926,0.9388594262966181,166.76240600112283,59.812154954441795,1.0702891098222247,0.10288088394219144,3.5036841795863687,91.07773727655861,1.1150262905742447,2393563.576300577,1844153.3327099404
921,0.20679189376255516,5.18527716199961,0.20679189376255516,5.619091983024363,0.14964162432354053,4.490851306190871,0.14964162432354053,4.924666127215626,0.16416404227856468,7.367595761594662,0.14581478304838338,6.12290522815866,0.14618127741920559,5.650884334972482,0.14618127741920559,6.084699155997237,0.23812906982575008,0.8194285315323195,0.28242267313081976,0.9139253392634714,0.6002101703945659,0.03956039041302509,0.636147893007484,4.1096087932408025,22.86446566161047,2.2631620999362125,1.1414980948450517,159.4623296418976,59.90708840900713,1.1249180432457,0.10498148415137111,12.934327752960659,86.91641450844524,18.524697014750863,1792059.4274911934,2053012.728448911
922,0.20947246220788104,5.322704053583529,0.20947246220788104,5.941296680932934,0.1523221927688664,4.670653533719528,0.1523221927688664,5.289246161068932,0.1643665544737749,6.87705120298501,0.14520410606776182,5.842555017068931,0.14886184586453147,5.425086138752235,0.14886184586453147,6.043678766101639,0.41049337366425126,0.7363165315634742,0.291326626659358,0.9701358920784494,0.37486938802916137,0.02897013417635114,0.48041942915589964,4.143028068291601,30.632450484103707,3.151023674074767,1.6829244124841147,161.5130052320187,68.08016249005479,1.0271194006581996,0.08910991278222981,10.54109705437544,56.090988320520424,2.6043488667817662,1990278.4443399739,2663033.609072487
923,0.2079166243001329,5.5985760641232964,0.2079166243001329,5.945806188959944,0.15076635486111828,4.697261002847044,0.15076635486111828,5.044491127683689,0.1628172084850007,7.074661082550499,0.14662707930353516,5.910964909459023,0.14730600795678334,5.25781835014993,0.14730600795678334,5.605048474986575,0.33715055680628003,0.7812829804275796,0.36138903819834167,0.8842448605407094,0.9150728929814989,0.03589581855353478,0.6688570172999526,3.592532959609626,29.012689457254723,1.0502511442898688,1.778455707521707,174.8902147100909,45.83595016723277,0.9166426690953131,0.10399575702142372,5.239735301008412,69.90012834318222,5.539457531637763,1842709.922101045,1754569.9654081478
924,0.210126627161642,5.179825103562499,0.210126627161642,5.713827209764609,0.15297635772262735,4.557149257485735,0.15297635772262735,5.091151363687842,0.16258831205760826,6.353734606728969,0.14722736070681083,5.320094315247327,0.1495160108182924,4.965183649154157,0.1495160108182924,5.499185755356265,0.3216378496541154,0.8321376068077839,0.3089870211176193,0.8420178537039457,0.5602279320814726,0.03223953987487499,0.34544386559944895,3.3498286269888506,26.86147562454137,2.834049275810051,1.613041142028217,156.30615985409727,67.0634332204626,0.9412509126975578,0.08889643752469543,2.189545458255318,96.5472611278783,5.678380304884085,2024427.6177760987,2453176.4991283263
925,0.20624826365671117,4.928896733213997,0.20624826365671117,5.6134364029567,0.14909799421769654,4.187436220443383,0.14909799421769654,4.872112447342353,0.16400558955980923,7.055409484194134,0.14605323967243636,6.172072365468518,0.1456376473133616,4.3220072554109885,0.1456376473133616,5.006659443657573,0.3140256083875449,0.7483770637338211,0.3904653035392418,0.8638022064406181,0.5924479302399726,0.039098430733727554,0.4421404979306305,4.061985348938343,31.897749163209483,3.373038785710076,1.6746595532085584,151.3648531946229,45.261431207111286,0.8284986068639288,0.07701350065139219,13.25545835796282,92.98983061447268,4.015778995475683,1019709.8321426546,2343604.496295508
926,0.21036551629599143,5.4407699646509595,0.21036551629599143,5.915817650525085,0.1532152468569768,4.5934733795469675,0.1532152468569768,5.068521065421094,0.16714341967106702,7.236012231266987,0.14648662154727193,6.109891065454449,0.14975489995264185,5.113266315243263,0.14975489995264185,5.588314001117389,0.2595834222443654,0.8368859845828559,0.12397159897783717,0.9058689382651075,0.6536589465552594,0.028469572911772045,0.5545137796239534,4.460075038700785,33.74317746888999,1.2954969184704637,1.0336350573381115,165.23714231739464,44.01039228109864,0.9152046409938881,0.079180801762436,8.181329647637629,112.42579339979847,19.430129479498095,2041434.616120276,2217313.143576811
927,0.21280016291892107,5.2814868071891325,0.21280016291892107,5.997796836807353,0.15564989347990643,4.738866514616336,0.15564989347990643,5.455176544234557,0.16454047742887426,7.0764954969927425,0.14547802415621972,6.1831218504347945,0.1521895465755715,4.54108215390792,0.1521895465755715,5.257392183526138,0.35825027089418493,0.8044175990607361,0.11488123406926125,0.99335419520139,0.3602614822206249,0.029869530133967235,0.2789761709825902,3.9607416395185977,22.26847259840759,1.1230281459121945,0.6688210305502418,164.7140152404983,86.97148041915285,0.8076898527587436,0.07216251158733153,15.781280794202827,95.81634593212414,22.33295556084256,1661660.7360913858,2871779.3148583276
928,0.21090672476806754,4.69810870158641,0.21090672476806754,5.466574948726605,0.15375645532905294,4.160347521247232,0.15375645532905294,4.928813768387427,0.1603590077018829,6.70591702010027,0.1462113827507836,5.873522763270027,0.150296108424718,4.389001472063487,0.150296108424718,5.157467719203681,0.31085717559015624,0.7940839149741267,0.13179318348871416,0.9610834160754564,0.6374584761076749,0.03796556243454693,0.9254617156952483,3.0122468322482883,27.727416380033354,3.0140228210892452,0.9736341657760876,140.06869789189358,62.98769297178139,0.9055870242270325,0.07844569892443813,9.390007565387258,93.54807218084468,17.19183718089802,1389986.5381082334,2838412.3399287537
929,0.20921696173975501,5.450041155947392,0.20921696173975501,6.101771911052796,0.15206669230074038,4.7218144990064195,0.15206669230074038,5.373680268767576,0.1613605388644568,7.116478677030187,0.14699178345872999,6.3516498223425755,0.14860634539640544,5.604671179384578,0.14860634539640544,6.256373265779238,0.3160222192367122,0.7618351995050832,0.2642926524466654,0.8570245608658127,0.47956423814313076,0.04123334042825016,0.9929203192579796,3.1551123533001735,32.0359011229548,1.8083256125556406,1.9963385998864926,174.95534246352398,70.72294142183013,1.0378050399619874,0.08021473069248408,12.02296533377517,71.65673363687675,20.448995852469373,835355.1589295823,2142879.4628751692
930,0.20573034765278111,4.895899030042369,0.20573034765278111,5.202907549136867,0.14858007821376648,4.334316491402742,0.14858007821376648,4.64132501049724,0.15816905922576843,6.40123438414016,0.1445081986561956,5.18936957553108,0.14511973130943157,5.260426953241244,0.14511973130943157,5.567435472335743,0.29585280573203,0.7310786843597529,0.3300114677986681,0.9812360932705456,0.3775573591195386,0.03129202713310281,0.6139685320019341,3.075829832552515,29.765507751520843,1.81172078001195,0.9800302891182896,144.2662031877181,63.74182370790912,1.1081010255627446,0.08769974984056142,9.155886540035748,71.61740996012088,17.398779322877882,1888033.7671145434,1649330.2773573752
931,0.20675129376740026,5.252082881691476,0.20675129376740026,5.522127422261475,0.14960102432838562,4.553414236980214,0.14960102432838562,4.823458777550214,0.1658667462916506,7.03537166247608,0.1461474128853359,5.733554835155161,0.1461406774240507,5.4942750136310075,0.1461406774240507,5.764319554201006,0.3118568243029588,0.761999356091296,0.377704310934284,0.861354100036726,0.4109083433424067,0.04260280012030021,0.7675184368534966,4.440681440090896,24.93715280096895,2.5695701970811946,1.3810671005737687,162.07763525003242,62.074037300528275,1.063929388975226,0.07364212552608008,13.68976049452952,59.88369142850213,21.771920131574444,1738385.6485143001,1501772.0296096972
932,0.20736876958386805,4.706790391595251,0.20736876958386805,5.415387100078312,0.15021850014485344,4.0954192807553875,0.15021850014485344,4.804129338645918,0.16838548600346248,6.551374991689647,0.14692685051323523,5.464469372003861,0.1467581532405185,4.1942159599460185,0.1467581532405185,4.90290770073774,0.21278085289442744,0.7258690284919176,0.14258088602870794,0.8264308715810036,0.8772080931554911,0.03503764582995278,0.3053853390203397,4.819572849620523,32.277890359525244,3.4736736250227254,0.7596875407350007,142.42962039782958,54.80464787690073,0.8460641725591231,0.09100651149790577,3.8934908186153603,41.237827591574586,29.26002976531314,926009.0508218947,2363012.996018517
933,0.2068034757508126,5.110049570802968,0.2068034757508126,5.742962753445682,0.14965320631179796,4.515446059004125,0.14965320631179796,5.1483592416468404,0.16568139548781702,7.938596897318047,0.14615355753615444,7.017213436902339,0.14619285940746302,5.444155916087327,0.14619285940746302,6.077069098730042,0.3135154746031417,0.7263716405589911,0.3186849408787536,0.9121484147263428,0.8952467084382174,0.03889159598688904,0.7429128650298769,4.37435633732326,32.49787828417762,2.341277757439264,1.2105602969319742,149.39991166164143,64.2660394884312,1.0956748958321911,0.06779061606592446,14.355658448247231,75.59747320178985,13.57504546237308,2324644.937030797,2871075.2590039726
934,0.2101649007077764,5.316557649054339,0.2101649007077764,6.022618609498326,0.1530146312687618,4.7400393934131575,0.1530146312687618,5.446100353857146,0.16574639894196397,8.190215235256897,0.14715519331216567,7.27769243658169,0.14955428436442686,5.435737001698263,0.14955428436442686,6.14179796214225,0.3416259529256333,0.718869622429296,0.20535373833571327,0.8745402258686742,0.9209776192794665,0.029414409720595804,0.33037753723195373,4.037727049328689,28.254732349981587,1.6862958547455302,1.8966838894419102,165.54196798670918,82.78362207697813,1.0308004118142586,0.10850398947393616,14.05654661538184,56.62098746562785,19.227578342750643,1502705.5024379645,2694843.511666452
935,0.20865441698220208,5.337368184030061,0.20865441698220208,5.729625788504949,0.15150414754318745,4.766592787432849,0.15150414754318745,5.158850391907735,0.16695892462159123,6.9617317891439034,0.14666849745756125,5.968129508510931,0.1480438006388525,5.468153649816998,0.1480438006388525,5.860411254291885,0.3126760251529356,0.8412470931975434,0.3559679984956857,0.8752382559537965,0.6549768732245183,0.03692391197635692,0.7282102103765149,4.475107475508106,35.73132992068927,1.0869531766031213,1.9595800134809216,162.84124347248556,81.12918741780229,1.0343604377742985,0.0630409703380351,7.672629521193569,43.08530852301832,23.75188591211775,1680615.1290042903,1753011.709375434
936,0.20465906931900532,4.8249899174765165,0.20465906931900532,5.5987098626497955,0.1475087998799907,4.330456757859951,0.1475087998799907,5.104268390454539,0.1611787024301079,6.246558602184908,0.14531088171748974,5.4836154416553065,0.14404845297565574,5.286887975286122,0.14404845297565574,6.0605222836502115,0.18883276899170773,0.7965483005764357,0.2746154559533571,0.9689435705708871,0.9479174384887161,0.03869707810875114,0.6714790868842955,3.622659492999191,28.890080606702863,3.6578209161115014,1.199943950013024,148.55489134358425,77.73871897548369,1.1329971297903976,0.06102222663107693,3.699897714522793,81.548883295222,3.792746879495276,921708.2138340223,2598923.4407742973
937,0.20764699503894782,4.793754108805585,0.20764699503894782,5.278096422037746,0.15049672559993318,4.3157040552053365,0.15049672559993318,4.800134999858505,0.1615042917755367,6.982898392892496,0.14630747215541387,5.9900437943829585,0.14703637869559824,4.544720283219163,0.14703637869559824,5.029108767812825,0.3170868077935865,0.785583663477529,0.35040316133471516,0.8887840208111596,0.9537359540419184,0.02862448894936066,0.74459376774254,3.3794274180591515,32.09371400685035,1.3982146516299947,0.7282193461067046,146.23505240453113,77.76653126240632,0.927156644442936,0.06152772122730894,10.109793906591516,54.02317468607312,4.476600843721563,921997.6528518695,1670813.2422628498
938,0.20538199040065366,5.158292213558667,0.20538199040065366,5.963873494905135,0.14823172096163903,4.441617342002515,0.14823172096163903,5.247198623348983,0.16572398522827042,7.124734247067667,0.1447404816329534,6.1863554008716495,0.1447713740573041,5.044868476714768,0.1447713740573041,5.850449758061237,0.22947938477927282,0.8142400835823107,0.32115533203532487,0.9866706338819697,0.4106288842986004,0.03979764993167411,0.7429766281417003,4.7470501820570785,31.74983485224056,3.268410162591792,1.5208299635044122,157.5407275924992,54.815796846172525,0.9691982976709645,0.10434409329865263,13.086898034024015,92.3644296807007,13.98544004924287,1524516.0556409634,2983978.612697075
939,0.21380308503052114,4.664441247714224,0.21380308503052114,5.49598836092067,0.1566528155915065,4.271119811965709,0.1566528155915065,5.102739847740616,0.16486414034464533,5.960322329182115,0.14792906737455216,5.235155748840869,0.15319246868717157,4.233288790609178,0.15319246868717157,5.06491584032992,0.42493457592479594,0.7774250606665138,0.23951884146023092,0.8579551042843766,0.4563729382586976,0.02812733280146969,0.8345195035352269,3.5573887027317226,22.395348641192648,1.4873651488952715,1.805015020277665,143.31931529520477,86.79435608674578,0.87132054014079,0.08895453386665836,2.249587838206313,80.27402738652842,16.752904794889243,970957.8125114536,2859801.2712318725
940,0.20882551869470004,5.120172178010813,0.20882551869470004,5.951682427369994,0.15167524925568543,4.33921704856123,0.15167524925568543,5.170872088538767,0.16049988222817824,6.726413874888804,0.1455864379042901,5.9917378747837455,0.14821490235135049,4.39998310274853,0.14821490235135049,5.231626876579998,0.2866379389466371,0.8458243246376878,0.2466483516070218,0.972456578583909,0.43798473381261716,0.04239063148952359,0.5017372347743212,3.244751495283844,34.328705246586864,3.1173303848795513,1.7991712541896456,159.5348767523436,47.721057590395816,0.8069036891923665,0.09288207276842061,8.202295317965042,97.18918834509739,15.880283025599537,918925.5751576165,2722070.213932192
941,0.2074814722529049,4.877162732245235,0.2074814722529049,5.366523685231448,0.15033120281389026,4.240533593540348,0.15033120281389026,4.729894546526564,0.16315517461852325,6.767008785978577,0.14550915318122065,5.76681141599682,0.14687085590955531,4.23043551748231,0.14687085590955531,4.719796470468525,0.22407870069847302,0.8434107960930978,0.20188882336744907,0.9435564215058099,0.7531532321118244,0.028900083046595748,0.27659002979158953,3.9108692702225163,32.89266128125179,3.0375702734220917,1.9588083095038327,145.54196484536715,54.420369461037026,0.8098936961829681,0.06670135767779803,8.412123990749294,72.03878624459306,3.451229836124056,1472692.7582920329,1969813.4678629495
942,0.20636341749117798,5.002237479070911,0.20636341749117798,5.2655488520186,0.14921314805216335,4.521207231073052,0.14921314805216335,4.78451860402074,0.1678065742595627,7.310203230129031,0.14574809936692557,5.877429287165127,0.1457528011478284,5.22756648481254,0.1457528011478284,5.490877857760228,0.3436740277253758,0.7481837827801326,0.3950879835530584,0.9177100933034776,0.9364540471854628,0.029972765460136795,0.9346577405768466,4.963626250880039,35.34625821171126,2.6098851402394616,1.655057618989762,144.82017642879978,75.72151984763302,1.0665658746962579,0.1000272947051827,7.916057014848219,94.05295668064385,10.971369656337298,2200754.792359858,1626249.5702349152
943,0.2107667204427041,5.318903438874823,0.2107667204427041,5.7258199424037635,0.15361645100368948,4.676795944949727,0.15361645100368948,5.083712448478666,0.1641629851074198,6.725237417447835,0.14610435454395956,5.66766937278284,0.15015610409935454,5.227186430924447,0.15015610409935454,5.634102934453387,0.3142480280671569,0.735403650896532,0.10308296042297832,0.9389522223372037,0.41522108143068787,0.03482117732564736,0.7036372631953676,3.8646884436820397,30.637538491520417,1.431306071121818,1.93444181030697,161.88533047313393,69.94536746194908,0.9757614856414221,0.07412397687612957,9.924589879395093,45.37349281555719,2.853140078587282,1916872.4259472792,1969008.9170898087
944,0.21266939769347298,5.0392530665522575,0.21266939769347298,5.493319606851579,0.15551912825445838,4.588396912441297,0.15551912825445838,5.042463452740619,0.16632626017970314,7.040323702123219,0.1461372456866379,5.796358406954502,0.15205878135012343,5.216311948869492,0.15205878135012343,5.670359987144835,0.3783392624004063,0.8220176781543315,0.1872000012094836,0.9753711773592781,0.4843857589737628,0.037734886362914645,0.2753113824264249,4.21275394939468,35.22176471112495,2.445071625059587,1.351954002505823,153.44595086721458,88.69784523847486,1.049360609767673,0.09052751067367555,12.945807900749898,57.52404561522301,5.878824806100748,1242407.218311339,1712865.601856073
945,0.20762334935051774,5.2374240757915755,0.20762334935051774,5.581517258461031,0.1504730799115031,4.497607035842162,0.1504730799115031,4.841700218511617,0.16713119059454726,6.836712129621378,0.14601165081101888,5.563061279267521,0.14701273300716816,5.256672764604065,0.14701273300716816,5.600765947273521,0.2439464132498369,0.8009251603296369,0.2045048740741996,0.9392931288046804,0.862124503708916,0.03760663426658596,0.5884357952322876,4.677246751220336,31.416347529975486,3.0081822231449626,1.1974355955480676,159.42085231504868,53.58487575889171,1.0051655865163207,0.0665039089015102,4.982242202732283,40.1836010464444,14.348989218604462,1744466.5661155097,1676466.8621657172
946,0.21106927212716234,5.150708283752694,0.21106927212716234,5.8412595880276665,0.1539190026881477,4.3876697276076175,0.1539190026881477,5.078362500732985,0.16944865009651777,6.737786637242374,0.14800960700544447,5.623462790265905,0.15045865578381276,5.136864769079681,0.15045865578381276,5.827418639969525,0.30219407760948486,0.7461430445300691,0.15681574544192967,0.8214520311330453,0.7478025029349402,0.03180556660249716,0.24939990922228272,4.649780248449725,23.77658399172604,2.9034126544059777,0.7510352178552634,164.35512451176666,55.05966632882882,0.9963971498100349,0.10012267333941838,5.3498210511750495,42.21561644412088,4.066969695777084,880335.2816421501,2359886.984455703
947,0.20932027354299576,5.255678665959666,0.20932027354299576,5.7461044355701825,0.15217000410398113,4.566790951188201,0.15217000410398113,5.057216720798718,0.1662176104978911,6.884724860785324,0.14644479321060536,5.580659509883476,0.14870965719964618,4.516084410499607,0.14870965719964618,5.006510180110125,0.3771960491355139,0.7643433553815148,0.32638947121243095,0.8910601617868545,0.48322960305308427,0.03624176394428151,0.23164103893610727,4.32308521226058,35.133945136456234,3.8873958022694137,1.4525875085139377,158.47031942387812,59.704060110337814,0.8003316583386398,0.1051411876108328,4.206098517804719,60.7373096340362,26.19565577734788,1825529.8239875915,2133662.751532402
948,0.2156137731650128,5.259610169893932,0.2156137731650128,5.689668942796298,0.15846350372599818,4.537775367904952,0.15846350372599818,4.967834140807318,0.17063935653485088,7.875498638205094,0.1505633803374965,6.630653934114052,0.15500315682166324,5.443136928159847,0.15500315682166324,5.873195701062213,0.3772229291706548,0.7931488261054718,0.1553374744012858,0.8044470734099837,0.9942445716205321,0.04205285700417276,0.8586596089132184,4.188049244870473,24.727371251599994,1.0386573247108573,0.6881208721778389,163.54413702076565,60.1723865145096,1.04800959352172,0.08653909155502854,10.966324823879791,58.349110975581375,27.550271950761257,1590585.0291834418,1920210.0203663749
949,0.20787221121863397,5.57144913559438,0.20787221121863397,5.963953898198207,0.15072194177961934,4.810376356490309,0.15072194177961934,5.202881119094138,0.16460058047717546,7.805633428841216,0.14746568276445268,6.552884150023794,0.1472615948752844,4.991480696787639,0.1472615948752844,5.383985459391468,0.2721006348435909,0.7887488759911351,0.31256776084881743,0.8138578981888972,0.8481652155080406,0.04264876290220648,0.8091016094798198,3.832729377595836,28.77553039831023,2.042501765829517,0.5857033509474316,173.01056518269937,64.02468642265576,0.8565847446418974,0.0902387940729662,11.234675049042918,41.540396245963535,18.40136207469479,1951045.4805908506,1956988.3492121752
950,0.2047912509637027,4.720131214799428,0.2047912509637027,5.167169172359665,0.14764098152468808,4.08865847350819,0.14764098152468808,4.535696431068425,0.16553041619819978,7.0972224856298425,0.14558616399030022,5.937423326064139,0.14418063462035313,4.731648549111053,0.14418063462035313,5.178686506671287,0.1850672109447102,0.7575780317307091,0.26315417837449984,0.879560909071388,0.8195661124059423,0.03382481786945793,0.27549764242044683,4.577597638886342,34.14596443140582,1.2947660162955656,0.5582565742048298,140.45508138277202,49.99935593234253,1.0035081498222533,0.08059555762202864,11.81154231996439,48.61882189036605,8.582579498167513,1196944.7503755772,1678373.7713793118
951,0.21205863779581088,4.930718024226991,0.21205863779581088,5.740000558989333,0.15490836835679625,4.422086886995613,0.15490836835679625,5.231463722971968,0.17084967927240313,6.28495972518594,0.14857098466884955,5.5122901069194885,0.1514480214524613,4.235932310064845,0.1514480214524613,5.045343659466308,0.31886666647429807,0.7524063754761009,0.1561532328707574,0.8102592478786791,0.49595218808257613,0.04157147109229237,0.5862432954301193,4.795656435304954,29.9535566808926,1.4913507098301118,1.2517613898842104,152.00360129959088,79.13091788464979,0.8044849960174995,0.07030352251200081,3.442487457858026,104.51594911738009,14.704712508407523,1024505.1404230285,2752478.113903366
952,0.21099796300780593,4.842224454765466,0.21099796300780593,5.447143365773002,0.1538476935687913,4.358610617397071,0.1538476935687913,4.963529528404607,0.16990378765105313,7.250680159077897,0.14661803352505218,6.272439342708464,0.15038734666445636,4.804099390432066,0.15038734666445636,5.409018301439602,0.396326463320848,0.7346123074203482,0.21851049981824533,0.9476992976058793,0.8177449717994484,0.03852555117709853,0.44191411603347386,4.9678355508184415,35.49227640202233,2.247472515765801,1.8091497086306307,143.82779312843974,74.50167228039673,0.9886595213991003,0.07183230490538653,9.874143772871449,81.50306821204026,23.91957971161707,1393731.9257163857,2262076.608762892
953,0.20461564999948914,5.527397073457822,0.20461564999948914,6.206748095014836,0.14746538056047453,4.66163323085392,0.14746538056047453,5.341129419250028,0.1664209107042342,7.08531316119035,0.14525520419017007,6.178826344294406,0.1440050336561396,5.4425781058302825,0.1440050336561396,6.121944852990866,0.22914424658189958,0.7593184525452794,0.3243527391765687,0.9873206539788769,0.8896604536796806,0.04254229722575412,0.7918944425965899,4.831803354461879,26.930402701871582,2.5918422893845303,1.5331883403788809,177.54803654963908,53.71948041071866,0.9795656796912057,0.07696852099862166,6.063341350408667,42.904652302751806,6.944403971866989,1148823.3984194018,2441727.8251068136
954,0.20731157661944205,5.357365445509476,0.20731157661944205,5.727287457954279,0.15016130718042742,4.813681609471505,0.15016130718042742,5.183603621916309,0.16574077057442285,6.512379548550099,0.14671507119435734,5.408932389168405,0.14670096027609247,5.088499985153817,0.14670096027609247,5.458421997598622,0.29426165621735634,0.7831074159087532,0.37458713216659756,0.8061007828211065,0.38047888900298177,0.04013707437901829,0.9072996827069202,4.283100606068789,30.306574213092954,1.0134415494052753,1.754682667312437,167.5427868416163,89.59638638425126,0.9313448857262681,0.08260178428431551,5.744064006453927,91.73876039746935,6.485408476049397,1381797.6263840212,1571963.6819775833
955,0.2071011763609644,5.735381815843469,0.2071011763609644,5.968780371344381,0.1499509069219498,4.993106903073426,0.1499509069219498,5.226505458574341,0.1611690617488387,6.941376375624228,0.14585425340900202,5.683586898330608,0.14649056001761485,5.9746723827699615,0.14649056001761485,6.208070938270875,0.3406125646375824,0.7334886747551231,0.3633558379852895,0.8669351151861797,0.3688499810627703,0.03408450399740558,0.3881875228115139,3.4325035073813623,34.442697314845084,2.7366645754609884,1.818212419955881,174.49954842927605,68.23906525156812,1.058667135830637,0.08130301456343038,8.216746569843593,55.00254588300912,2.3929829449474327,2469354.056823106,1687099.6378292462
956,0.20826567758872833,5.037040303418254,0.20826567758872833,5.550974793874194,0.1511154081497137,4.514835927540247,0.1511154081497137,5.0287704179961885,0.16372650373964007,6.818400098375463,0.14609493609792057,5.706731550710154,0.14765506124537875,4.822110789588006,0.14765506124537875,5.336045280043947,0.21962133883128712,0.838782208888863,0.15017051010853577,0.9087628422979303,0.5442184050593963,0.037430349716325514,0.5663041236030679,3.888724049189936,30.897836379670878,3.9276915458451738,1.340952865174128,150.30516159365126,75.4779978956452,0.9388233380430206,0.07138084657974642,6.985678174510857,113.11872402705382,28.117997808512165,1840477.8784985295,2258870.247690271
957,0.2153662181419792,5.669934492212707,0.2153662181419792,6.158916495770734,0.15821594870296457,4.845441832940302,0.15821594870296457,5.3344238364983285,0.16986612326824307,7.4860720225411335,0.1491660133067454,6.120405068693631,0.15475560179862963,5.426544797740456,0.15475560179862963,5.915526801298483,0.34490709261472097,0.8248577694032286,0.11419470109757895,0.8316998370225971,0.41951138346203376,0.037807249745957304,0.533086470502022,4.306737188994697,28.69353737121149,3.9489855030956997,0.5471927960642609,179.43941283612813,61.42155771552174,0.9419706159174506,0.08780397990322758,11.054267280078,118.65157495057359,15.51880571256634,1651350.60952964,2098748.6519386764
958,0.20727891285532934,5.210807408379806,0.20727891285532934,5.813996712336349,0.1501286434163147,4.439571024306139,0.1501286434163147,5.042760328262683,0.16065754080356945,7.48324803611468,0.1458006213706561,6.492556197194664,0.14666829651197977,5.074045940636817,0.14666829651197977,5.67723524459336,0.3555522294535324,0.7092471416148791,0.3129028092121041,0.9476118674403994,0.8428594258354645,0.036767026906936034,0.33673329008870045,3.297311910397573,30.606737460582977,2.8053549011910572,1.0539383783787755,157.05416631726717,46.63721725355951,0.9627455714379194,0.08657159982235617,11.13613265258269,46.53813151369796,11.53676738014343,1946428.7110933417,2592567.915458668
959,0.2050265675955885,4.765436436077568,0.2050265675955885,5.42302264141636,0.14787629815657385,4.3072227946720965,0.14787629815657385,4.964809000010887,0.1655469202457851,6.279796014836596,0.14541710560139698,5.28676129079862,0.1444159512522389,4.873616910949531,0.1444159512522389,5.5312031162883235,0.2706996252089047,0.7418975587696314,0.39150286682412716,0.876312346286787,0.39725933505449,0.03994284874744636,0.9291401632034728,4.609812839174025,33.502209384648054,2.746294350839756,1.6500742140757683,140.6718356530272,74.83199254514614,1.0329007155784726,0.0990284356407288,3.424927887766157,58.86848589128972,25.105793789988233,1459483.8222954285,2474572.0647753794
960,0.20904658316616323,5.1253799056668,0.20904658316616323,5.753599703413563,0.1518963137271486,4.570731766351989,0.1518963137271486,5.198951564098753,0.16640790056833596,7.074434392110278,0.1455924040121502,5.848665658898808,0.14843596682281365,5.274096548241776,0.14843596682281365,5.902316345988541,0.2821594848725394,0.7836234092823866,0.16899968634361334,0.9603621504120406,0.7144667787056485,0.027679231880799227,0.8760177567702652,4.527691948434156,28.688330823554356,3.637639053210597,1.0203270359385341,153.77287690079334,74.1296267031379,1.0413755183540576,0.10925336091639964,6.069823331009854,60.8929973921801,24.242481668374044,1975751.3083989916,2699955.8089971947
961,0.2066268693133397,4.613344204676364,0.2066268693133397,5.229384652435785,0.14947659987432507,4.15930997810462,0.14947659987432507,4.775434604703439,0.16391513115342352,6.745468694327786,0.1450180386191507,5.680018522708568,0.14601625296999013,3.9771566278238817,0.14601625296999013,4.593315026012423,0.2562595775838364,0.8065899332495134,0.28748374797876863,0.9708854074326264,0.5570014087271233,0.03310921065650206,0.5260632915915161,4.218280326450397,27.72290837134402,2.313143234991779,0.7333104440276174,140.4968704274218,75.30342768899428,0.8063124872316862,0.09135244695430178,11.037525345891105,117.03444312009086,25.008830051167205,834104.1586743803,2068829.956051201
962,0.20961726607532405,4.903760710170599,0.20961726607532405,5.463904850388965,0.15246699663630942,4.379509882772612,0.15246699663630942,4.939654022990977,0.1623247630586829,6.142419541136588,0.1474690159640769,5.208360692969571,0.14900664973197447,4.6443010909217435,0.14900664973197447,5.204445231140108,0.3046808695442761,0.726513289094962,0.21063099332091156,0.8245857436968498,0.48164274406438456,0.0408044967252795,0.437201498516548,3.262478368358571,32.34815565932368,2.6967742743327774,1.3958424748591445,146.250877989927,71.16448900664813,0.9241012000133477,0.06485803744421677,2.978028235928775,109.97275173518554,8.87996072228873,1554220.886247808,2238190.0259723584
963,0.2070414833629165,5.116218493319874,0.2070414833629165,5.406477817052268,0.1498912139239019,4.378588583761003,0.1498912139239019,4.668847907493395,0.167864526497365,7.186785291644093,0.14577497681724966,5.819093061372616,0.14643086701956695,4.781221197349646,0.14643086701956695,5.071480521082038,0.23628288576878095,0.7901632408542816,0.24893012633892964,0.885795278331376,0.42866720022291405,0.03500218512942156,0.6139803727851179,4.949222363638935,28.66969860087981,1.0078664150246133,1.6324664867949596,151.262048432638,45.53468532655426,0.9052509336710292,0.1071614574261621,15.593664152764891,107.3108436365059,6.345703525528857,2266455.3784944145,1805109.046484037
964,0.2024292500905259,5.313071952326185,0.2024292500905259,6.013130685965521,0.1452789806515113,4.63813332391777,0.1452789806515113,5.338192057557106,0.1593096032694241,7.320443083532083,0.14415843188262903,6.504846541791859,0.14181863374717635,4.9953806338498,0.14181863374717635,5.695439367489136,0.15649545020738545,0.7361055226382361,0.36278032718682884,0.9442433089463755,0.5230993417723049,0.028554138142246374,0.9031165652785988,3.5549894821310835,35.70368777947805,3.432235540888719,1.31829028293435,161.20125259801438,64.6155303914094,0.9156858337268984,0.06688262722225329,14.392103437716862,44.65856095938966,20.578034413020987,1763945.2785050832,2752782.0488884766
965,0.20982085722013713,4.753668391293914,0.20982085722013713,5.173911678362932,0.1526705877811225,4.269978816925704,0.1526705877811225,4.690222103994723,0.16972188946026212,6.74714178943934,0.14739825454854824,5.606838101346502,0.14921024087678755,5.1020911283676575,0.14921024087678755,5.522334415436678,0.26258760573562817,0.7352955719898201,0.12134536601467563,0.8297440059926008,0.5375843616812699,0.03625965831516552,0.7698710316945567,4.894463550201579,33.74871807609322,2.1304040019023893,1.9203013630073946,141.57545587719093,72.20863180481906,1.105288789903984,0.07781281696193977,10.520133999145102,60.52360048172459,16.03330736518387,1256620.51032743,1630910.9022069054
966,0.2086129718578353,5.594916927136122,0.2086129718578353,6.2783026272312314,0.15146270241882068,4.870959733137097,0.15146270241882068,5.554345433232206,0.16316871305523528,8.002498820146643,0.14594378835281066,7.204822879709001,0.14800235551448573,4.840199138013283,0.14800235551448573,5.523584838108392,0.298914603419856,0.7719100771454505,0.23832308047559506,0.9235670937769014,0.7154048088173017,0.029270454711650046,0.5282780616194472,3.7786192626765462,34.86526229759782,2.0706931629022853,1.370553646647107,174.47459545918235,70.9227282741373,0.8149385325370666,0.062028624466388946,15.538838801684479,66.51785774974566,21.420948699326825,1632796.7973853305,2639899.6491002105
967,0.207327763322846,4.843679810017705,0.207327763322846,5.6593381798230515,0.15017749388383136,4.14774528850432,0.15017749388383136,4.963403658309666,0.16352600036597567,6.563254313937547,0.14575531901086203,5.7879458018384495,0.14671714697949642,4.199136557638712,0.14671714697949642,5.014794927444058,0.2729370400175559,0.768049973770382,0.26900748965311183,0.9108068714164423,0.4723860265583597,0.03721249352399423,0.8130127409374039,3.958010580471594,23.508981155448552,2.3422581896730765,1.3970943692704116,148.02855263952307,48.34367897565117,0.8137183018278149,0.08787856206959406,11.381712800740619,48.655085076598816,2.3572807684817576,1329853.2168976534,2990406.1886279285
968,0.20946698668425381,5.353447585054766,0.20946698668425381,5.936421702898557,0.1523167172452392,4.659691217397794,0.1523167172452392,5.242793959037847,0.16120474433280796,6.6076448426267325,0.14697361431488443,5.696864156894204,0.14885637034090426,5.694907984010491,0.14885637034090426,6.277818794424133,0.2371979444437075,0.8389426013301051,0.1509354806806922,0.8680861972811504,0.6654860175096786,0.03591018886022557,0.9761849447218103,3.112853745195454,30.163534077697136,2.2905514467114516,1.3268273464724016,171.43368542016177,72.15743367905387,1.0851975822235556,0.07194693539409576,4.544109988343145,84.21993503228886,11.743193013361665,830359.4719957587,1945175.6558374686
969,0.21704161774900602,5.639575795522902,0.21704161774900602,6.016955699807538,0.15989134830999138,4.8929483571063805,0.15989134830999138,5.270328261391018,0.16735252959638303,7.927117056048953,0.14927483972168587,6.561507429454408,0.15643100140565644,5.4007661430834695,0.15643100140565644,5.778146047368107,0.4072754540730919,0.8468477993319011,0.14218068901622372,0.8816538820402116,0.8473771921195901,0.03937528024065601,0.43648528417842986,3.6674208036980653,28.447452478419404,1.45458402753597,0.5025052561231309,172.60105702374506,65.63189350566499,0.9408067697687357,0.0988985241919957,10.379294075262802,115.77429939924183,9.051658257435166,2419633.135902151,2160276.150902379
970,0.20466213153514218,5.298963598051102,0.20466213153514218,5.856792075769293,0.14751186209612754,4.710064601525301,0.14751186209612754,5.267893079243493,0.16513132361003244,6.637653927865027,0.14479014976599,5.545011790303506,0.1440515151917926,4.730017222525835,0.1440515151917926,5.287845700244025,0.25398841428459873,0.7276083649641859,0.3408679174332161,0.9651948867311824,0.40199210178157035,0.04116706207255298,0.695186260949054,4.6477119966517755,26.462454464527994,2.0592419583818327,0.6222551222255428,165.51553931612438,81.12306197354528,0.8529394531423703,0.08221297996656939,7.615884855290155,118.57638188679594,6.4516967306123965,1478468.261645886,2242244.8291863794
971,0.2095830399863853,5.0810200009326385,0.2095830399863853,5.6351660680099815,0.15243277054737067,4.4426179472124945,0.15243277054737067,4.996764014289837,0.1684874398049251,7.601246788104747,0.14673331113254642,6.3935110976268135,0.14897242364303573,4.9869731918659665,0.14897242364303573,5.541119258943308,0.3172567457521841,0.8059106990315412,0.24836656285820002,0.9299574304091475,0.9949862710502211,0.03813417057974782,0.9101132672614622,4.721867077038806,26.371750976310043,1.1420569779918446,0.8941475881636534,149.88286154300627,58.29671525678244,0.973155476229415,0.1090453431739791,9.103466717570086,81.50457311776198,19.454271562793142,2345459.980235953,2687400.003303585
972,0.21336030017841442,5.417365228472368,0.21336030017841442,5.980773263833581,0.1562100307393998,4.663157873658718,0.1562100307393998,5.2265659090199295,0.1672738629561151,6.593401780194504,0.14729054872950414,5.635650025200822,0.15274968383506485,5.483344792882219,0.15274968383506485,6.046752828243432,0.3955107959687214,0.7921628601398911,0.20304950861312074,0.9012198481846793,0.5637602381493719,0.03035584112048588,0.4892866319132536,4.187971601038102,28.28859994425856,1.7579500380342798,1.499873790417673,167.77289294061296,59.91426883068989,1.0168248525105528,0.060600060140058525,4.553219582745102,71.85971451819695,1.6903117997879857,1786141.4812119014,2409386.348867275
973,0.20660352954896913,5.111979441272947,0.20660352954896913,5.77420606645952,0.1494532601099545,4.358207409177838,0.1494532601099545,5.020434034364412,0.16188110123232632,8.382993903359562,0.14624323147024285,7.440434335251002,0.14599291320561955,5.301841619552645,0.14599291320561955,5.964068244739218,0.2934727714615021,0.7002429228056387,0.27370466678293703,0.9167774124277289,0.9977787043095796,0.04068178232850223,0.7369579082284066,3.507182359013909,22.39745699414834,3.768079048345819,1.8425817994232654,158.1610203097614,50.17615777468778,1.051357351162232,0.09826380190903922,15.44223832124046,107.17827522551167,21.962164508983793,1560622.4182671416,2644936.3438634486
974,0.20825106665799442,4.881452278015673,0.20825106665799442,5.4739460766816475,0.1511007972189798,4.213344288246257,0.1511007972189798,4.805838086912232,0.16387856239101856,6.134534792153027,0.14692627074877412,5.142537600213839,0.14764045031464484,5.0299566570533685,0.14764045031464484,5.622450455719343,0.3602849867921378,0.7009810674318714,0.329712925083526,0.8058003832494689,0.40001250589429016,0.035488391871583244,0.8531467250032314,3.7813510208762726,26.618176430483608,3.0916121463738158,1.3836398756642336,146.67925277820277,50.999930294275615,1.0433145878414338,0.0804227398351255,3.650609004418512,44.99675100412871,11.4115113072034,1605239.6635987023,2416005.047923527
975,0.21067855815597508,5.0647730930375845,0.21067855815597508,5.746887182529991,0.15352828871696045,4.58186286427393,0.15352828871696045,5.263976953766337,0.16830927900248113,6.530543520393459,0.14612676660098645,5.388716776315626,0.1500679418126255,5.3598912435819805,0.1500679418126255,6.042005333074387,0.3298198552329922,0.8213128360259555,0.21134146769280243,0.9576644546742176,0.5893545645109457,0.037295385933658304,0.7263847007639086,4.741967433682077,24.90155725865997,1.6949885586676106,0.6139379335152169,157.20974723548716,87.80682310461353,1.080311930634678,0.10726093400384758,2.615327488096069,95.36147858795573,18.0099458377198,1309464.7959489073,2549002.4789931756
976,0.20566805578260366,5.153256532071719,0.20566805578260366,5.951923839409488,0.14851778634358903,4.369280535621131,0.14851778634358903,5.1679478429589,0.16546413657713774,7.494174389723093,0.1453418387812476,6.68425268332693,0.1450574394392541,4.78695666080863,0.1450574394392541,5.585623968146399,0.2579321117093108,0.7441591111186424,0.3199298812260104,0.9137147739905072,0.7057072064961321,0.03008920681213222,0.8047145220394547,4.563174114218509,22.166574461728636,2.5979824867287977,1.9109691860292892,161.96495869215985,49.70621637258348,0.9032436857381958,0.0915774017982948,13.801102705127901,47.67954231239919,12.30128149642158,1291444.3773903816,2929033.6737800958
977,0.2080035557058615,4.9703297469821175,0.2080035557058615,5.453884346368257,0.15085328626684685,4.38347058420033,0.15085328626684685,4.8670251835864695,0.16349383277487467,6.473434025687981,0.14652554053327987,5.456496011836773,0.1473929393625119,5.430482890468247,0.1473929393625119,5.914037489854388,0.31690133280442667,0.7173029280506028,0.2866919711304134,0.8444020936423342,0.48659343324413684,0.03478037382059092,0.8784866851852364,3.7782412934699594,33.16246103245114,1.4077804885854852,1.17705839857069,144.211177330986,60.13924175427246,1.1365108232590067,0.07628374408904011,6.016946748858772,90.07265126566287,21.201562682748598,2188853.8737529814,2327739.420402847
978,0.2112135360731995,5.4605247442186995,0.2112135360731995,5.969445561662157,0.15406326663418488,4.541456293688427,0.15406326663418488,5.050545536308506,0.1709753007442102,7.544992283110559,0.14824205988793546,6.449768902443521,0.15060291972984993,5.174573845249561,0.15060291972984993,5.683547678552599,0.3455937946595855,0.7299450616479538,0.21674391705738066,0.8084858701617019,0.5249974565865443,0.03911028210645281,0.7076323714034642,4.933316892517546,35.4449738459616,2.165052915544142,1.97081065900525,172.37804714328826,40.90570917908438,0.9290434325195884,0.08606089554941918,12.83104741844954,102.34707133929203,22.064038676997335,1107666.660526957,1810907.3001270683
979,0.20731063684920098,4.867827348696843,0.20731063684920098,5.728797105681456,0.15016036741018635,4.289958247595429,0.15016036741018635,5.151010499140079,0.1622330595631376,6.157280197912346,0.14554002602709554,5.500792157597508,0.1467000205058514,4.952098996032259,0.1467000205058514,5.813053128887561,0.20652612307649787,0.7656778015489223,0.100280892001295,0.9207504784828461,0.37967266593819476,0.03725932595514772,0.36978639890181847,3.714461691733015,26.246053871363625,2.7248146638818556,1.8193998257930402,150.1068412164186,67.32022256126277,1.0240139767641965,0.0779832688777023,2.9847491710946503,114.1692138357626,23.938210604840275,1071608.826934489,2970742.91318096
980,0.20640488956585376,5.090871260060294,0.20640488956585376,5.811297017308805,0.14925462012683913,4.311573799283784,0.14925462012683913,5.031999556532295,0.16530266435068755,7.850057662992523,0.1457703067121988,6.993206578045316,0.14579427322250418,5.634083727458615,0.14579427322250418,6.35445670045251,0.2435158995085243,0.7387897853907275,0.23960564249245858,0.9141713060189564,0.7989879194412934,0.03472577736916317,0.28982055198525175,4.3934916907155595,35.36948262291835,1.7434371066940122,1.8895504339400726,155.20177191471538,43.54827860384865,1.1497250497482285,0.10396645337104177,14.786174224311447,69.4310111767566,13.599083622193321,1298132.028025784,2566170.5940346625
981,0.21170552575919785,4.968316281771651,0.21170552575919785,5.390044006841773,0.15455525632018322,4.2547727809311775,0.15455525632018322,4.6765005060013,0.16462217120144146,6.472073595656713,0.1480232253356406,5.355479089044836,0.15109490941584827,4.913162896412153,0.15109490941584827,5.334890621482275,0.2951513123911973,0.8037672657243097,0.1666589060633823,0.8236593250751787,0.4320232453217997,0.03724335318557514,0.24700504853684635,3.5754053617140853,24.617974088622265,3.123051652240466,1.5591697887818385,147.87412526227232,45.7891775132287,0.9840432808459592,0.06565888242853467,7.526704079423536,66.19177877023708,14.985076625044858,2034089.4726536665,2133907.1125713224
982,0.2078554078186103,5.075193720323576,0.2078554078186103,5.661742571176623,0.15070513837959568,4.550602177109881,0.15070513837959568,5.137151027962927,0.16065936891304614,6.468357886659187,0.14676125934418377,5.523351577346299,0.14724479147526073,4.5089775136079115,0.14724479147526073,5.095526364460957,0.2628607263642627,0.8293498075816901,0.3123525798881669,0.8549297338430362,0.882450905966244,0.03333015958197198,0.27614058716386486,3.0940481234506123,23.723190526175852,2.001672783618736,1.109048735104303,149.61310630623285,74.35951767631725,0.8380890313659906,0.08858024077317105,3.8926943639762457,43.05388936742614,8.515323758500184,2459301.6307372916,2876003.616532566
983,0.20989529430464024,5.207607906666085,0.20989529430464024,5.639947995092447,0.1527450248656256,4.516029268911927,0.1527450248656256,4.94836935733829,0.16691611016805974,6.50369562957179,0.14671359290858127,5.329838245751657,0.14928467796129066,4.788705246812359,0.14928467796129066,5.221045335238722,0.29486146191097573,0.7743903134047487,0.18662838580403907,0.8853389834726242,0.6873493881703718,0.030027578100048656,0.8172871630277734,4.394405748786312,22.246940907068527,3.4512410146454795,1.89118942331553,157.62248642482018,58.62311536362919,0.8863004989387964,0.07501437839064903,2.5692054545201595,101.05653668689729,9.122178167411711,2200410.9718687916,2275452.8394918116
984,0.20811410451760548,5.379689690253159,0.20811410451760548,6.136607394246329,0.15096383507859087,4.750282984609113,0.15096383507859087,5.507200688602281,0.1603967278454655,6.6062642901237325,0.1454700058739424,5.925910310016096,0.14750348817425593,5.8146854698644175,0.14750348817425593,6.571539799836852,0.28632809700452044,0.7491759331487167,0.21639984556058284,0.9317548910899828,0.476928829151644,0.029515596988558487,0.33108126179724817,3.2879232674749383,34.643221220348416,1.0299943697784326,0.9662525566469529,167.56794762842765,77.49045324546033,1.1110438297155916,0.06387577899595533,6.614734740442294,108.34298670404802,11.839375924361251,1327228.6218029144,2707902.6126256636
985,0.20690335909306962,5.821554032035224,0.20690335909306962,6.045478976974446,0.14975308965405498,4.859886165487378,0.14975308965405498,5.0838111104266,0.15969421205009895,7.553000509941567,0.1456675121587663,6.247432471126231,0.14629274274972004,6.443741710666597,0.14629274274972004,6.667666655605818,0.39253195139463165,0.7064199980606404,0.35183630137488175,0.9802114582385214,0.8865679910782003,0.04198275274058785,0.4982024208694023,3.1160564276107854,31.310088873764016,3.716387753733984,1.480133805933808,179.11468442597817,41.63849622190029,1.148611982974588,0.06702797839611672,6.276823890463737,111.36486983576923,28.64740329790815,2473640.3810731415,1691013.247890502
986,0.2066678450794999,4.9814151283654615,0.2066678450794999,5.476645163982746,0.1495175756404853,4.224190833786952,0.1495175756404853,4.719420869404237,0.16601238726283793,6.5175692794859685,0.1461727643010253,5.545191908318723,0.14605722873615035,5.276776630400121,0.14605722873615035,5.772006666017407,0.2847240811554935,0.7472457722456842,0.3358506844759195,0.8510942279830616,0.5206392150919353,0.03765264302857145,0.9384024465692549,4.4758745854998025,34.00103905685145,1.9076396250699141,1.847221710448684,150.94400991716208,42.60285885115062,1.0837146796759376,0.07105780508825317,7.858357414463801,116.57205778540514,1.070877502221118,1297347.8856050824,1884134.2812994216
987,0.20731750410084604,5.579632731917072,0.20731750410084604,5.9948702639547635,0.1501672346618314,4.653895978965732,0.1501672346618314,5.0691335110034235,0.16879207042025693,8.159140809436106,0.14657248871387749,7.010623105941232,0.14670688775749646,6.043321470529095,0.14670688775749646,6.458559002566787,0.32279009076148957,0.73653349246073,0.33310646500442664,0.8721358728497753,0.8923307054289189,0.03674589708278926,0.6373428662177254,4.970754923676808,34.154501553205876,2.472483870806446,1.2858806982732327,173.33014986481038,41.00556051615451,1.1144500669299695,0.06151744905857484,12.934401310892431,68.45346278924009,25.748941171489335,1729716.0739872484,1865175.0874355223
988,0.20664948891475074,5.405056869307172,0.20664948891475074,6.124773651407509,0.14949921947573613,4.674140681308191,0.14949921947573613,5.393857463408527,0.1673030282733493,8.025115835776669,0.14588362640765054,6.98407668787485,0.1460388725714012,5.767509127441675,0.1460388725714012,6.48722590954201,0.2872816862075174,0.709943547919533,0.25395427417987576,0.9533769330878117,0.8918432252182782,0.04231004752247512,0.9692654047624574,4.7889625187038405,26.676040646247138,3.565027962568002,1.8525873493612477,167.3679698963507,62.59082191380104,1.0926492859285553,0.10860383944383259,12.241590815999777,62.18518531225855,5.61070403729253,1837099.962490976,2929168.3955910383
989,0.21362501279342336,4.856950445169757,0.21362501279342336,5.132238085312392,0.15647474335440872,4.297100131504307,0.15647474335440872,4.572387771646942,0.16394662656737893,6.24087915037875,0.14568827955229638,5.044775188650296,0.15301439645007378,5.089358772308233,0.15301439645007378,5.364646412450869,0.4229966524185167,0.7457219725704243,0.1300463214340214,0.9876832655852423,0.3971462645774406,0.027664106074154666,0.8435550255354785,3.7628877727828205,31.35160692956775,1.3628418540123353,1.8651938012583267,142.60302600055834,62.426164455919945,1.0697246846016975,0.06760181669892859,6.112445329025675,106.4218647431261,0.7197896424381744,1821110.191652865,1503869.003159739
990,0.20735810359932497,5.05599968037801,0.20735810359932497,5.545030673547918,0.15020783416031033,4.2989326700301405,0.15020783416031033,4.787963663200048,0.16723062851580667,7.990727120484596,0.14729227694397817,6.856424813105187,0.1467474872559754,4.54129801165443,0.1467474872559754,5.030329004824339,0.22325668672157112,0.7653591010410712,0.2122861615166555,0.8232714424391383,0.9817610881732521,0.041274156994706476,0.5319451651048972,4.47932423805649,34.92309219316591,1.1515133268358408,0.5027197053986656,150.95666142581726,42.58539993083221,0.8541296889915739,0.08156587300285328,14.020167333350638,81.21283131854133,10.631278460435718,1693565.3689916981,2064955.5308435012
991,0.2064616918828627,5.5011612834013555,0.2064616918828627,6.259194412911903,0.14931142244384807,4.7630285844087625,0.14931142244384807,5.52106171391931,0.1656278147142362,7.081436199476046,0.14669644069824722,6.261478218480146,0.14585107553951313,5.883672824776125,0.14585107553951313,6.641705954286674,0.2857396573622806,0.7471173312570911,0.3507455851827048,0.8456928634411887,0.9354510090293955,0.03966388559233832,0.8663890819485229,4.281557423079306,22.722180084022437,1.220358892996094,1.9665741079656054,174.59674245443767,68.80924305008406,1.0937285766404188,0.10484840845192364,5.484746271761044,110.8011521494468,2.89251551787447,1576338.2858274863,2946791.517655791
992,0.20843100220020072,5.646822170956332,0.20843100220020072,5.87148778527666,0.15128073276118612,4.74773446899949,0.15128073276118612,4.972400083319817,0.1606646070440872,7.071547601223246,0.14619814147605648,5.713981076002315,0.14782038585685117,5.98558724123512,0.14782038585685117,6.210252855555447,0.23746551720104228,0.785777522766576,0.1747629452950995,0.8569597912195477,0.3483782274677286,0.03004722749396455,0.40029010051719616,3.201691968149917,28.784714802501167,3.936770398341191,0.9333330375444981,174.53582986305656,46.01140066374806,1.0830381459868288,0.06155631622909625,9.666986065725947,82.30435158616139,28.29522571167518,2183181.292074086,1563311.104740621
993,0.21281520810975368,5.602084559156308,0.21281520810975368,6.021136947838217,0.15566493867073908,4.940838947706687,0.15566493867073908,5.359891336388594,0.16658064633518724,6.907000260923535,0.14883245914955018,5.73738863611877,0.15220459176640413,5.987134822573238,0.15220459176640413,6.406187211255146,0.32751535923874564,0.7697375336468668,0.15480231489397778,0.8109934414377156,0.522464991971933,0.040518752564804764,0.6949433110527226,3.7917108126697228,33.855067871592595,1.6736511740952622,0.6862350315999054,169.58672708767216,74.94064730272285,1.0971380053069992,0.069499520480818,4.350754758358611,95.74035894523789,21.407543486504558,2385904.252813982,2226651.9125456815
994,0.21222541285951546,5.468586038704366,0.21222541285951546,5.916338875357484,0.15507514342050083,4.671233943543786,0.15507514342050083,5.118986780196904,0.1618766665888586,7.239785803069589,0.14690413158226964,6.136311986691418,0.15161479651616588,5.2918512928051875,0.15161479651616588,5.7396041294583044,0.3119296881814294,0.810070061575052,0.13094038479700748,0.8904216410314284,0.37236916069107806,0.029700161741605342,0.33044965780806346,3.1766391008143398,23.324562620912605,3.4521241810429126,1.649812271251817,168.63375512896198,54.56788203790663,0.9551625357062391,0.07149716220788714,14.243091683858736,103.92836612144802,25.587791575958768,2176299.5170848835,2301162.9101531496
995,0.21301758139365348,5.156205448717468,0.21301758139365348,5.7455201642701414,0.15586731195463885,4.677992113550523,0.15586731195463885,5.2673068291031955,0.166758642740047,7.723528821526466,0.14724780366598178,6.502958322222234,0.1524069650503039,5.249651285255938,0.1524069650503039,5.838966000808611,0.42224262141288654,0.7598436252355693,0.21601676976738568,0.9099691496365355,0.5760159351890848,0.03514351391003012,0.720742917083754,4.0971707746212696,31.232264100698252,3.592606944321569,1.4627191205868766,151.87454113889058,83.12991948972464,1.0263231944797286,0.10956288645981767,15.638708899533489,109.03776805721785,4.367773055861007,2309293.2056469833,2732629.171010289
996,0.21132457814723818,5.470035317276577,0.21132457814723818,5.922036065760895,0.15417430870822357,4.749904329633827,0.15417430870822357,5.201905078118146,0.16537336062282879,7.344056679192226,0.1477523674211335,6.110297079456108,0.15071396180388863,4.9076059908579115,0.15071396180388863,5.359606739342231,0.3756670969415099,0.8293232756466762,0.32688983828710855,0.852157334110694,0.6304414329573302,0.03778299526569064,0.41430585261680597,3.7944328225438633,25.937231029615187,1.6708970685452564,0.9302316995670059,167.98451897780186,64.75836334910227,0.8567606595444563,0.1060154562228705,8.874412549983122,96.32583425414624,21.22161812052133,2164084.37182954,2278425.18977201
997,0.20680526372241798,5.327689193523362,0.20680526372241798,5.895344110242432,0.14965499428340334,4.659850689097053,0.14965499428340334,5.227629424389521,0.16764854211825683,7.528104685916503,0.1466807324232883,6.402823881536487,0.1461946473790684,4.927933651650546,0.1461946473790684,5.495662683834019,0.2182171227781486,0.7491508399324532,0.22814461382908605,0.811792673684537,0.6029798645960356,0.03872619507999303,0.6763260802748094,4.741787065100148,26.182111118622654,2.195845681356989,1.339673828731975,170.53155564341935,74.8030132632986,0.899729581453479,0.10148433656760131,15.017654323604654,47.11277073308836,4.200406864896874,970602.536143493,2003648.961874558
998,0.20846455726706817,4.9525120887470635,0.20846455726706817,5.246838026049161,0.15131428782805353,4.528268321151348,0.15131428782805353,4.822594258453445,0.15983830281139463,6.190924860393526,0.145859025380823,5.014932835092291,0.1478539409237186,4.2884470026589145,0.1478539409237186,4.5827729399610115,0.2786374433674078,0.7484628880458499,0.17693754613670634,0.9365199570127325,0.41258390262523376,0.04207465453604868,0.5356343429285708,3.0653602274244633,30.947653141813174,2.6937175916935754,1.8708912203232657,143.8985835306975,83.00976013494703,0.8025679098097084,0.07769623518581883,4.383918954618003,64.6755314121817,3.407079976960945,2220177.17252197,1776844.8469715205
999,0.20909422913781744,5.094518147932248,0.20909422913781744,5.5668525866345515,0.1519439596988028,4.64293413366551,0.1519439596988028,5.115268572367815,0.16276017460424283,7.009543933329164,0.14486474370003885,5.866378339439766,0.14848361279446787,4.394250664793098,0.14848361279446787,4.866585103495404,0.36046317749488466,0.8061158549388702,0.30469695625809656,0.9958110042659705,0.4185756665733386,0.028106452016499833,0.4173987455904635,3.8731943046567645,31.412271984460588,3.634503533766752,1.7271159551429593,153.18769702355695,88.39225292576985,0.8044293459395396,0.0792355413478395,13.638158387668549,99.13810532280556,9.49064490340347,1760963.5313877605,2081527.9069525064
